{
"type": "FeatureCollection",
"name": "traffic_signals",
"crs": { "type": "name", "properties": { "name": "urn:ogc:def:crs:OGC:1.3:CRS84" } },
"features": [
{ "type": "Feature", "properties": { "element": "node", "id": 11132289, "highway": "traffic_signals", "traffic_signals": null, "traffic_signals:direction": null, "button_operated": null, "check_date:tactile_paving": null, "crossing": null, "source": null, "tactile_paving": null, "traffic_signals:sound": null, "traffic_signals:vibration": null, "direction": null, "traffic_calming": null, "description": null, "man_made": null, "ele": null, "ele:DHHN92": null, "barrier": null, "note": null, "bicycle": null, "stop": null, "red_turn:right:bicycle": null, "red_turn:right": null, "old_name": null, "u": 987590162, "v": 583063207, "key": 0 }, "geometry": { "type": "Point", "coordinates": [ 7.1390485, 50.7105958 ] } },
{ "type": "Feature", "properties": { "element": "node", "id": 26372997, "highway": "traffic_signals", "traffic_signals": null, "traffic_signals:direction": null, "button_operated": null, "check_date:tactile_paving": null, "crossing": null, "source": null, "tactile_paving": null, "traffic_signals:sound": null, "traffic_signals:vibration": null, "direction": null, "traffic_calming": null, "description": null, "man_made": null, "ele": null, "ele:DHHN92": null, "barrier": null, "note": null, "bicycle": null, "stop": null, "red_turn:right:bicycle": null, "red_turn:right": null, "old_name": null, "u": 31497764, "v": 26372997, "key": 0 }, "geometry": { "type": "Point", "coordinates": [ 7.0678616, 50.7265555 ] } },
{ "type": "Feature", "properties": { "element": "node", "id": 26372997, "highway": "traffic_signals", "traffic_signals": null, "traffic_signals:direction": null, "button_operated": null, "check_date:tactile_paving": null, "crossing": null, "source": null, "tactile_paving": null, "traffic_signals:sound": null, "traffic_signals:vibration": null, "direction": null, "traffic_calming": null, "description": null, "man_made": null, "ele": null, "ele:DHHN92": null, "barrier": null, "note": null, "bicycle": null, "stop": null, "red_turn:right:bicycle": null, "red_turn:right": null, "old_name": null, "u": 26372997, "v": 48912664, "key": 0 }, "geometry": { "type": "Point", "coordinates": [ 7.0678616, 50.7265555 ] } },
{ "type": "Feature", "properties": { "element": "node", "id": 26372997, "highway": "traffic_signals", "traffic_signals": null, "traffic_signals:direction": null, "button_operated": null, "check_date:tactile_paving": null, "crossing": null, "source": null, "tactile_paving": null, "traffic_signals:sound": null, "traffic_signals:vibration": null, "direction": null, "traffic_calming": null, "description": null, "man_made": null, "ele": null, "ele:DHHN92": null, "barrier": null, "note": null, "bicycle": null, "stop": null, "red_turn:right:bicycle": null, "red_turn:right": null, "old_name": null, "u": 26372997, "v": 27177389, "key": 0 }, "geometry": { "type": "Point", "coordinates": [ 7.0678616, 50.7265555 ] } },
{ "type": "Feature", "properties": { "element": "node", "id": 26372997, "highway": "traffic_signals", "traffic_signals": null, "traffic_signals:direction": null, "button_operated": null, "check_date:tactile_paving": null, "crossing": null, "source": null, "tactile_paving": null, "traffic_signals:sound": null, "traffic_signals:vibration": null, "direction": null, "traffic_calming": null, "description": null, "man_made": null, "ele": null, "ele:DHHN92": null, "barrier": null, "note": null, "bicycle": null, "stop": null, "red_turn:right:bicycle": null, "red_turn:right": null, "old_name": null, "u": 48912664, "v": 26372997, "key": 0 }, "geometry": { "type": "Point", "coordinates": [ 7.0678616, 50.7265555 ] } },
{ "type": "Feature", "properties": { "element": "node", "id": 26372997, "highway": "traffic_signals", "traffic_signals": null, "traffic_signals:direction": null, "button_operated": null, "check_date:tactile_paving": null, "crossing": null, "source": null, "tactile_paving": null, "traffic_signals:sound": null, "traffic_signals:vibration": null, "direction": null, "traffic_calming": null, "description": null, "man_made": null, "ele": null, "ele:DHHN92": null, "barrier": null, "note": null, "bicycle": null, "stop": null, "red_turn:right:bicycle": null, "red_turn:right": null, "old_name": null, "u": 26372997, "v": 26373019, "key": 0 }, "geometry": { "type": "Point", "coordinates": [ 7.0678616, 50.7265555 ] } },
{ "type": "Feature", "properties": { "element": "node", "id": 26372997, "highway": "traffic_signals", "traffic_signals": null, "traffic_signals:direction": null, "button_operated": null, "check_date:tactile_paving": null, "crossing": null, "source": null, "tactile_paving": null, "traffic_signals:sound": null, "traffic_signals:vibration": null, "direction": null, "traffic_calming": null, "description": null, "man_made": null, "ele": null, "ele:DHHN92": null, "barrier": null, "note": null, "bicycle": null, "stop": null, "red_turn:right:bicycle": null, "red_turn:right": null, "old_name": null, "u": 26373019, "v": 26372997, "key": 0 }, "geometry": { "type": "Point", "coordinates": [ 7.0678616, 50.7265555 ] } },
{ "type": "Feature", "properties": { "element": "node", "id": 26373010, "highway": "traffic_signals", "traffic_signals": null, "traffic_signals:direction": null, "button_operated": null, "check_date:tactile_paving": null, "crossing": null, "source": null, "tactile_paving": null, "traffic_signals:sound": null, "traffic_signals:vibration": null, "direction": null, "traffic_calming": null, "description": null, "man_made": null, "ele": null, "ele:DHHN92": null, "barrier": null, "note": null, "bicycle": null, "stop": null, "red_turn:right:bicycle": null, "red_turn:right": null, "old_name": null, "u": 30926035, "v": 26373010, "key": 0 }, "geometry": { "type": "Point", "coordinates": [ 7.0805104, 50.7310683 ] } },
{ "type": "Feature", "properties": { "element": "node", "id": 26373010, "highway": "traffic_signals", "traffic_signals": null, "traffic_signals:direction": null, "button_operated": null, "check_date:tactile_paving": null, "crossing": null, "source": null, "tactile_paving": null, "traffic_signals:sound": null, "traffic_signals:vibration": null, "direction": null, "traffic_calming": null, "description": null, "man_made": null, "ele": null, "ele:DHHN92": null, "barrier": null, "note": null, "bicycle": null, "stop": null, "red_turn:right:bicycle": null, "red_turn:right": null, "old_name": null, "u": 38898900, "v": 26373010, "key": 0 }, "geometry": { "type": "Point", "coordinates": [ 7.0805104, 50.7310683 ] } },
{ "type": "Feature", "properties": { "element": "node", "id": 26373010, "highway": "traffic_signals", "traffic_signals": null, "traffic_signals:direction": null, "button_operated": null, "check_date:tactile_paving": null, "crossing": null, "source": null, "tactile_paving": null, "traffic_signals:sound": null, "traffic_signals:vibration": null, "direction": null, "traffic_calming": null, "description": null, "man_made": null, "ele": null, "ele:DHHN92": null, "barrier": null, "note": null, "bicycle": null, "stop": null, "red_turn:right:bicycle": null, "red_turn:right": null, "old_name": null, "u": 26373010, "v": 26373032, "key": 0 }, "geometry": { "type": "Point", "coordinates": [ 7.0805104, 50.7310683 ] } },
{ "type": "Feature", "properties": { "element": "node", "id": 26373010, "highway": "traffic_signals", "traffic_signals": null, "traffic_signals:direction": null, "button_operated": null, "check_date:tactile_paving": null, "crossing": null, "source": null, "tactile_paving": null, "traffic_signals:sound": null, "traffic_signals:vibration": null, "direction": null, "traffic_calming": null, "description": null, "man_made": null, "ele": null, "ele:DHHN92": null, "barrier": null, "note": null, "bicycle": null, "stop": null, "red_turn:right:bicycle": null, "red_turn:right": null, "old_name": null, "u": 26373010, "v": 26402267, "key": 0 }, "geometry": { "type": "Point", "coordinates": [ 7.0805104, 50.7310683 ] } },
{ "type": "Feature", "properties": { "element": "node", "id": 26373019, "highway": "traffic_signals", "traffic_signals": null, "traffic_signals:direction": null, "button_operated": null, "check_date:tactile_paving": null, "crossing": null, "source": null, "tactile_paving": null, "traffic_signals:sound": null, "traffic_signals:vibration": null, "direction": null, "traffic_calming": null, "description": null, "man_made": null, "ele": null, "ele:DHHN92": null, "barrier": null, "note": null, "bicycle": null, "stop": null, "red_turn:right:bicycle": null, "red_turn:right": null, "old_name": null, "u": 27177390, "v": 26373019, "key": 0 }, "geometry": { "type": "Point", "coordinates": [ 7.0677787, 50.7266423 ] } },
{ "type": "Feature", "properties": { "element": "node", "id": 26373019, "highway": "traffic_signals", "traffic_signals": null, "traffic_signals:direction": null, "button_operated": null, "check_date:tactile_paving": null, "crossing": null, "source": null, "tactile_paving": null, "traffic_signals:sound": null, "traffic_signals:vibration": null, "direction": null, "traffic_calming": null, "description": null, "man_made": null, "ele": null, "ele:DHHN92": null, "barrier": null, "note": null, "bicycle": null, "stop": null, "red_turn:right:bicycle": null, "red_turn:right": null, "old_name": null, "u": 26372997, "v": 26373019, "key": 0 }, "geometry": { "type": "Point", "coordinates": [ 7.0677787, 50.7266423 ] } },
{ "type": "Feature", "properties": { "element": "node", "id": 26373019, "highway": "traffic_signals", "traffic_signals": null, "traffic_signals:direction": null, "button_operated": null, "check_date:tactile_paving": null, "crossing": null, "source": null, "tactile_paving": null, "traffic_signals:sound": null, "traffic_signals:vibration": null, "direction": null, "traffic_calming": null, "description": null, "man_made": null, "ele": null, "ele:DHHN92": null, "barrier": null, "note": null, "bicycle": null, "stop": null, "red_turn:right:bicycle": null, "red_turn:right": null, "old_name": null, "u": 26373019, "v": 26372997, "key": 0 }, "geometry": { "type": "Point", "coordinates": [ 7.0677787, 50.7266423 ] } },
{ "type": "Feature", "properties": { "element": "node", "id": 26373019, "highway": "traffic_signals", "traffic_signals": null, "traffic_signals:direction": null, "button_operated": null, "check_date:tactile_paving": null, "crossing": null, "source": null, "tactile_paving": null, "traffic_signals:sound": null, "traffic_signals:vibration": null, "direction": null, "traffic_calming": null, "description": null, "man_made": null, "ele": null, "ele:DHHN92": null, "barrier": null, "note": null, "bicycle": null, "stop": null, "red_turn:right:bicycle": null, "red_turn:right": null, "old_name": null, "u": 26373019, "v": 10696979702, "key": 0 }, "geometry": { "type": "Point", "coordinates": [ 7.0677787, 50.7266423 ] } },
{ "type": "Feature", "properties": { "element": "node", "id": 26373019, "highway": "traffic_signals", "traffic_signals": null, "traffic_signals:direction": null, "button_operated": null, "check_date:tactile_paving": null, "crossing": null, "source": null, "tactile_paving": null, "traffic_signals:sound": null, "traffic_signals:vibration": null, "direction": null, "traffic_calming": null, "description": null, "man_made": null, "ele": null, "ele:DHHN92": null, "barrier": null, "note": null, "bicycle": null, "stop": null, "red_turn:right:bicycle": null, "red_turn:right": null, "old_name": null, "u": 10696979702, "v": 26373019, "key": 0 }, "geometry": { "type": "Point", "coordinates": [ 7.0677787, 50.7266423 ] } },
{ "type": "Feature", "properties": { "element": "node", "id": 26373019, "highway": "traffic_signals", "traffic_signals": null, "traffic_signals:direction": null, "button_operated": null, "check_date:tactile_paving": null, "crossing": null, "source": null, "tactile_paving": null, "traffic_signals:sound": null, "traffic_signals:vibration": null, "direction": null, "traffic_calming": null, "description": null, "man_made": null, "ele": null, "ele:DHHN92": null, "barrier": null, "note": null, "bicycle": null, "stop": null, "red_turn:right:bicycle": null, "red_turn:right": null, "old_name": null, "u": 26373019, "v": 31497765, "key": 0 }, "geometry": { "type": "Point", "coordinates": [ 7.0677787, 50.7266423 ] } },
{ "type": "Feature", "properties": { "element": "node", "id": 26373032, "highway": "traffic_signals", "traffic_signals": null, "traffic_signals:direction": null, "button_operated": null, "check_date:tactile_paving": null, "crossing": null, "source": null, "tactile_paving": null, "traffic_signals:sound": null, "traffic_signals:vibration": null, "direction": null, "traffic_calming": null, "description": null, "man_made": null, "ele": null, "ele:DHHN92": null, "barrier": null, "note": null, "bicycle": null, "stop": null, "red_turn:right:bicycle": null, "red_turn:right": null, "old_name": null, "u": 26373032, "v": 2132522405, "key": 0 }, "geometry": { "type": "Point", "coordinates": [ 7.080429, 50.731137 ] } },
{ "type": "Feature", "properties": { "element": "node", "id": 26373032, "highway": "traffic_signals", "traffic_signals": null, "traffic_signals:direction": null, "button_operated": null, "check_date:tactile_paving": null, "crossing": null, "source": null, "tactile_paving": null, "traffic_signals:sound": null, "traffic_signals:vibration": null, "direction": null, "traffic_calming": null, "description": null, "man_made": null, "ele": null, "ele:DHHN92": null, "barrier": null, "note": null, "bicycle": null, "stop": null, "red_turn:right:bicycle": null, "red_turn:right": null, "old_name": null, "u": 26373010, "v": 26373032, "key": 0 }, "geometry": { "type": "Point", "coordinates": [ 7.080429, 50.731137 ] } },
{ "type": "Feature", "properties": { "element": "node", "id": 26373032, "highway": "traffic_signals", "traffic_signals": null, "traffic_signals:direction": null, "button_operated": null, "check_date:tactile_paving": null, "crossing": null, "source": null, "tactile_paving": null, "traffic_signals:sound": null, "traffic_signals:vibration": null, "direction": null, "traffic_calming": null, "description": null, "man_made": null, "ele": null, "ele:DHHN92": null, "barrier": null, "note": null, "bicycle": null, "stop": null, "red_turn:right:bicycle": null, "red_turn:right": null, "old_name": null, "u": 26402247, "v": 26373032, "key": 0 }, "geometry": { "type": "Point", "coordinates": [ 7.080429, 50.731137 ] } },
{ "type": "Feature", "properties": { "element": "node", "id": 26402273, "highway": "traffic_signals", "traffic_signals": null, "traffic_signals:direction": null, "button_operated": null, "check_date:tactile_paving": null, "crossing": null, "source": null, "tactile_paving": null, "traffic_signals:sound": null, "traffic_signals:vibration": null, "direction": null, "traffic_calming": null, "description": null, "man_made": null, "ele": null, "ele:DHHN92": null, "barrier": null, "note": null, "bicycle": null, "stop": null, "red_turn:right:bicycle": null, "red_turn:right": null, "old_name": null, "u": 26402273, "v": 29830632, "key": 0 }, "geometry": { "type": "Point", "coordinates": [ 7.0867131, 50.7337695 ] } },
{ "type": "Feature", "properties": { "element": "node", "id": 26402273, "highway": "traffic_signals", "traffic_signals": null, "traffic_signals:direction": null, "button_operated": null, "check_date:tactile_paving": null, "crossing": null, "source": null, "tactile_paving": null, "traffic_signals:sound": null, "traffic_signals:vibration": null, "direction": null, "traffic_calming": null, "description": null, "man_made": null, "ele": null, "ele:DHHN92": null, "barrier": null, "note": null, "bicycle": null, "stop": null, "red_turn:right:bicycle": null, "red_turn:right": null, "old_name": null, "u": 29830632, "v": 26402273, "key": 0 }, "geometry": { "type": "Point", "coordinates": [ 7.0867131, 50.7337695 ] } },
{ "type": "Feature", "properties": { "element": "node", "id": 26402273, "highway": "traffic_signals", "traffic_signals": null, "traffic_signals:direction": null, "button_operated": null, "check_date:tactile_paving": null, "crossing": null, "source": null, "tactile_paving": null, "traffic_signals:sound": null, "traffic_signals:vibration": null, "direction": null, "traffic_calming": null, "description": null, "man_made": null, "ele": null, "ele:DHHN92": null, "barrier": null, "note": null, "bicycle": null, "stop": null, "red_turn:right:bicycle": null, "red_turn:right": null, "old_name": null, "u": 1003650708, "v": 26402273, "key": 0 }, "geometry": { "type": "Point", "coordinates": [ 7.0867131, 50.7337695 ] } },
{ "type": "Feature", "properties": { "element": "node", "id": 26402273, "highway": "traffic_signals", "traffic_signals": null, "traffic_signals:direction": null, "button_operated": null, "check_date:tactile_paving": null, "crossing": null, "source": null, "tactile_paving": null, "traffic_signals:sound": null, "traffic_signals:vibration": null, "direction": null, "traffic_calming": null, "description": null, "man_made": null, "ele": null, "ele:DHHN92": null, "barrier": null, "note": null, "bicycle": null, "stop": null, "red_turn:right:bicycle": null, "red_turn:right": null, "old_name": null, "u": 26402273, "v": 2132522412, "key": 0 }, "geometry": { "type": "Point", "coordinates": [ 7.0867131, 50.7337695 ] } },
{ "type": "Feature", "properties": { "element": "node", "id": 26402273, "highway": "traffic_signals", "traffic_signals": null, "traffic_signals:direction": null, "button_operated": null, "check_date:tactile_paving": null, "crossing": null, "source": null, "tactile_paving": null, "traffic_signals:sound": null, "traffic_signals:vibration": null, "direction": null, "traffic_calming": null, "description": null, "man_made": null, "ele": null, "ele:DHHN92": null, "barrier": null, "note": null, "bicycle": null, "stop": null, "red_turn:right:bicycle": null, "red_turn:right": null, "old_name": null, "u": 2132522412, "v": 26402273, "key": 0 }, "geometry": { "type": "Point", "coordinates": [ 7.0867131, 50.7337695 ] } },
{ "type": "Feature", "properties": { "element": "node", "id": 26402273, "highway": "traffic_signals", "traffic_signals": null, "traffic_signals:direction": null, "button_operated": null, "check_date:tactile_paving": null, "crossing": null, "source": null, "tactile_paving": null, "traffic_signals:sound": null, "traffic_signals:vibration": null, "direction": null, "traffic_calming": null, "description": null, "man_made": null, "ele": null, "ele:DHHN92": null, "barrier": null, "note": null, "bicycle": null, "stop": null, "red_turn:right:bicycle": null, "red_turn:right": null, "old_name": null, "u": 26402273, "v": 1811100008, "key": 0 }, "geometry": { "type": "Point", "coordinates": [ 7.0867131, 50.7337695 ] } },
{ "type": "Feature", "properties": { "element": "node", "id": 26408276, "highway": "traffic_signals", "traffic_signals": null, "traffic_signals:direction": null, "button_operated": null, "check_date:tactile_paving": null, "crossing": null, "source": null, "tactile_paving": null, "traffic_signals:sound": null, "traffic_signals:vibration": null, "direction": null, "traffic_calming": null, "description": null, "man_made": null, "ele": null, "ele:DHHN92": null, "barrier": null, "note": null, "bicycle": null, "stop": null, "red_turn:right:bicycle": null, "red_turn:right": null, "old_name": null, "u": 1384942073, "v": 26408276, "key": 0 }, "geometry": { "type": "Point", "coordinates": [ 7.0627961, 50.7590553 ] } },
{ "type": "Feature", "properties": { "element": "node", "id": 26408276, "highway": "traffic_signals", "traffic_signals": null, "traffic_signals:direction": null, "button_operated": null, "check_date:tactile_paving": null, "crossing": null, "source": null, "tactile_paving": null, "traffic_signals:sound": null, "traffic_signals:vibration": null, "direction": null, "traffic_calming": null, "description": null, "man_made": null, "ele": null, "ele:DHHN92": null, "barrier": null, "note": null, "bicycle": null, "stop": null, "red_turn:right:bicycle": null, "red_turn:right": null, "old_name": null, "u": 166756981, "v": 26408276, "key": 0 }, "geometry": { "type": "Point", "coordinates": [ 7.0627961, 50.7590553 ] } },
{ "type": "Feature", "properties": { "element": "node", "id": 26408276, "highway": "traffic_signals", "traffic_signals": null, "traffic_signals:direction": null, "button_operated": null, "check_date:tactile_paving": null, "crossing": null, "source": null, "tactile_paving": null, "traffic_signals:sound": null, "traffic_signals:vibration": null, "direction": null, "traffic_calming": null, "description": null, "man_made": null, "ele": null, "ele:DHHN92": null, "barrier": null, "note": null, "bicycle": null, "stop": null, "red_turn:right:bicycle": null, "red_turn:right": null, "old_name": null, "u": 26408276, "v": 166756981, "key": 0 }, "geometry": { "type": "Point", "coordinates": [ 7.0627961, 50.7590553 ] } },
{ "type": "Feature", "properties": { "element": "node", "id": 26408276, "highway": "traffic_signals", "traffic_signals": null, "traffic_signals:direction": null, "button_operated": null, "check_date:tactile_paving": null, "crossing": null, "source": null, "tactile_paving": null, "traffic_signals:sound": null, "traffic_signals:vibration": null, "direction": null, "traffic_calming": null, "description": null, "man_made": null, "ele": null, "ele:DHHN92": null, "barrier": null, "note": null, "bicycle": null, "stop": null, "red_turn:right:bicycle": null, "red_turn:right": null, "old_name": null, "u": 2126030982, "v": 26408276, "key": 0 }, "geometry": { "type": "Point", "coordinates": [ 7.0627961, 50.7590553 ] } },
{ "type": "Feature", "properties": { "element": "node", "id": 26408276, "highway": "traffic_signals", "traffic_signals": null, "traffic_signals:direction": null, "button_operated": null, "check_date:tactile_paving": null, "crossing": null, "source": null, "tactile_paving": null, "traffic_signals:sound": null, "traffic_signals:vibration": null, "direction": null, "traffic_calming": null, "description": null, "man_made": null, "ele": null, "ele:DHHN92": null, "barrier": null, "note": null, "bicycle": null, "stop": null, "red_turn:right:bicycle": null, "red_turn:right": null, "old_name": null, "u": 26408276, "v": 2126030982, "key": 0 }, "geometry": { "type": "Point", "coordinates": [ 7.0627961, 50.7590553 ] } },
{ "type": "Feature", "properties": { "element": "node", "id": 26408276, "highway": "traffic_signals", "traffic_signals": null, "traffic_signals:direction": null, "button_operated": null, "check_date:tactile_paving": null, "crossing": null, "source": null, "tactile_paving": null, "traffic_signals:sound": null, "traffic_signals:vibration": null, "direction": null, "traffic_calming": null, "description": null, "man_made": null, "ele": null, "ele:DHHN92": null, "barrier": null, "note": null, "bicycle": null, "stop": null, "red_turn:right:bicycle": null, "red_turn:right": null, "old_name": null, "u": 304581810, "v": 26408276, "key": 0 }, "geometry": { "type": "Point", "coordinates": [ 7.0627961, 50.7590553 ] } },
{ "type": "Feature", "properties": { "element": "node", "id": 26408276, "highway": "traffic_signals", "traffic_signals": null, "traffic_signals:direction": null, "button_operated": null, "check_date:tactile_paving": null, "crossing": null, "source": null, "tactile_paving": null, "traffic_signals:sound": null, "traffic_signals:vibration": null, "direction": null, "traffic_calming": null, "description": null, "man_made": null, "ele": null, "ele:DHHN92": null, "barrier": null, "note": null, "bicycle": null, "stop": null, "red_turn:right:bicycle": null, "red_turn:right": null, "old_name": null, "u": 26408276, "v": 304581810, "key": 0 }, "geometry": { "type": "Point", "coordinates": [ 7.0627961, 50.7590553 ] } },
{ "type": "Feature", "properties": { "element": "node", "id": 26408277, "highway": "traffic_signals", "traffic_signals": null, "traffic_signals:direction": null, "button_operated": null, "check_date:tactile_paving": null, "crossing": null, "source": null, "tactile_paving": null, "traffic_signals:sound": null, "traffic_signals:vibration": null, "direction": null, "traffic_calming": null, "description": null, "man_made": null, "ele": null, "ele:DHHN92": null, "barrier": null, "note": null, "bicycle": null, "stop": null, "red_turn:right:bicycle": null, "red_turn:right": null, "old_name": null, "u": 538858098, "v": 26408277, "key": 0 }, "geometry": { "type": "Point", "coordinates": [ 7.0684206, 50.7557816 ] } },
{ "type": "Feature", "properties": { "element": "node", "id": 26408277, "highway": "traffic_signals", "traffic_signals": null, "traffic_signals:direction": null, "button_operated": null, "check_date:tactile_paving": null, "crossing": null, "source": null, "tactile_paving": null, "traffic_signals:sound": null, "traffic_signals:vibration": null, "direction": null, "traffic_calming": null, "description": null, "man_made": null, "ele": null, "ele:DHHN92": null, "barrier": null, "note": null, "bicycle": null, "stop": null, "red_turn:right:bicycle": null, "red_turn:right": null, "old_name": null, "u": 26408277, "v": 538858098, "key": 0 }, "geometry": { "type": "Point", "coordinates": [ 7.0684206, 50.7557816 ] } },
{ "type": "Feature", "properties": { "element": "node", "id": 26408277, "highway": "traffic_signals", "traffic_signals": null, "traffic_signals:direction": null, "button_operated": null, "check_date:tactile_paving": null, "crossing": null, "source": null, "tactile_paving": null, "traffic_signals:sound": null, "traffic_signals:vibration": null, "direction": null, "traffic_calming": null, "description": null, "man_made": null, "ele": null, "ele:DHHN92": null, "barrier": null, "note": null, "bicycle": null, "stop": null, "red_turn:right:bicycle": null, "red_turn:right": null, "old_name": null, "u": 26408277, "v": 538858093, "key": 0 }, "geometry": { "type": "Point", "coordinates": [ 7.0684206, 50.7557816 ] } },
{ "type": "Feature", "properties": { "element": "node", "id": 26408277, "highway": "traffic_signals", "traffic_signals": null, "traffic_signals:direction": null, "button_operated": null, "check_date:tactile_paving": null, "crossing": null, "source": null, "tactile_paving": null, "traffic_signals:sound": null, "traffic_signals:vibration": null, "direction": null, "traffic_calming": null, "description": null, "man_made": null, "ele": null, "ele:DHHN92": null, "barrier": null, "note": null, "bicycle": null, "stop": null, "red_turn:right:bicycle": null, "red_turn:right": null, "old_name": null, "u": 538858093, "v": 26408277, "key": 0 }, "geometry": { "type": "Point", "coordinates": [ 7.0684206, 50.7557816 ] } },
{ "type": "Feature", "properties": { "element": "node", "id": 26408277, "highway": "traffic_signals", "traffic_signals": null, "traffic_signals:direction": null, "button_operated": null, "check_date:tactile_paving": null, "crossing": null, "source": null, "tactile_paving": null, "traffic_signals:sound": null, "traffic_signals:vibration": null, "direction": null, "traffic_calming": null, "description": null, "man_made": null, "ele": null, "ele:DHHN92": null, "barrier": null, "note": null, "bicycle": null, "stop": null, "red_turn:right:bicycle": null, "red_turn:right": null, "old_name": null, "u": 4286110179, "v": 26408277, "key": 0 }, "geometry": { "type": "Point", "coordinates": [ 7.0684206, 50.7557816 ] } },
{ "type": "Feature", "properties": { "element": "node", "id": 26408277, "highway": "traffic_signals", "traffic_signals": null, "traffic_signals:direction": null, "button_operated": null, "check_date:tactile_paving": null, "crossing": null, "source": null, "tactile_paving": null, "traffic_signals:sound": null, "traffic_signals:vibration": null, "direction": null, "traffic_calming": null, "description": null, "man_made": null, "ele": null, "ele:DHHN92": null, "barrier": null, "note": null, "bicycle": null, "stop": null, "red_turn:right:bicycle": null, "red_turn:right": null, "old_name": null, "u": 26408277, "v": 4286110179, "key": 0 }, "geometry": { "type": "Point", "coordinates": [ 7.0684206, 50.7557816 ] } },
{ "type": "Feature", "properties": { "element": "node", "id": 26408279, "highway": "traffic_signals", "traffic_signals": null, "traffic_signals:direction": null, "button_operated": null, "check_date:tactile_paving": null, "crossing": null, "source": null, "tactile_paving": null, "traffic_signals:sound": null, "traffic_signals:vibration": null, "direction": null, "traffic_calming": null, "description": null, "man_made": null, "ele": null, "ele:DHHN92": null, "barrier": null, "note": null, "bicycle": null, "stop": null, "red_turn:right:bicycle": null, "red_turn:right": null, "old_name": null, "u": 26408279, "v": 538859596, "key": 0 }, "geometry": { "type": "Point", "coordinates": [ 7.0769087, 50.750825 ] } },
{ "type": "Feature", "properties": { "element": "node", "id": 26408279, "highway": "traffic_signals", "traffic_signals": null, "traffic_signals:direction": null, "button_operated": null, "check_date:tactile_paving": null, "crossing": null, "source": null, "tactile_paving": null, "traffic_signals:sound": null, "traffic_signals:vibration": null, "direction": null, "traffic_calming": null, "description": null, "man_made": null, "ele": null, "ele:DHHN92": null, "barrier": null, "note": null, "bicycle": null, "stop": null, "red_turn:right:bicycle": null, "red_turn:right": null, "old_name": null, "u": 538859596, "v": 26408279, "key": 0 }, "geometry": { "type": "Point", "coordinates": [ 7.0769087, 50.750825 ] } },
{ "type": "Feature", "properties": { "element": "node", "id": 26408279, "highway": "traffic_signals", "traffic_signals": null, "traffic_signals:direction": null, "button_operated": null, "check_date:tactile_paving": null, "crossing": null, "source": null, "tactile_paving": null, "traffic_signals:sound": null, "traffic_signals:vibration": null, "direction": null, "traffic_calming": null, "description": null, "man_made": null, "ele": null, "ele:DHHN92": null, "barrier": null, "note": null, "bicycle": null, "stop": null, "red_turn:right:bicycle": null, "red_turn:right": null, "old_name": null, "u": 26408279, "v": 538859595, "key": 0 }, "geometry": { "type": "Point", "coordinates": [ 7.0769087, 50.750825 ] } },
{ "type": "Feature", "properties": { "element": "node", "id": 26408279, "highway": "traffic_signals", "traffic_signals": null, "traffic_signals:direction": null, "button_operated": null, "check_date:tactile_paving": null, "crossing": null, "source": null, "tactile_paving": null, "traffic_signals:sound": null, "traffic_signals:vibration": null, "direction": null, "traffic_calming": null, "description": null, "man_made": null, "ele": null, "ele:DHHN92": null, "barrier": null, "note": null, "bicycle": null, "stop": null, "red_turn:right:bicycle": null, "red_turn:right": null, "old_name": null, "u": 538859595, "v": 26408279, "key": 0 }, "geometry": { "type": "Point", "coordinates": [ 7.0769087, 50.750825 ] } },
{ "type": "Feature", "properties": { "element": "node", "id": 26408279, "highway": "traffic_signals", "traffic_signals": null, "traffic_signals:direction": null, "button_operated": null, "check_date:tactile_paving": null, "crossing": null, "source": null, "tactile_paving": null, "traffic_signals:sound": null, "traffic_signals:vibration": null, "direction": null, "traffic_calming": null, "description": null, "man_made": null, "ele": null, "ele:DHHN92": null, "barrier": null, "note": null, "bicycle": null, "stop": null, "red_turn:right:bicycle": null, "red_turn:right": null, "old_name": null, "u": 2133045565, "v": 26408279, "key": 0 }, "geometry": { "type": "Point", "coordinates": [ 7.0769087, 50.750825 ] } },
{ "type": "Feature", "properties": { "element": "node", "id": 26408279, "highway": "traffic_signals", "traffic_signals": null, "traffic_signals:direction": null, "button_operated": null, "check_date:tactile_paving": null, "crossing": null, "source": null, "tactile_paving": null, "traffic_signals:sound": null, "traffic_signals:vibration": null, "direction": null, "traffic_calming": null, "description": null, "man_made": null, "ele": null, "ele:DHHN92": null, "barrier": null, "note": null, "bicycle": null, "stop": null, "red_turn:right:bicycle": null, "red_turn:right": null, "old_name": null, "u": 26408279, "v": 2133045565, "key": 0 }, "geometry": { "type": "Point", "coordinates": [ 7.0769087, 50.750825 ] } },
{ "type": "Feature", "properties": { "element": "node", "id": 26408279, "highway": "traffic_signals", "traffic_signals": null, "traffic_signals:direction": null, "button_operated": null, "check_date:tactile_paving": null, "crossing": null, "source": null, "tactile_paving": null, "traffic_signals:sound": null, "traffic_signals:vibration": null, "direction": null, "traffic_calming": null, "description": null, "man_made": null, "ele": null, "ele:DHHN92": null, "barrier": null, "note": null, "bicycle": null, "stop": null, "red_turn:right:bicycle": null, "red_turn:right": null, "old_name": null, "u": 538859601, "v": 26408279, "key": 0 }, "geometry": { "type": "Point", "coordinates": [ 7.0769087, 50.750825 ] } },
{ "type": "Feature", "properties": { "element": "node", "id": 26408279, "highway": "traffic_signals", "traffic_signals": null, "traffic_signals:direction": null, "button_operated": null, "check_date:tactile_paving": null, "crossing": null, "source": null, "tactile_paving": null, "traffic_signals:sound": null, "traffic_signals:vibration": null, "direction": null, "traffic_calming": null, "description": null, "man_made": null, "ele": null, "ele:DHHN92": null, "barrier": null, "note": null, "bicycle": null, "stop": null, "red_turn:right:bicycle": null, "red_turn:right": null, "old_name": null, "u": 26408279, "v": 538859601, "key": 0 }, "geometry": { "type": "Point", "coordinates": [ 7.0769087, 50.750825 ] } },
{ "type": "Feature", "properties": { "element": "node", "id": 26474348, "highway": "traffic_signals", "traffic_signals": null, "traffic_signals:direction": null, "button_operated": null, "check_date:tactile_paving": null, "crossing": null, "source": null, "tactile_paving": null, "traffic_signals:sound": null, "traffic_signals:vibration": null, "direction": null, "traffic_calming": null, "description": null, "man_made": null, "ele": null, "ele:DHHN92": null, "barrier": null, "note": null, "bicycle": null, "stop": null, "red_turn:right:bicycle": null, "red_turn:right": null, "old_name": null, "u": 30413871, "v": 26474348, "key": 0 }, "geometry": { "type": "Point", "coordinates": [ 7.1017919, 50.7398916 ] } },
{ "type": "Feature", "properties": { "element": "node", "id": 26474348, "highway": "traffic_signals", "traffic_signals": null, "traffic_signals:direction": null, "button_operated": null, "check_date:tactile_paving": null, "crossing": null, "source": null, "tactile_paving": null, "traffic_signals:sound": null, "traffic_signals:vibration": null, "direction": null, "traffic_calming": null, "description": null, "man_made": null, "ele": null, "ele:DHHN92": null, "barrier": null, "note": null, "bicycle": null, "stop": null, "red_turn:right:bicycle": null, "red_turn:right": null, "old_name": null, "u": 26474348, "v": 30413871, "key": 0 }, "geometry": { "type": "Point", "coordinates": [ 7.1017919, 50.7398916 ] } },
{ "type": "Feature", "properties": { "element": "node", "id": 26474348, "highway": "traffic_signals", "traffic_signals": null, "traffic_signals:direction": null, "button_operated": null, "check_date:tactile_paving": null, "crossing": null, "source": null, "tactile_paving": null, "traffic_signals:sound": null, "traffic_signals:vibration": null, "direction": null, "traffic_calming": null, "description": null, "man_made": null, "ele": null, "ele:DHHN92": null, "barrier": null, "note": null, "bicycle": null, "stop": null, "red_turn:right:bicycle": null, "red_turn:right": null, "old_name": null, "u": 26474348, "v": 30408436, "key": 0 }, "geometry": { "type": "Point", "coordinates": [ 7.1017919, 50.7398916 ] } },
{ "type": "Feature", "properties": { "element": "node", "id": 26474348, "highway": "traffic_signals", "traffic_signals": null, "traffic_signals:direction": null, "button_operated": null, "check_date:tactile_paving": null, "crossing": null, "source": null, "tactile_paving": null, "traffic_signals:sound": null, "traffic_signals:vibration": null, "direction": null, "traffic_calming": null, "description": null, "man_made": null, "ele": null, "ele:DHHN92": null, "barrier": null, "note": null, "bicycle": null, "stop": null, "red_turn:right:bicycle": null, "red_turn:right": null, "old_name": null, "u": 26474348, "v": 311788485, "key": 0 }, "geometry": { "type": "Point", "coordinates": [ 7.1017919, 50.7398916 ] } },
{ "type": "Feature", "properties": { "element": "node", "id": 26474348, "highway": "traffic_signals", "traffic_signals": null, "traffic_signals:direction": null, "button_operated": null, "check_date:tactile_paving": null, "crossing": null, "source": null, "tactile_paving": null, "traffic_signals:sound": null, "traffic_signals:vibration": null, "direction": null, "traffic_calming": null, "description": null, "man_made": null, "ele": null, "ele:DHHN92": null, "barrier": null, "note": null, "bicycle": null, "stop": null, "red_turn:right:bicycle": null, "red_turn:right": null, "old_name": null, "u": 311788485, "v": 26474348, "key": 0 }, "geometry": { "type": "Point", "coordinates": [ 7.1017919, 50.7398916 ] } },
{ "type": "Feature", "properties": { "element": "node", "id": 26474348, "highway": "traffic_signals", "traffic_signals": null, "traffic_signals:direction": null, "button_operated": null, "check_date:tactile_paving": null, "crossing": null, "source": null, "tactile_paving": null, "traffic_signals:sound": null, "traffic_signals:vibration": null, "direction": null, "traffic_calming": null, "description": null, "man_made": null, "ele": null, "ele:DHHN92": null, "barrier": null, "note": null, "bicycle": null, "stop": null, "red_turn:right:bicycle": null, "red_turn:right": null, "old_name": null, "u": 27411475, "v": 26474348, "key": 0 }, "geometry": { "type": "Point", "coordinates": [ 7.1017919, 50.7398916 ] } },
{ "type": "Feature", "properties": { "element": "node", "id": 26474368, "highway": "traffic_signals", "traffic_signals": null, "traffic_signals:direction": null, "button_operated": null, "check_date:tactile_paving": null, "crossing": null, "source": null, "tactile_paving": null, "traffic_signals:sound": null, "traffic_signals:vibration": null, "direction": null, "traffic_calming": null, "description": null, "man_made": null, "ele": null, "ele:DHHN92": null, "barrier": null, "note": null, "bicycle": null, "stop": null, "red_turn:right:bicycle": null, "red_turn:right": null, "old_name": null, "u": 660658623, "v": 26474368, "key": 0 }, "geometry": { "type": "Point", "coordinates": [ 7.085842, 50.7454075 ] } },
{ "type": "Feature", "properties": { "element": "node", "id": 26474368, "highway": "traffic_signals", "traffic_signals": null, "traffic_signals:direction": null, "button_operated": null, "check_date:tactile_paving": null, "crossing": null, "source": null, "tactile_paving": null, "traffic_signals:sound": null, "traffic_signals:vibration": null, "direction": null, "traffic_calming": null, "description": null, "man_made": null, "ele": null, "ele:DHHN92": null, "barrier": null, "note": null, "bicycle": null, "stop": null, "red_turn:right:bicycle": null, "red_turn:right": null, "old_name": null, "u": 26474368, "v": 660658623, "key": 0 }, "geometry": { "type": "Point", "coordinates": [ 7.085842, 50.7454075 ] } },
{ "type": "Feature", "properties": { "element": "node", "id": 26474368, "highway": "traffic_signals", "traffic_signals": null, "traffic_signals:direction": null, "button_operated": null, "check_date:tactile_paving": null, "crossing": null, "source": null, "tactile_paving": null, "traffic_signals:sound": null, "traffic_signals:vibration": null, "direction": null, "traffic_calming": null, "description": null, "man_made": null, "ele": null, "ele:DHHN92": null, "barrier": null, "note": null, "bicycle": null, "stop": null, "red_turn:right:bicycle": null, "red_turn:right": null, "old_name": null, "u": 660658624, "v": 26474368, "key": 0 }, "geometry": { "type": "Point", "coordinates": [ 7.085842, 50.7454075 ] } },
{ "type": "Feature", "properties": { "element": "node", "id": 26474368, "highway": "traffic_signals", "traffic_signals": null, "traffic_signals:direction": null, "button_operated": null, "check_date:tactile_paving": null, "crossing": null, "source": null, "tactile_paving": null, "traffic_signals:sound": null, "traffic_signals:vibration": null, "direction": null, "traffic_calming": null, "description": null, "man_made": null, "ele": null, "ele:DHHN92": null, "barrier": null, "note": null, "bicycle": null, "stop": null, "red_turn:right:bicycle": null, "red_turn:right": null, "old_name": null, "u": 26474368, "v": 660658624, "key": 0 }, "geometry": { "type": "Point", "coordinates": [ 7.085842, 50.7454075 ] } },
{ "type": "Feature", "properties": { "element": "node", "id": 26474368, "highway": "traffic_signals", "traffic_signals": null, "traffic_signals:direction": null, "button_operated": null, "check_date:tactile_paving": null, "crossing": null, "source": null, "tactile_paving": null, "traffic_signals:sound": null, "traffic_signals:vibration": null, "direction": null, "traffic_calming": null, "description": null, "man_made": null, "ele": null, "ele:DHHN92": null, "barrier": null, "note": null, "bicycle": null, "stop": null, "red_turn:right:bicycle": null, "red_turn:right": null, "old_name": null, "u": 660658625, "v": 26474368, "key": 0 }, "geometry": { "type": "Point", "coordinates": [ 7.085842, 50.7454075 ] } },
{ "type": "Feature", "properties": { "element": "node", "id": 26474368, "highway": "traffic_signals", "traffic_signals": null, "traffic_signals:direction": null, "button_operated": null, "check_date:tactile_paving": null, "crossing": null, "source": null, "tactile_paving": null, "traffic_signals:sound": null, "traffic_signals:vibration": null, "direction": null, "traffic_calming": null, "description": null, "man_made": null, "ele": null, "ele:DHHN92": null, "barrier": null, "note": null, "bicycle": null, "stop": null, "red_turn:right:bicycle": null, "red_turn:right": null, "old_name": null, "u": 26474368, "v": 660658625, "key": 0 }, "geometry": { "type": "Point", "coordinates": [ 7.085842, 50.7454075 ] } },
{ "type": "Feature", "properties": { "element": "node", "id": 26508607, "highway": "traffic_signals", "traffic_signals": null, "traffic_signals:direction": null, "button_operated": null, "check_date:tactile_paving": null, "crossing": null, "source": null, "tactile_paving": null, "traffic_signals:sound": null, "traffic_signals:vibration": null, "direction": null, "traffic_calming": null, "description": null, "man_made": null, "ele": null, "ele:DHHN92": null, "barrier": null, "note": null, "bicycle": null, "stop": null, "red_turn:right:bicycle": null, "red_turn:right": null, "old_name": null, "u": 1071345102, "v": 26402314, "key": 0 }, "geometry": { "type": "Point", "coordinates": [ 7.1039322, 50.7372323 ] } },
{ "type": "Feature", "properties": { "element": "node", "id": 26508627, "highway": "traffic_signals", "traffic_signals": null, "traffic_signals:direction": null, "button_operated": null, "check_date:tactile_paving": null, "crossing": null, "source": null, "tactile_paving": null, "traffic_signals:sound": null, "traffic_signals:vibration": null, "direction": null, "traffic_calming": null, "description": null, "man_made": null, "ele": null, "ele:DHHN92": null, "barrier": null, "note": null, "bicycle": null, "stop": null, "red_turn:right:bicycle": null, "red_turn:right": null, "old_name": null, "u": 26508625, "v": 245551179, "key": 0 }, "geometry": { "type": "Point", "coordinates": [ 7.1205834, 50.7410492 ] } },
{ "type": "Feature", "properties": { "element": "node", "id": 26508673, "highway": "traffic_signals", "traffic_signals": null, "traffic_signals:direction": null, "button_operated": null, "check_date:tactile_paving": null, "crossing": null, "source": null, "tactile_paving": null, "traffic_signals:sound": null, "traffic_signals:vibration": null, "direction": null, "traffic_calming": null, "description": null, "man_made": null, "ele": null, "ele:DHHN92": null, "barrier": null, "note": null, "bicycle": null, "stop": null, "red_turn:right:bicycle": null, "red_turn:right": null, "old_name": null, "u": 252725552, "v": 12408443574, "key": 0 }, "geometry": { "type": "Point", "coordinates": [ 7.1209195, 50.7414769 ] } },
{ "type": "Feature", "properties": { "element": "node", "id": 26515190, "highway": "traffic_signals", "traffic_signals": null, "traffic_signals:direction": null, "button_operated": null, "check_date:tactile_paving": null, "crossing": null, "source": null, "tactile_paving": null, "traffic_signals:sound": null, "traffic_signals:vibration": null, "direction": null, "traffic_calming": null, "description": null, "man_made": null, "ele": null, "ele:DHHN92": null, "barrier": null, "note": null, "bicycle": null, "stop": null, "red_turn:right:bicycle": null, "red_turn:right": null, "old_name": null, "u": 26515190, "v": 1704221068, "key": 0 }, "geometry": { "type": "Point", "coordinates": [ 7.0674099, 50.7401498 ] } },
{ "type": "Feature", "properties": { "element": "node", "id": 26515190, "highway": "traffic_signals", "traffic_signals": null, "traffic_signals:direction": null, "button_operated": null, "check_date:tactile_paving": null, "crossing": null, "source": null, "tactile_paving": null, "traffic_signals:sound": null, "traffic_signals:vibration": null, "direction": null, "traffic_calming": null, "description": null, "man_made": null, "ele": null, "ele:DHHN92": null, "barrier": null, "note": null, "bicycle": null, "stop": null, "red_turn:right:bicycle": null, "red_turn:right": null, "old_name": null, "u": 1704221068, "v": 26515190, "key": 0 }, "geometry": { "type": "Point", "coordinates": [ 7.0674099, 50.7401498 ] } },
{ "type": "Feature", "properties": { "element": "node", "id": 26515190, "highway": "traffic_signals", "traffic_signals": null, "traffic_signals:direction": null, "button_operated": null, "check_date:tactile_paving": null, "crossing": null, "source": null, "tactile_paving": null, "traffic_signals:sound": null, "traffic_signals:vibration": null, "direction": null, "traffic_calming": null, "description": null, "man_made": null, "ele": null, "ele:DHHN92": null, "barrier": null, "note": null, "bicycle": null, "stop": null, "red_turn:right:bicycle": null, "red_turn:right": null, "old_name": null, "u": 26515270, "v": 26515190, "key": 0 }, "geometry": { "type": "Point", "coordinates": [ 7.0674099, 50.7401498 ] } },
{ "type": "Feature", "properties": { "element": "node", "id": 26515190, "highway": "traffic_signals", "traffic_signals": null, "traffic_signals:direction": null, "button_operated": null, "check_date:tactile_paving": null, "crossing": null, "source": null, "tactile_paving": null, "traffic_signals:sound": null, "traffic_signals:vibration": null, "direction": null, "traffic_calming": null, "description": null, "man_made": null, "ele": null, "ele:DHHN92": null, "barrier": null, "note": null, "bicycle": null, "stop": null, "red_turn:right:bicycle": null, "red_turn:right": null, "old_name": null, "u": 26515190, "v": 2133045541, "key": 0 }, "geometry": { "type": "Point", "coordinates": [ 7.0674099, 50.7401498 ] } },
{ "type": "Feature", "properties": { "element": "node", "id": 26515190, "highway": "traffic_signals", "traffic_signals": null, "traffic_signals:direction": null, "button_operated": null, "check_date:tactile_paving": null, "crossing": null, "source": null, "tactile_paving": null, "traffic_signals:sound": null, "traffic_signals:vibration": null, "direction": null, "traffic_calming": null, "description": null, "man_made": null, "ele": null, "ele:DHHN92": null, "barrier": null, "note": null, "bicycle": null, "stop": null, "red_turn:right:bicycle": null, "red_turn:right": null, "old_name": null, "u": 146896230, "v": 26515190, "key": 0 }, "geometry": { "type": "Point", "coordinates": [ 7.0674099, 50.7401498 ] } },
{ "type": "Feature", "properties": { "element": "node", "id": 26515190, "highway": "traffic_signals", "traffic_signals": null, "traffic_signals:direction": null, "button_operated": null, "check_date:tactile_paving": null, "crossing": null, "source": null, "tactile_paving": null, "traffic_signals:sound": null, "traffic_signals:vibration": null, "direction": null, "traffic_calming": null, "description": null, "man_made": null, "ele": null, "ele:DHHN92": null, "barrier": null, "note": null, "bicycle": null, "stop": null, "red_turn:right:bicycle": null, "red_turn:right": null, "old_name": null, "u": 26515190, "v": 146896230, "key": 0 }, "geometry": { "type": "Point", "coordinates": [ 7.0674099, 50.7401498 ] } },
{ "type": "Feature", "properties": { "element": "node", "id": 26515207, "highway": "traffic_signals", "traffic_signals": null, "traffic_signals:direction": null, "button_operated": null, "check_date:tactile_paving": null, "crossing": null, "source": null, "tactile_paving": null, "traffic_signals:sound": null, "traffic_signals:vibration": null, "direction": null, "traffic_calming": null, "description": null, "man_made": null, "ele": null, "ele:DHHN92": null, "barrier": null, "note": null, "bicycle": null, "stop": null, "red_turn:right:bicycle": null, "red_turn:right": null, "old_name": null, "u": 26515207, "v": 377537556, "key": 0 }, "geometry": { "type": "Point", "coordinates": [ 7.0654001, 50.7466119 ] } },
{ "type": "Feature", "properties": { "element": "node", "id": 26515207, "highway": "traffic_signals", "traffic_signals": null, "traffic_signals:direction": null, "button_operated": null, "check_date:tactile_paving": null, "crossing": null, "source": null, "tactile_paving": null, "traffic_signals:sound": null, "traffic_signals:vibration": null, "direction": null, "traffic_calming": null, "description": null, "man_made": null, "ele": null, "ele:DHHN92": null, "barrier": null, "note": null, "bicycle": null, "stop": null, "red_turn:right:bicycle": null, "red_turn:right": null, "old_name": null, "u": 377537556, "v": 26515207, "key": 0 }, "geometry": { "type": "Point", "coordinates": [ 7.0654001, 50.7466119 ] } },
{ "type": "Feature", "properties": { "element": "node", "id": 26515207, "highway": "traffic_signals", "traffic_signals": null, "traffic_signals:direction": null, "button_operated": null, "check_date:tactile_paving": null, "crossing": null, "source": null, "tactile_paving": null, "traffic_signals:sound": null, "traffic_signals:vibration": null, "direction": null, "traffic_calming": null, "description": null, "man_made": null, "ele": null, "ele:DHHN92": null, "barrier": null, "note": null, "bicycle": null, "stop": null, "red_turn:right:bicycle": null, "red_turn:right": null, "old_name": null, "u": 377537562, "v": 26515207, "key": 0 }, "geometry": { "type": "Point", "coordinates": [ 7.0654001, 50.7466119 ] } },
{ "type": "Feature", "properties": { "element": "node", "id": 26515207, "highway": "traffic_signals", "traffic_signals": null, "traffic_signals:direction": null, "button_operated": null, "check_date:tactile_paving": null, "crossing": null, "source": null, "tactile_paving": null, "traffic_signals:sound": null, "traffic_signals:vibration": null, "direction": null, "traffic_calming": null, "description": null, "man_made": null, "ele": null, "ele:DHHN92": null, "barrier": null, "note": null, "bicycle": null, "stop": null, "red_turn:right:bicycle": null, "red_turn:right": null, "old_name": null, "u": 26515207, "v": 377537562, "key": 0 }, "geometry": { "type": "Point", "coordinates": [ 7.0654001, 50.7466119 ] } },
{ "type": "Feature", "properties": { "element": "node", "id": 26515207, "highway": "traffic_signals", "traffic_signals": null, "traffic_signals:direction": null, "button_operated": null, "check_date:tactile_paving": null, "crossing": null, "source": null, "tactile_paving": null, "traffic_signals:sound": null, "traffic_signals:vibration": null, "direction": null, "traffic_calming": null, "description": null, "man_made": null, "ele": null, "ele:DHHN92": null, "barrier": null, "note": null, "bicycle": null, "stop": null, "red_turn:right:bicycle": null, "red_turn:right": null, "old_name": null, "u": 10083535145, "v": 26515207, "key": 0 }, "geometry": { "type": "Point", "coordinates": [ 7.0654001, 50.7466119 ] } },
{ "type": "Feature", "properties": { "element": "node", "id": 26515207, "highway": "traffic_signals", "traffic_signals": null, "traffic_signals:direction": null, "button_operated": null, "check_date:tactile_paving": null, "crossing": null, "source": null, "tactile_paving": null, "traffic_signals:sound": null, "traffic_signals:vibration": null, "direction": null, "traffic_calming": null, "description": null, "man_made": null, "ele": null, "ele:DHHN92": null, "barrier": null, "note": null, "bicycle": null, "stop": null, "red_turn:right:bicycle": null, "red_turn:right": null, "old_name": null, "u": 26515207, "v": 10083535145, "key": 0 }, "geometry": { "type": "Point", "coordinates": [ 7.0654001, 50.7466119 ] } },
{ "type": "Feature", "properties": { "element": "node", "id": 26606294, "highway": "traffic_signals", "traffic_signals": null, "traffic_signals:direction": null, "button_operated": "no", "check_date:tactile_paving": "2024-07-11", "crossing": "traffic_signals", "source": "survey", "tactile_paving": "no", "traffic_signals:sound": "yes", "traffic_signals:vibration": "no", "direction": null, "traffic_calming": null, "description": null, "man_made": null, "ele": null, "ele:DHHN92": null, "barrier": null, "note": null, "bicycle": null, "stop": null, "red_turn:right:bicycle": null, "red_turn:right": null, "old_name": null, "u": 451751080, "v": 1813707160, "key": 0 }, "geometry": { "type": "Point", "coordinates": [ 7.0932805, 50.7358064 ] } },
{ "type": "Feature", "properties": { "element": "node", "id": 26606642, "highway": "traffic_signals", "traffic_signals": null, "traffic_signals:direction": null, "button_operated": null, "check_date:tactile_paving": null, "crossing": null, "source": null, "tactile_paving": null, "traffic_signals:sound": null, "traffic_signals:vibration": null, "direction": null, "traffic_calming": null, "description": null, "man_made": null, "ele": null, "ele:DHHN92": null, "barrier": null, "note": null, "bicycle": null, "stop": null, "red_turn:right:bicycle": null, "red_turn:right": null, "old_name": null, "u": 26606642, "v": 44550915, "key": 0 }, "geometry": { "type": "Point", "coordinates": [ 7.0743255, 50.7427189 ] } },
{ "type": "Feature", "properties": { "element": "node", "id": 26606642, "highway": "traffic_signals", "traffic_signals": null, "traffic_signals:direction": null, "button_operated": null, "check_date:tactile_paving": null, "crossing": null, "source": null, "tactile_paving": null, "traffic_signals:sound": null, "traffic_signals:vibration": null, "direction": null, "traffic_calming": null, "description": null, "man_made": null, "ele": null, "ele:DHHN92": null, "barrier": null, "note": null, "bicycle": null, "stop": null, "red_turn:right:bicycle": null, "red_turn:right": null, "old_name": null, "u": 26606642, "v": 84596175, "key": 0 }, "geometry": { "type": "Point", "coordinates": [ 7.0743255, 50.7427189 ] } },
{ "type": "Feature", "properties": { "element": "node", "id": 26606642, "highway": "traffic_signals", "traffic_signals": null, "traffic_signals:direction": null, "button_operated": null, "check_date:tactile_paving": null, "crossing": null, "source": null, "tactile_paving": null, "traffic_signals:sound": null, "traffic_signals:vibration": null, "direction": null, "traffic_calming": null, "description": null, "man_made": null, "ele": null, "ele:DHHN92": null, "barrier": null, "note": null, "bicycle": null, "stop": null, "red_turn:right:bicycle": null, "red_turn:right": null, "old_name": null, "u": 84596175, "v": 26606642, "key": 0 }, "geometry": { "type": "Point", "coordinates": [ 7.0743255, 50.7427189 ] } },
{ "type": "Feature", "properties": { "element": "node", "id": 26606642, "highway": "traffic_signals", "traffic_signals": null, "traffic_signals:direction": null, "button_operated": null, "check_date:tactile_paving": null, "crossing": null, "source": null, "tactile_paving": null, "traffic_signals:sound": null, "traffic_signals:vibration": null, "direction": null, "traffic_calming": null, "description": null, "man_made": null, "ele": null, "ele:DHHN92": null, "barrier": null, "note": null, "bicycle": null, "stop": null, "red_turn:right:bicycle": null, "red_turn:right": null, "old_name": null, "u": 26606642, "v": 26607768, "key": 0 }, "geometry": { "type": "Point", "coordinates": [ 7.0743255, 50.7427189 ] } },
{ "type": "Feature", "properties": { "element": "node", "id": 26606642, "highway": "traffic_signals", "traffic_signals": null, "traffic_signals:direction": null, "button_operated": null, "check_date:tactile_paving": null, "crossing": null, "source": null, "tactile_paving": null, "traffic_signals:sound": null, "traffic_signals:vibration": null, "direction": null, "traffic_calming": null, "description": null, "man_made": null, "ele": null, "ele:DHHN92": null, "barrier": null, "note": null, "bicycle": null, "stop": null, "red_turn:right:bicycle": null, "red_turn:right": null, "old_name": null, "u": 26607768, "v": 26606642, "key": 0 }, "geometry": { "type": "Point", "coordinates": [ 7.0743255, 50.7427189 ] } },
{ "type": "Feature", "properties": { "element": "node", "id": 26606643, "highway": "traffic_signals", "traffic_signals": null, "traffic_signals:direction": null, "button_operated": null, "check_date:tactile_paving": null, "crossing": null, "source": null, "tactile_paving": null, "traffic_signals:sound": null, "traffic_signals:vibration": null, "direction": "backward", "traffic_calming": "island", "description": null, "man_made": null, "ele": null, "ele:DHHN92": null, "barrier": null, "note": null, "bicycle": null, "stop": null, "red_turn:right:bicycle": null, "red_turn:right": null, "old_name": null, "u": 44550948, "v": 26606643, "key": 0 }, "geometry": { "type": "Point", "coordinates": [ 7.0713126, 50.742486 ] } },
{ "type": "Feature", "properties": { "element": "node", "id": 26606643, "highway": "traffic_signals", "traffic_signals": null, "traffic_signals:direction": null, "button_operated": null, "check_date:tactile_paving": null, "crossing": null, "source": null, "tactile_paving": null, "traffic_signals:sound": null, "traffic_signals:vibration": null, "direction": "backward", "traffic_calming": "island", "description": null, "man_made": null, "ele": null, "ele:DHHN92": null, "barrier": null, "note": null, "bicycle": null, "stop": null, "red_turn:right:bicycle": null, "red_turn:right": null, "old_name": null, "u": 26606643, "v": 44550948, "key": 0 }, "geometry": { "type": "Point", "coordinates": [ 7.0713126, 50.742486 ] } },
{ "type": "Feature", "properties": { "element": "node", "id": 26606643, "highway": "traffic_signals", "traffic_signals": null, "traffic_signals:direction": null, "button_operated": null, "check_date:tactile_paving": null, "crossing": null, "source": null, "tactile_paving": null, "traffic_signals:sound": null, "traffic_signals:vibration": null, "direction": "backward", "traffic_calming": "island", "description": null, "man_made": null, "ele": null, "ele:DHHN92": null, "barrier": null, "note": null, "bicycle": null, "stop": null, "red_turn:right:bicycle": null, "red_turn:right": null, "old_name": null, "u": 1484614830, "v": 26606643, "key": 0 }, "geometry": { "type": "Point", "coordinates": [ 7.0713126, 50.742486 ] } },
{ "type": "Feature", "properties": { "element": "node", "id": 26606643, "highway": "traffic_signals", "traffic_signals": null, "traffic_signals:direction": null, "button_operated": null, "check_date:tactile_paving": null, "crossing": null, "source": null, "tactile_paving": null, "traffic_signals:sound": null, "traffic_signals:vibration": null, "direction": "backward", "traffic_calming": "island", "description": null, "man_made": null, "ele": null, "ele:DHHN92": null, "barrier": null, "note": null, "bicycle": null, "stop": null, "red_turn:right:bicycle": null, "red_turn:right": null, "old_name": null, "u": 26606643, "v": 84596175, "key": 0 }, "geometry": { "type": "Point", "coordinates": [ 7.0713126, 50.742486 ] } },
{ "type": "Feature", "properties": { "element": "node", "id": 26606643, "highway": "traffic_signals", "traffic_signals": null, "traffic_signals:direction": null, "button_operated": null, "check_date:tactile_paving": null, "crossing": null, "source": null, "tactile_paving": null, "traffic_signals:sound": null, "traffic_signals:vibration": null, "direction": "backward", "traffic_calming": "island", "description": null, "man_made": null, "ele": null, "ele:DHHN92": null, "barrier": null, "note": null, "bicycle": null, "stop": null, "red_turn:right:bicycle": null, "red_turn:right": null, "old_name": null, "u": 84596175, "v": 26606643, "key": 0 }, "geometry": { "type": "Point", "coordinates": [ 7.0713126, 50.742486 ] } },
{ "type": "Feature", "properties": { "element": "node", "id": 26607723, "highway": "traffic_signals", "traffic_signals": null, "traffic_signals:direction": null, "button_operated": null, "check_date:tactile_paving": null, "crossing": null, "source": null, "tactile_paving": null, "traffic_signals:sound": null, "traffic_signals:vibration": null, "direction": null, "traffic_calming": null, "description": null, "man_made": null, "ele": null, "ele:DHHN92": null, "barrier": null, "note": null, "bicycle": null, "stop": null, "red_turn:right:bicycle": null, "red_turn:right": null, "old_name": null, "u": 26607723, "v": 9995302918, "key": 0 }, "geometry": { "type": "Point", "coordinates": [ 7.0781208, 50.7390553 ] } },
{ "type": "Feature", "properties": { "element": "node", "id": 26607723, "highway": "traffic_signals", "traffic_signals": null, "traffic_signals:direction": null, "button_operated": null, "check_date:tactile_paving": null, "crossing": null, "source": null, "tactile_paving": null, "traffic_signals:sound": null, "traffic_signals:vibration": null, "direction": null, "traffic_calming": null, "description": null, "man_made": null, "ele": null, "ele:DHHN92": null, "barrier": null, "note": null, "bicycle": null, "stop": null, "red_turn:right:bicycle": null, "red_turn:right": null, "old_name": null, "u": 9995302918, "v": 26607723, "key": 0 }, "geometry": { "type": "Point", "coordinates": [ 7.0781208, 50.7390553 ] } },
{ "type": "Feature", "properties": { "element": "node", "id": 26607723, "highway": "traffic_signals", "traffic_signals": null, "traffic_signals:direction": null, "button_operated": null, "check_date:tactile_paving": null, "crossing": null, "source": null, "tactile_paving": null, "traffic_signals:sound": null, "traffic_signals:vibration": null, "direction": null, "traffic_calming": null, "description": null, "man_made": null, "ele": null, "ele:DHHN92": null, "barrier": null, "note": null, "bicycle": null, "stop": null, "red_turn:right:bicycle": null, "red_turn:right": null, "old_name": null, "u": 26607723, "v": 1485292126, "key": 0 }, "geometry": { "type": "Point", "coordinates": [ 7.0781208, 50.7390553 ] } },
{ "type": "Feature", "properties": { "element": "node", "id": 26607723, "highway": "traffic_signals", "traffic_signals": null, "traffic_signals:direction": null, "button_operated": null, "check_date:tactile_paving": null, "crossing": null, "source": null, "tactile_paving": null, "traffic_signals:sound": null, "traffic_signals:vibration": null, "direction": null, "traffic_calming": null, "description": null, "man_made": null, "ele": null, "ele:DHHN92": null, "barrier": null, "note": null, "bicycle": null, "stop": null, "red_turn:right:bicycle": null, "red_turn:right": null, "old_name": null, "u": 1485292126, "v": 26607723, "key": 0 }, "geometry": { "type": "Point", "coordinates": [ 7.0781208, 50.7390553 ] } },
{ "type": "Feature", "properties": { "element": "node", "id": 26607723, "highway": "traffic_signals", "traffic_signals": null, "traffic_signals:direction": null, "button_operated": null, "check_date:tactile_paving": null, "crossing": null, "source": null, "tactile_paving": null, "traffic_signals:sound": null, "traffic_signals:vibration": null, "direction": null, "traffic_calming": null, "description": null, "man_made": null, "ele": null, "ele:DHHN92": null, "barrier": null, "note": null, "bicycle": null, "stop": null, "red_turn:right:bicycle": null, "red_turn:right": null, "old_name": null, "u": 344405540, "v": 26607723, "key": 0 }, "geometry": { "type": "Point", "coordinates": [ 7.0781208, 50.7390553 ] } },
{ "type": "Feature", "properties": { "element": "node", "id": 26607723, "highway": "traffic_signals", "traffic_signals": null, "traffic_signals:direction": null, "button_operated": null, "check_date:tactile_paving": null, "crossing": null, "source": null, "tactile_paving": null, "traffic_signals:sound": null, "traffic_signals:vibration": null, "direction": null, "traffic_calming": null, "description": null, "man_made": null, "ele": null, "ele:DHHN92": null, "barrier": null, "note": null, "bicycle": null, "stop": null, "red_turn:right:bicycle": null, "red_turn:right": null, "old_name": null, "u": 26607723, "v": 344405540, "key": 0 }, "geometry": { "type": "Point", "coordinates": [ 7.0781208, 50.7390553 ] } },
{ "type": "Feature", "properties": { "element": "node", "id": 26607723, "highway": "traffic_signals", "traffic_signals": null, "traffic_signals:direction": null, "button_operated": null, "check_date:tactile_paving": null, "crossing": null, "source": null, "tactile_paving": null, "traffic_signals:sound": null, "traffic_signals:vibration": null, "direction": null, "traffic_calming": null, "description": null, "man_made": null, "ele": null, "ele:DHHN92": null, "barrier": null, "note": null, "bicycle": null, "stop": null, "red_turn:right:bicycle": null, "red_turn:right": null, "old_name": null, "u": 26607723, "v": 1165477122, "key": 0 }, "geometry": { "type": "Point", "coordinates": [ 7.0781208, 50.7390553 ] } },
{ "type": "Feature", "properties": { "element": "node", "id": 26607723, "highway": "traffic_signals", "traffic_signals": null, "traffic_signals:direction": null, "button_operated": null, "check_date:tactile_paving": null, "crossing": null, "source": null, "tactile_paving": null, "traffic_signals:sound": null, "traffic_signals:vibration": null, "direction": null, "traffic_calming": null, "description": null, "man_made": null, "ele": null, "ele:DHHN92": null, "barrier": null, "note": null, "bicycle": null, "stop": null, "red_turn:right:bicycle": null, "red_turn:right": null, "old_name": null, "u": 1165477122, "v": 26607723, "key": 0 }, "geometry": { "type": "Point", "coordinates": [ 7.0781208, 50.7390553 ] } },
{ "type": "Feature", "properties": { "element": "node", "id": 26607730, "highway": "traffic_signals", "traffic_signals": null, "traffic_signals:direction": null, "button_operated": null, "check_date:tactile_paving": null, "crossing": null, "source": null, "tactile_paving": null, "traffic_signals:sound": null, "traffic_signals:vibration": null, "direction": null, "traffic_calming": null, "description": null, "man_made": null, "ele": null, "ele:DHHN92": null, "barrier": null, "note": null, "bicycle": null, "stop": null, "red_turn:right:bicycle": null, "red_turn:right": null, "old_name": null, "u": 26607730, "v": 1485292126, "key": 0 }, "geometry": { "type": "Point", "coordinates": [ 7.0784058, 50.7413484 ] } },
{ "type": "Feature", "properties": { "element": "node", "id": 26607730, "highway": "traffic_signals", "traffic_signals": null, "traffic_signals:direction": null, "button_operated": null, "check_date:tactile_paving": null, "crossing": null, "source": null, "tactile_paving": null, "traffic_signals:sound": null, "traffic_signals:vibration": null, "direction": null, "traffic_calming": null, "description": null, "man_made": null, "ele": null, "ele:DHHN92": null, "barrier": null, "note": null, "bicycle": null, "stop": null, "red_turn:right:bicycle": null, "red_turn:right": null, "old_name": null, "u": 26381244, "v": 26607730, "key": 0 }, "geometry": { "type": "Point", "coordinates": [ 7.0784058, 50.7413484 ] } },
{ "type": "Feature", "properties": { "element": "node", "id": 26607730, "highway": "traffic_signals", "traffic_signals": null, "traffic_signals:direction": null, "button_operated": null, "check_date:tactile_paving": null, "crossing": null, "source": null, "tactile_paving": null, "traffic_signals:sound": null, "traffic_signals:vibration": null, "direction": null, "traffic_calming": null, "description": null, "man_made": null, "ele": null, "ele:DHHN92": null, "barrier": null, "note": null, "bicycle": null, "stop": null, "red_turn:right:bicycle": null, "red_turn:right": null, "old_name": null, "u": 2133045548, "v": 26607730, "key": 0 }, "geometry": { "type": "Point", "coordinates": [ 7.0784058, 50.7413484 ] } },
{ "type": "Feature", "properties": { "element": "node", "id": 26607730, "highway": "traffic_signals", "traffic_signals": null, "traffic_signals:direction": null, "button_operated": null, "check_date:tactile_paving": null, "crossing": null, "source": null, "tactile_paving": null, "traffic_signals:sound": null, "traffic_signals:vibration": null, "direction": null, "traffic_calming": null, "description": null, "man_made": null, "ele": null, "ele:DHHN92": null, "barrier": null, "note": null, "bicycle": null, "stop": null, "red_turn:right:bicycle": null, "red_turn:right": null, "old_name": null, "u": 26607730, "v": 2133045548, "key": 0 }, "geometry": { "type": "Point", "coordinates": [ 7.0784058, 50.7413484 ] } },
{ "type": "Feature", "properties": { "element": "node", "id": 26607768, "highway": "traffic_signals", "traffic_signals": null, "traffic_signals:direction": null, "button_operated": null, "check_date:tactile_paving": null, "crossing": null, "source": null, "tactile_paving": null, "traffic_signals:sound": null, "traffic_signals:vibration": null, "direction": null, "traffic_calming": null, "description": null, "man_made": null, "ele": null, "ele:DHHN92": null, "barrier": null, "note": null, "bicycle": null, "stop": null, "red_turn:right:bicycle": null, "red_turn:right": null, "old_name": null, "u": 44550919, "v": 26607768, "key": 0 }, "geometry": { "type": "Point", "coordinates": [ 7.0744334, 50.7427272 ] } },
{ "type": "Feature", "properties": { "element": "node", "id": 26607768, "highway": "traffic_signals", "traffic_signals": null, "traffic_signals:direction": null, "button_operated": null, "check_date:tactile_paving": null, "crossing": null, "source": null, "tactile_paving": null, "traffic_signals:sound": null, "traffic_signals:vibration": null, "direction": null, "traffic_calming": null, "description": null, "man_made": null, "ele": null, "ele:DHHN92": null, "barrier": null, "note": null, "bicycle": null, "stop": null, "red_turn:right:bicycle": null, "red_turn:right": null, "old_name": null, "u": 26607768, "v": 253115206, "key": 0 }, "geometry": { "type": "Point", "coordinates": [ 7.0744334, 50.7427272 ] } },
{ "type": "Feature", "properties": { "element": "node", "id": 26607768, "highway": "traffic_signals", "traffic_signals": null, "traffic_signals:direction": null, "button_operated": null, "check_date:tactile_paving": null, "crossing": null, "source": null, "tactile_paving": null, "traffic_signals:sound": null, "traffic_signals:vibration": null, "direction": null, "traffic_calming": null, "description": null, "man_made": null, "ele": null, "ele:DHHN92": null, "barrier": null, "note": null, "bicycle": null, "stop": null, "red_turn:right:bicycle": null, "red_turn:right": null, "old_name": null, "u": 253115206, "v": 26607768, "key": 0 }, "geometry": { "type": "Point", "coordinates": [ 7.0744334, 50.7427272 ] } },
{ "type": "Feature", "properties": { "element": "node", "id": 26607768, "highway": "traffic_signals", "traffic_signals": null, "traffic_signals:direction": null, "button_operated": null, "check_date:tactile_paving": null, "crossing": null, "source": null, "tactile_paving": null, "traffic_signals:sound": null, "traffic_signals:vibration": null, "direction": null, "traffic_calming": null, "description": null, "man_made": null, "ele": null, "ele:DHHN92": null, "barrier": null, "note": null, "bicycle": null, "stop": null, "red_turn:right:bicycle": null, "red_turn:right": null, "old_name": null, "u": 26606642, "v": 26607768, "key": 0 }, "geometry": { "type": "Point", "coordinates": [ 7.0744334, 50.7427272 ] } },
{ "type": "Feature", "properties": { "element": "node", "id": 26607768, "highway": "traffic_signals", "traffic_signals": null, "traffic_signals:direction": null, "button_operated": null, "check_date:tactile_paving": null, "crossing": null, "source": null, "tactile_paving": null, "traffic_signals:sound": null, "traffic_signals:vibration": null, "direction": null, "traffic_calming": null, "description": null, "man_made": null, "ele": null, "ele:DHHN92": null, "barrier": null, "note": null, "bicycle": null, "stop": null, "red_turn:right:bicycle": null, "red_turn:right": null, "old_name": null, "u": 26607768, "v": 26606642, "key": 0 }, "geometry": { "type": "Point", "coordinates": [ 7.0744334, 50.7427272 ] } },
{ "type": "Feature", "properties": { "element": "node", "id": 26662954, "highway": "traffic_signals", "traffic_signals": null, "traffic_signals:direction": null, "button_operated": null, "check_date:tactile_paving": null, "crossing": null, "source": null, "tactile_paving": null, "traffic_signals:sound": null, "traffic_signals:vibration": null, "direction": null, "traffic_calming": null, "description": null, "man_made": null, "ele": null, "ele:DHHN92": null, "barrier": null, "note": null, "bicycle": null, "stop": null, "red_turn:right:bicycle": null, "red_turn:right": null, "old_name": null, "u": 32519613, "v": 26662954, "key": 0 }, "geometry": { "type": "Point", "coordinates": [ 7.0978635, 50.7292487 ] } },
{ "type": "Feature", "properties": { "element": "node", "id": 26662954, "highway": "traffic_signals", "traffic_signals": null, "traffic_signals:direction": null, "button_operated": null, "check_date:tactile_paving": null, "crossing": null, "source": null, "tactile_paving": null, "traffic_signals:sound": null, "traffic_signals:vibration": null, "direction": null, "traffic_calming": null, "description": null, "man_made": null, "ele": null, "ele:DHHN92": null, "barrier": null, "note": null, "bicycle": null, "stop": null, "red_turn:right:bicycle": null, "red_turn:right": null, "old_name": null, "u": 26662954, "v": 27412032, "key": 0 }, "geometry": { "type": "Point", "coordinates": [ 7.0978635, 50.7292487 ] } },
{ "type": "Feature", "properties": { "element": "node", "id": 26662954, "highway": "traffic_signals", "traffic_signals": null, "traffic_signals:direction": null, "button_operated": null, "check_date:tactile_paving": null, "crossing": null, "source": null, "tactile_paving": null, "traffic_signals:sound": null, "traffic_signals:vibration": null, "direction": null, "traffic_calming": null, "description": null, "man_made": null, "ele": null, "ele:DHHN92": null, "barrier": null, "note": null, "bicycle": null, "stop": null, "red_turn:right:bicycle": null, "red_turn:right": null, "old_name": null, "u": 27412032, "v": 26662954, "key": 0 }, "geometry": { "type": "Point", "coordinates": [ 7.0978635, 50.7292487 ] } },
{ "type": "Feature", "properties": { "element": "node", "id": 26662954, "highway": "traffic_signals", "traffic_signals": null, "traffic_signals:direction": null, "button_operated": null, "check_date:tactile_paving": null, "crossing": null, "source": null, "tactile_paving": null, "traffic_signals:sound": null, "traffic_signals:vibration": null, "direction": null, "traffic_calming": null, "description": null, "man_made": null, "ele": null, "ele:DHHN92": null, "barrier": null, "note": null, "bicycle": null, "stop": null, "red_turn:right:bicycle": null, "red_turn:right": null, "old_name": null, "u": 254754585, "v": 26662954, "key": 0 }, "geometry": { "type": "Point", "coordinates": [ 7.0978635, 50.7292487 ] } },
{ "type": "Feature", "properties": { "element": "node", "id": 26662954, "highway": "traffic_signals", "traffic_signals": null, "traffic_signals:direction": null, "button_operated": null, "check_date:tactile_paving": null, "crossing": null, "source": null, "tactile_paving": null, "traffic_signals:sound": null, "traffic_signals:vibration": null, "direction": null, "traffic_calming": null, "description": null, "man_made": null, "ele": null, "ele:DHHN92": null, "barrier": null, "note": null, "bicycle": null, "stop": null, "red_turn:right:bicycle": null, "red_turn:right": null, "old_name": null, "u": 26662954, "v": 439166630, "key": 0 }, "geometry": { "type": "Point", "coordinates": [ 7.0978635, 50.7292487 ] } },
{ "type": "Feature", "properties": { "element": "node", "id": 26662954, "highway": "traffic_signals", "traffic_signals": null, "traffic_signals:direction": null, "button_operated": null, "check_date:tactile_paving": null, "crossing": null, "source": null, "tactile_paving": null, "traffic_signals:sound": null, "traffic_signals:vibration": null, "direction": null, "traffic_calming": null, "description": null, "man_made": null, "ele": null, "ele:DHHN92": null, "barrier": null, "note": null, "bicycle": null, "stop": null, "red_turn:right:bicycle": null, "red_turn:right": null, "old_name": null, "u": 26662954, "v": 26662953, "key": 0 }, "geometry": { "type": "Point", "coordinates": [ 7.0978635, 50.7292487 ] } },
{ "type": "Feature", "properties": { "element": "node", "id": 26662963, "highway": "traffic_signals", "traffic_signals": null, "traffic_signals:direction": null, "button_operated": null, "check_date:tactile_paving": null, "crossing": null, "source": null, "tactile_paving": null, "traffic_signals:sound": null, "traffic_signals:vibration": null, "direction": null, "traffic_calming": null, "description": null, "man_made": null, "ele": null, "ele:DHHN92": null, "barrier": null, "note": null, "bicycle": null, "stop": null, "red_turn:right:bicycle": null, "red_turn:right": null, "old_name": null, "u": 39790332, "v": 26662963, "key": 0 }, "geometry": { "type": "Point", "coordinates": [ 7.0852693, 50.7285992 ] } },
{ "type": "Feature", "properties": { "element": "node", "id": 26662963, "highway": "traffic_signals", "traffic_signals": null, "traffic_signals:direction": null, "button_operated": null, "check_date:tactile_paving": null, "crossing": null, "source": null, "tactile_paving": null, "traffic_signals:sound": null, "traffic_signals:vibration": null, "direction": null, "traffic_calming": null, "description": null, "man_made": null, "ele": null, "ele:DHHN92": null, "barrier": null, "note": null, "bicycle": null, "stop": null, "red_turn:right:bicycle": null, "red_turn:right": null, "old_name": null, "u": 26662963, "v": 39790332, "key": 0 }, "geometry": { "type": "Point", "coordinates": [ 7.0852693, 50.7285992 ] } },
{ "type": "Feature", "properties": { "element": "node", "id": 26662963, "highway": "traffic_signals", "traffic_signals": null, "traffic_signals:direction": null, "button_operated": null, "check_date:tactile_paving": null, "crossing": null, "source": null, "tactile_paving": null, "traffic_signals:sound": null, "traffic_signals:vibration": null, "direction": null, "traffic_calming": null, "description": null, "man_made": null, "ele": null, "ele:DHHN92": null, "barrier": null, "note": null, "bicycle": null, "stop": null, "red_turn:right:bicycle": null, "red_turn:right": null, "old_name": null, "u": 26662963, "v": 39555509, "key": 0 }, "geometry": { "type": "Point", "coordinates": [ 7.0852693, 50.7285992 ] } },
{ "type": "Feature", "properties": { "element": "node", "id": 26662963, "highway": "traffic_signals", "traffic_signals": null, "traffic_signals:direction": null, "button_operated": null, "check_date:tactile_paving": null, "crossing": null, "source": null, "tactile_paving": null, "traffic_signals:sound": null, "traffic_signals:vibration": null, "direction": null, "traffic_calming": null, "description": null, "man_made": null, "ele": null, "ele:DHHN92": null, "barrier": null, "note": null, "bicycle": null, "stop": null, "red_turn:right:bicycle": null, "red_turn:right": null, "old_name": null, "u": 39555509, "v": 26662963, "key": 0 }, "geometry": { "type": "Point", "coordinates": [ 7.0852693, 50.7285992 ] } },
{ "type": "Feature", "properties": { "element": "node", "id": 26662963, "highway": "traffic_signals", "traffic_signals": null, "traffic_signals:direction": null, "button_operated": null, "check_date:tactile_paving": null, "crossing": null, "source": null, "tactile_paving": null, "traffic_signals:sound": null, "traffic_signals:vibration": null, "direction": null, "traffic_calming": null, "description": null, "man_made": null, "ele": null, "ele:DHHN92": null, "barrier": null, "note": null, "bicycle": null, "stop": null, "red_turn:right:bicycle": null, "red_turn:right": null, "old_name": null, "u": 150985005, "v": 26662963, "key": 0 }, "geometry": { "type": "Point", "coordinates": [ 7.0852693, 50.7285992 ] } },
{ "type": "Feature", "properties": { "element": "node", "id": 26662963, "highway": "traffic_signals", "traffic_signals": null, "traffic_signals:direction": null, "button_operated": null, "check_date:tactile_paving": null, "crossing": null, "source": null, "tactile_paving": null, "traffic_signals:sound": null, "traffic_signals:vibration": null, "direction": null, "traffic_calming": null, "description": null, "man_made": null, "ele": null, "ele:DHHN92": null, "barrier": null, "note": null, "bicycle": null, "stop": null, "red_turn:right:bicycle": null, "red_turn:right": null, "old_name": null, "u": 26662963, "v": 150985005, "key": 0 }, "geometry": { "type": "Point", "coordinates": [ 7.0852693, 50.7285992 ] } },
{ "type": "Feature", "properties": { "element": "node", "id": 26662963, "highway": "traffic_signals", "traffic_signals": null, "traffic_signals:direction": null, "button_operated": null, "check_date:tactile_paving": null, "crossing": null, "source": null, "tactile_paving": null, "traffic_signals:sound": null, "traffic_signals:vibration": null, "direction": null, "traffic_calming": null, "description": null, "man_made": null, "ele": null, "ele:DHHN92": null, "barrier": null, "note": null, "bicycle": null, "stop": null, "red_turn:right:bicycle": null, "red_turn:right": null, "old_name": null, "u": 26662963, "v": 26889624, "key": 0 }, "geometry": { "type": "Point", "coordinates": [ 7.0852693, 50.7285992 ] } },
{ "type": "Feature", "properties": { "element": "node", "id": 26667847, "highway": "traffic_signals", "traffic_signals": null, "traffic_signals:direction": null, "button_operated": null, "check_date:tactile_paving": null, "crossing": null, "source": null, "tactile_paving": null, "traffic_signals:sound": null, "traffic_signals:vibration": null, "direction": null, "traffic_calming": null, "description": null, "man_made": null, "ele": null, "ele:DHHN92": null, "barrier": null, "note": null, "bicycle": null, "stop": null, "red_turn:right:bicycle": null, "red_turn:right": null, "old_name": null, "u": 26667851, "v": 26667839, "key": 0 }, "geometry": { "type": "Point", "coordinates": [ 7.095501, 50.732788 ] } },
{ "type": "Feature", "properties": { "element": "node", "id": 26672836, "highway": "traffic_signals", "traffic_signals": null, "traffic_signals:direction": null, "button_operated": null, "check_date:tactile_paving": null, "crossing": null, "source": null, "tactile_paving": null, "traffic_signals:sound": null, "traffic_signals:vibration": null, "direction": null, "traffic_calming": null, "description": null, "man_made": null, "ele": null, "ele:DHHN92": null, "barrier": null, "note": null, "bicycle": null, "stop": null, "red_turn:right:bicycle": null, "red_turn:right": null, "old_name": null, "u": 26672836, "v": 31931364, "key": 0 }, "geometry": { "type": "Point", "coordinates": [ 7.1356107, 50.724564 ] } },
{ "type": "Feature", "properties": { "element": "node", "id": 26672836, "highway": "traffic_signals", "traffic_signals": null, "traffic_signals:direction": null, "button_operated": null, "check_date:tactile_paving": null, "crossing": null, "source": null, "tactile_paving": null, "traffic_signals:sound": null, "traffic_signals:vibration": null, "direction": null, "traffic_calming": null, "description": null, "man_made": null, "ele": null, "ele:DHHN92": null, "barrier": null, "note": null, "bicycle": null, "stop": null, "red_turn:right:bicycle": null, "red_turn:right": null, "old_name": null, "u": 31931364, "v": 26672836, "key": 0 }, "geometry": { "type": "Point", "coordinates": [ 7.1356107, 50.724564 ] } },
{ "type": "Feature", "properties": { "element": "node", "id": 26672836, "highway": "traffic_signals", "traffic_signals": null, "traffic_signals:direction": null, "button_operated": null, "check_date:tactile_paving": null, "crossing": null, "source": null, "tactile_paving": null, "traffic_signals:sound": null, "traffic_signals:vibration": null, "direction": null, "traffic_calming": null, "description": null, "man_made": null, "ele": null, "ele:DHHN92": null, "barrier": null, "note": null, "bicycle": null, "stop": null, "red_turn:right:bicycle": null, "red_turn:right": null, "old_name": null, "u": 31931550, "v": 26672836, "key": 0 }, "geometry": { "type": "Point", "coordinates": [ 7.1356107, 50.724564 ] } },
{ "type": "Feature", "properties": { "element": "node", "id": 26672836, "highway": "traffic_signals", "traffic_signals": null, "traffic_signals:direction": null, "button_operated": null, "check_date:tactile_paving": null, "crossing": null, "source": null, "tactile_paving": null, "traffic_signals:sound": null, "traffic_signals:vibration": null, "direction": null, "traffic_calming": null, "description": null, "man_made": null, "ele": null, "ele:DHHN92": null, "barrier": null, "note": null, "bicycle": null, "stop": null, "red_turn:right:bicycle": null, "red_turn:right": null, "old_name": null, "u": 26672836, "v": 31931550, "key": 0 }, "geometry": { "type": "Point", "coordinates": [ 7.1356107, 50.724564 ] } },
{ "type": "Feature", "properties": { "element": "node", "id": 26672836, "highway": "traffic_signals", "traffic_signals": null, "traffic_signals:direction": null, "button_operated": null, "check_date:tactile_paving": null, "crossing": null, "source": null, "tactile_paving": null, "traffic_signals:sound": null, "traffic_signals:vibration": null, "direction": null, "traffic_calming": null, "description": null, "man_made": null, "ele": null, "ele:DHHN92": null, "barrier": null, "note": null, "bicycle": null, "stop": null, "red_turn:right:bicycle": null, "red_turn:right": null, "old_name": null, "u": 26672836, "v": 31324593, "key": 0 }, "geometry": { "type": "Point", "coordinates": [ 7.1356107, 50.724564 ] } },
{ "type": "Feature", "properties": { "element": "node", "id": 26672836, "highway": "traffic_signals", "traffic_signals": null, "traffic_signals:direction": null, "button_operated": null, "check_date:tactile_paving": null, "crossing": null, "source": null, "tactile_paving": null, "traffic_signals:sound": null, "traffic_signals:vibration": null, "direction": null, "traffic_calming": null, "description": null, "man_made": null, "ele": null, "ele:DHHN92": null, "barrier": null, "note": null, "bicycle": null, "stop": null, "red_turn:right:bicycle": null, "red_turn:right": null, "old_name": null, "u": 31324593, "v": 26672836, "key": 0 }, "geometry": { "type": "Point", "coordinates": [ 7.1356107, 50.724564 ] } },
{ "type": "Feature", "properties": { "element": "node", "id": 26672836, "highway": "traffic_signals", "traffic_signals": null, "traffic_signals:direction": null, "button_operated": null, "check_date:tactile_paving": null, "crossing": null, "source": null, "tactile_paving": null, "traffic_signals:sound": null, "traffic_signals:vibration": null, "direction": null, "traffic_calming": null, "description": null, "man_made": null, "ele": null, "ele:DHHN92": null, "barrier": null, "note": null, "bicycle": null, "stop": null, "red_turn:right:bicycle": null, "red_turn:right": null, "old_name": null, "u": 26672836, "v": 10707749798, "key": 0 }, "geometry": { "type": "Point", "coordinates": [ 7.1356107, 50.724564 ] } },
{ "type": "Feature", "properties": { "element": "node", "id": 26672836, "highway": "traffic_signals", "traffic_signals": null, "traffic_signals:direction": null, "button_operated": null, "check_date:tactile_paving": null, "crossing": null, "source": null, "tactile_paving": null, "traffic_signals:sound": null, "traffic_signals:vibration": null, "direction": null, "traffic_calming": null, "description": null, "man_made": null, "ele": null, "ele:DHHN92": null, "barrier": null, "note": null, "bicycle": null, "stop": null, "red_turn:right:bicycle": null, "red_turn:right": null, "old_name": null, "u": 10707749798, "v": 26672836, "key": 0 }, "geometry": { "type": "Point", "coordinates": [ 7.1356107, 50.724564 ] } },
{ "type": "Feature", "properties": { "element": "node", "id": 26721131, "highway": "traffic_signals", "traffic_signals": null, "traffic_signals:direction": null, "button_operated": null, "check_date:tactile_paving": null, "crossing": null, "source": null, "tactile_paving": null, "traffic_signals:sound": null, "traffic_signals:vibration": null, "direction": null, "traffic_calming": null, "description": null, "man_made": null, "ele": null, "ele:DHHN92": null, "barrier": null, "note": null, "bicycle": null, "stop": null, "red_turn:right:bicycle": null, "red_turn:right": null, "old_name": null, "u": 87313200, "v": 26721131, "key": 0 }, "geometry": { "type": "Point", "coordinates": [ 7.071096, 50.7577956 ] } },
{ "type": "Feature", "properties": { "element": "node", "id": 26721131, "highway": "traffic_signals", "traffic_signals": null, "traffic_signals:direction": null, "button_operated": null, "check_date:tactile_paving": null, "crossing": null, "source": null, "tactile_paving": null, "traffic_signals:sound": null, "traffic_signals:vibration": null, "direction": null, "traffic_calming": null, "description": null, "man_made": null, "ele": null, "ele:DHHN92": null, "barrier": null, "note": null, "bicycle": null, "stop": null, "red_turn:right:bicycle": null, "red_turn:right": null, "old_name": null, "u": 26721131, "v": 1736530409, "key": 0 }, "geometry": { "type": "Point", "coordinates": [ 7.071096, 50.7577956 ] } },
{ "type": "Feature", "properties": { "element": "node", "id": 26721131, "highway": "traffic_signals", "traffic_signals": null, "traffic_signals:direction": null, "button_operated": null, "check_date:tactile_paving": null, "crossing": null, "source": null, "tactile_paving": null, "traffic_signals:sound": null, "traffic_signals:vibration": null, "direction": null, "traffic_calming": null, "description": null, "man_made": null, "ele": null, "ele:DHHN92": null, "barrier": null, "note": null, "bicycle": null, "stop": null, "red_turn:right:bicycle": null, "red_turn:right": null, "old_name": null, "u": 1736530409, "v": 26721131, "key": 0 }, "geometry": { "type": "Point", "coordinates": [ 7.071096, 50.7577956 ] } },
{ "type": "Feature", "properties": { "element": "node", "id": 26721131, "highway": "traffic_signals", "traffic_signals": null, "traffic_signals:direction": null, "button_operated": null, "check_date:tactile_paving": null, "crossing": null, "source": null, "tactile_paving": null, "traffic_signals:sound": null, "traffic_signals:vibration": null, "direction": null, "traffic_calming": null, "description": null, "man_made": null, "ele": null, "ele:DHHN92": null, "barrier": null, "note": null, "bicycle": null, "stop": null, "red_turn:right:bicycle": null, "red_turn:right": null, "old_name": null, "u": 75546503, "v": 26721131, "key": 0 }, "geometry": { "type": "Point", "coordinates": [ 7.071096, 50.7577956 ] } },
{ "type": "Feature", "properties": { "element": "node", "id": 26721131, "highway": "traffic_signals", "traffic_signals": null, "traffic_signals:direction": null, "button_operated": null, "check_date:tactile_paving": null, "crossing": null, "source": null, "tactile_paving": null, "traffic_signals:sound": null, "traffic_signals:vibration": null, "direction": null, "traffic_calming": null, "description": null, "man_made": null, "ele": null, "ele:DHHN92": null, "barrier": null, "note": null, "bicycle": null, "stop": null, "red_turn:right:bicycle": null, "red_turn:right": null, "old_name": null, "u": 26721131, "v": 75546503, "key": 0 }, "geometry": { "type": "Point", "coordinates": [ 7.071096, 50.7577956 ] } },
{ "type": "Feature", "properties": { "element": "node", "id": 26721132, "highway": "traffic_signals", "traffic_signals": null, "traffic_signals:direction": null, "button_operated": null, "check_date:tactile_paving": null, "crossing": null, "source": null, "tactile_paving": null, "traffic_signals:sound": null, "traffic_signals:vibration": null, "direction": null, "traffic_calming": null, "description": null, "man_made": null, "ele": null, "ele:DHHN92": null, "barrier": null, "note": null, "bicycle": null, "stop": null, "red_turn:right:bicycle": null, "red_turn:right": null, "old_name": null, "u": 317419912, "v": 26721132, "key": 0 }, "geometry": { "type": "Point", "coordinates": [ 7.0709609, 50.7576939 ] } },
{ "type": "Feature", "properties": { "element": "node", "id": 26721132, "highway": "traffic_signals", "traffic_signals": null, "traffic_signals:direction": null, "button_operated": null, "check_date:tactile_paving": null, "crossing": null, "source": null, "tactile_paving": null, "traffic_signals:sound": null, "traffic_signals:vibration": null, "direction": null, "traffic_calming": null, "description": null, "man_made": null, "ele": null, "ele:DHHN92": null, "barrier": null, "note": null, "bicycle": null, "stop": null, "red_turn:right:bicycle": null, "red_turn:right": null, "old_name": null, "u": 26721132, "v": 317419912, "key": 0 }, "geometry": { "type": "Point", "coordinates": [ 7.0709609, 50.7576939 ] } },
{ "type": "Feature", "properties": { "element": "node", "id": 26721132, "highway": "traffic_signals", "traffic_signals": null, "traffic_signals:direction": null, "button_operated": null, "check_date:tactile_paving": null, "crossing": null, "source": null, "tactile_paving": null, "traffic_signals:sound": null, "traffic_signals:vibration": null, "direction": null, "traffic_calming": null, "description": null, "man_made": null, "ele": null, "ele:DHHN92": null, "barrier": null, "note": null, "bicycle": null, "stop": null, "red_turn:right:bicycle": null, "red_turn:right": null, "old_name": null, "u": 26721132, "v": 26721133, "key": 0 }, "geometry": { "type": "Point", "coordinates": [ 7.0709609, 50.7576939 ] } },
{ "type": "Feature", "properties": { "element": "node", "id": 26721132, "highway": "traffic_signals", "traffic_signals": null, "traffic_signals:direction": null, "button_operated": null, "check_date:tactile_paving": null, "crossing": null, "source": null, "tactile_paving": null, "traffic_signals:sound": null, "traffic_signals:vibration": null, "direction": null, "traffic_calming": null, "description": null, "man_made": null, "ele": null, "ele:DHHN92": null, "barrier": null, "note": null, "bicycle": null, "stop": null, "red_turn:right:bicycle": null, "red_turn:right": null, "old_name": null, "u": 26721132, "v": 1736530409, "key": 0 }, "geometry": { "type": "Point", "coordinates": [ 7.0709609, 50.7576939 ] } },
{ "type": "Feature", "properties": { "element": "node", "id": 26721132, "highway": "traffic_signals", "traffic_signals": null, "traffic_signals:direction": null, "button_operated": null, "check_date:tactile_paving": null, "crossing": null, "source": null, "tactile_paving": null, "traffic_signals:sound": null, "traffic_signals:vibration": null, "direction": null, "traffic_calming": null, "description": null, "man_made": null, "ele": null, "ele:DHHN92": null, "barrier": null, "note": null, "bicycle": null, "stop": null, "red_turn:right:bicycle": null, "red_turn:right": null, "old_name": null, "u": 1736530409, "v": 26721132, "key": 0 }, "geometry": { "type": "Point", "coordinates": [ 7.0709609, 50.7576939 ] } },
{ "type": "Feature", "properties": { "element": "node", "id": 26853090, "highway": "traffic_signals", "traffic_signals": null, "traffic_signals:direction": null, "button_operated": null, "check_date:tactile_paving": null, "crossing": null, "source": null, "tactile_paving": null, "traffic_signals:sound": null, "traffic_signals:vibration": null, "direction": null, "traffic_calming": null, "description": null, "man_made": null, "ele": null, "ele:DHHN92": null, "barrier": null, "note": null, "bicycle": null, "stop": null, "red_turn:right:bicycle": null, "red_turn:right": null, "old_name": null, "u": 26853090, "v": 26853094, "key": 0 }, "geometry": { "type": "Point", "coordinates": [ 7.1146682, 50.7604341 ] } },
{ "type": "Feature", "properties": { "element": "node", "id": 26853090, "highway": "traffic_signals", "traffic_signals": null, "traffic_signals:direction": null, "button_operated": null, "check_date:tactile_paving": null, "crossing": null, "source": null, "tactile_paving": null, "traffic_signals:sound": null, "traffic_signals:vibration": null, "direction": null, "traffic_calming": null, "description": null, "man_made": null, "ele": null, "ele:DHHN92": null, "barrier": null, "note": null, "bicycle": null, "stop": null, "red_turn:right:bicycle": null, "red_turn:right": null, "old_name": null, "u": 26853094, "v": 26853090, "key": 0 }, "geometry": { "type": "Point", "coordinates": [ 7.1146682, 50.7604341 ] } },
{ "type": "Feature", "properties": { "element": "node", "id": 26853090, "highway": "traffic_signals", "traffic_signals": null, "traffic_signals:direction": null, "button_operated": null, "check_date:tactile_paving": null, "crossing": null, "source": null, "tactile_paving": null, "traffic_signals:sound": null, "traffic_signals:vibration": null, "direction": null, "traffic_calming": null, "description": null, "man_made": null, "ele": null, "ele:DHHN92": null, "barrier": null, "note": null, "bicycle": null, "stop": null, "red_turn:right:bicycle": null, "red_turn:right": null, "old_name": null, "u": 26853090, "v": 1486059122, "key": 0 }, "geometry": { "type": "Point", "coordinates": [ 7.1146682, 50.7604341 ] } },
{ "type": "Feature", "properties": { "element": "node", "id": 26853090, "highway": "traffic_signals", "traffic_signals": null, "traffic_signals:direction": null, "button_operated": null, "check_date:tactile_paving": null, "crossing": null, "source": null, "tactile_paving": null, "traffic_signals:sound": null, "traffic_signals:vibration": null, "direction": null, "traffic_calming": null, "description": null, "man_made": null, "ele": null, "ele:DHHN92": null, "barrier": null, "note": null, "bicycle": null, "stop": null, "red_turn:right:bicycle": null, "red_turn:right": null, "old_name": null, "u": 1486059122, "v": 26853090, "key": 0 }, "geometry": { "type": "Point", "coordinates": [ 7.1146682, 50.7604341 ] } },
{ "type": "Feature", "properties": { "element": "node", "id": 26853095, "highway": "traffic_signals", "traffic_signals": null, "traffic_signals:direction": null, "button_operated": null, "check_date:tactile_paving": null, "crossing": null, "source": null, "tactile_paving": null, "traffic_signals:sound": null, "traffic_signals:vibration": null, "direction": null, "traffic_calming": null, "description": null, "man_made": null, "ele": null, "ele:DHHN92": null, "barrier": null, "note": null, "bicycle": null, "stop": null, "red_turn:right:bicycle": null, "red_turn:right": null, "old_name": null, "u": 26853095, "v": 90637465, "key": 0 }, "geometry": { "type": "Point", "coordinates": [ 7.1197099, 50.7476447 ] } },
{ "type": "Feature", "properties": { "element": "node", "id": 26853095, "highway": "traffic_signals", "traffic_signals": null, "traffic_signals:direction": null, "button_operated": null, "check_date:tactile_paving": null, "crossing": null, "source": null, "tactile_paving": null, "traffic_signals:sound": null, "traffic_signals:vibration": null, "direction": null, "traffic_calming": null, "description": null, "man_made": null, "ele": null, "ele:DHHN92": null, "barrier": null, "note": null, "bicycle": null, "stop": null, "red_turn:right:bicycle": null, "red_turn:right": null, "old_name": null, "u": 90637465, "v": 26853095, "key": 0 }, "geometry": { "type": "Point", "coordinates": [ 7.1197099, 50.7476447 ] } },
{ "type": "Feature", "properties": { "element": "node", "id": 26853095, "highway": "traffic_signals", "traffic_signals": null, "traffic_signals:direction": null, "button_operated": null, "check_date:tactile_paving": null, "crossing": null, "source": null, "tactile_paving": null, "traffic_signals:sound": null, "traffic_signals:vibration": null, "direction": null, "traffic_calming": null, "description": null, "man_made": null, "ele": null, "ele:DHHN92": null, "barrier": null, "note": null, "bicycle": null, "stop": null, "red_turn:right:bicycle": null, "red_turn:right": null, "old_name": null, "u": 8610259269, "v": 26853095, "key": 0 }, "geometry": { "type": "Point", "coordinates": [ 7.1197099, 50.7476447 ] } },
{ "type": "Feature", "properties": { "element": "node", "id": 26853095, "highway": "traffic_signals", "traffic_signals": null, "traffic_signals:direction": null, "button_operated": null, "check_date:tactile_paving": null, "crossing": null, "source": null, "tactile_paving": null, "traffic_signals:sound": null, "traffic_signals:vibration": null, "direction": null, "traffic_calming": null, "description": null, "man_made": null, "ele": null, "ele:DHHN92": null, "barrier": null, "note": null, "bicycle": null, "stop": null, "red_turn:right:bicycle": null, "red_turn:right": null, "old_name": null, "u": 26853095, "v": 8610259269, "key": 0 }, "geometry": { "type": "Point", "coordinates": [ 7.1197099, 50.7476447 ] } },
{ "type": "Feature", "properties": { "element": "node", "id": 26853095, "highway": "traffic_signals", "traffic_signals": null, "traffic_signals:direction": null, "button_operated": null, "check_date:tactile_paving": null, "crossing": null, "source": null, "tactile_paving": null, "traffic_signals:sound": null, "traffic_signals:vibration": null, "direction": null, "traffic_calming": null, "description": null, "man_made": null, "ele": null, "ele:DHHN92": null, "barrier": null, "note": null, "bicycle": null, "stop": null, "red_turn:right:bicycle": null, "red_turn:right": null, "old_name": null, "u": 26853096, "v": 26853095, "key": 0 }, "geometry": { "type": "Point", "coordinates": [ 7.1197099, 50.7476447 ] } },
{ "type": "Feature", "properties": { "element": "node", "id": 26853095, "highway": "traffic_signals", "traffic_signals": null, "traffic_signals:direction": null, "button_operated": null, "check_date:tactile_paving": null, "crossing": null, "source": null, "tactile_paving": null, "traffic_signals:sound": null, "traffic_signals:vibration": null, "direction": null, "traffic_calming": null, "description": null, "man_made": null, "ele": null, "ele:DHHN92": null, "barrier": null, "note": null, "bicycle": null, "stop": null, "red_turn:right:bicycle": null, "red_turn:right": null, "old_name": null, "u": 26853095, "v": 26853096, "key": 0 }, "geometry": { "type": "Point", "coordinates": [ 7.1197099, 50.7476447 ] } },
{ "type": "Feature", "properties": { "element": "node", "id": 26853095, "highway": "traffic_signals", "traffic_signals": null, "traffic_signals:direction": null, "button_operated": null, "check_date:tactile_paving": null, "crossing": null, "source": null, "tactile_paving": null, "traffic_signals:sound": null, "traffic_signals:vibration": null, "direction": null, "traffic_calming": null, "description": null, "man_made": null, "ele": null, "ele:DHHN92": null, "barrier": null, "note": null, "bicycle": null, "stop": null, "red_turn:right:bicycle": null, "red_turn:right": null, "old_name": null, "u": 26853094, "v": 26853095, "key": 0 }, "geometry": { "type": "Point", "coordinates": [ 7.1197099, 50.7476447 ] } },
{ "type": "Feature", "properties": { "element": "node", "id": 26853095, "highway": "traffic_signals", "traffic_signals": null, "traffic_signals:direction": null, "button_operated": null, "check_date:tactile_paving": null, "crossing": null, "source": null, "tactile_paving": null, "traffic_signals:sound": null, "traffic_signals:vibration": null, "direction": null, "traffic_calming": null, "description": null, "man_made": null, "ele": null, "ele:DHHN92": null, "barrier": null, "note": null, "bicycle": null, "stop": null, "red_turn:right:bicycle": null, "red_turn:right": null, "old_name": null, "u": 26853095, "v": 26853094, "key": 0 }, "geometry": { "type": "Point", "coordinates": [ 7.1197099, 50.7476447 ] } },
{ "type": "Feature", "properties": { "element": "node", "id": 26889630, "highway": "traffic_signals", "traffic_signals": null, "traffic_signals:direction": null, "button_operated": "yes", "check_date:tactile_paving": "2023-08-18", "crossing": "traffic_signals", "source": null, "tactile_paving": "no", "traffic_signals:sound": "no", "traffic_signals:vibration": "no", "direction": null, "traffic_calming": null, "description": null, "man_made": null, "ele": null, "ele:DHHN92": null, "barrier": null, "note": null, "bicycle": null, "stop": null, "red_turn:right:bicycle": null, "red_turn:right": null, "old_name": null, "u": 26868464, "v": 83026636, "key": 0 }, "geometry": { "type": "Point", "coordinates": [ 7.089094, 50.7229365 ] } },
{ "type": "Feature", "properties": { "element": "node", "id": 26889630, "highway": "traffic_signals", "traffic_signals": null, "traffic_signals:direction": null, "button_operated": "yes", "check_date:tactile_paving": "2023-08-18", "crossing": "traffic_signals", "source": null, "tactile_paving": "no", "traffic_signals:sound": "no", "traffic_signals:vibration": "no", "direction": null, "traffic_calming": null, "description": null, "man_made": null, "ele": null, "ele:DHHN92": null, "barrier": null, "note": null, "bicycle": null, "stop": null, "red_turn:right:bicycle": null, "red_turn:right": null, "old_name": null, "u": 83026636, "v": 26868464, "key": 0 }, "geometry": { "type": "Point", "coordinates": [ 7.089094, 50.7229365 ] } },
{ "type": "Feature", "properties": { "element": "node", "id": 26966236, "highway": "traffic_signals", "traffic_signals": "signal", "traffic_signals:direction": null, "button_operated": null, "check_date:tactile_paving": null, "crossing": null, "source": null, "tactile_paving": null, "traffic_signals:sound": null, "traffic_signals:vibration": null, "direction": null, "traffic_calming": null, "description": null, "man_made": null, "ele": null, "ele:DHHN92": null, "barrier": null, "note": null, "bicycle": null, "stop": null, "red_turn:right:bicycle": null, "red_turn:right": null, "old_name": null, "u": 29810427, "v": 26966236, "key": 0 }, "geometry": { "type": "Point", "coordinates": [ 7.0906692, 50.7401877 ] } },
{ "type": "Feature", "properties": { "element": "node", "id": 26966236, "highway": "traffic_signals", "traffic_signals": "signal", "traffic_signals:direction": null, "button_operated": null, "check_date:tactile_paving": null, "crossing": null, "source": null, "tactile_paving": null, "traffic_signals:sound": null, "traffic_signals:vibration": null, "direction": null, "traffic_calming": null, "description": null, "man_made": null, "ele": null, "ele:DHHN92": null, "barrier": null, "note": null, "bicycle": null, "stop": null, "red_turn:right:bicycle": null, "red_turn:right": null, "old_name": null, "u": 26966239, "v": 26966236, "key": 0 }, "geometry": { "type": "Point", "coordinates": [ 7.0906692, 50.7401877 ] } },
{ "type": "Feature", "properties": { "element": "node", "id": 26966236, "highway": "traffic_signals", "traffic_signals": "signal", "traffic_signals:direction": null, "button_operated": null, "check_date:tactile_paving": null, "crossing": null, "source": null, "tactile_paving": null, "traffic_signals:sound": null, "traffic_signals:vibration": null, "direction": null, "traffic_calming": null, "description": null, "man_made": null, "ele": null, "ele:DHHN92": null, "barrier": null, "note": null, "bicycle": null, "stop": null, "red_turn:right:bicycle": null, "red_turn:right": null, "old_name": null, "u": 26966236, "v": 10109231731, "key": 0 }, "geometry": { "type": "Point", "coordinates": [ 7.0906692, 50.7401877 ] } },
{ "type": "Feature", "properties": { "element": "node", "id": 26966236, "highway": "traffic_signals", "traffic_signals": "signal", "traffic_signals:direction": null, "button_operated": null, "check_date:tactile_paving": null, "crossing": null, "source": null, "tactile_paving": null, "traffic_signals:sound": null, "traffic_signals:vibration": null, "direction": null, "traffic_calming": null, "description": null, "man_made": null, "ele": null, "ele:DHHN92": null, "barrier": null, "note": null, "bicycle": null, "stop": null, "red_turn:right:bicycle": null, "red_turn:right": null, "old_name": null, "u": 29810434, "v": 26966236, "key": 0 }, "geometry": { "type": "Point", "coordinates": [ 7.0906692, 50.7401877 ] } },
{ "type": "Feature", "properties": { "element": "node", "id": 27135372, "highway": "traffic_signals", "traffic_signals": null, "traffic_signals:direction": null, "button_operated": null, "check_date:tactile_paving": null, "crossing": null, "source": null, "tactile_paving": null, "traffic_signals:sound": null, "traffic_signals:vibration": null, "direction": null, "traffic_calming": null, "description": null, "man_made": null, "ele": null, "ele:DHHN92": null, "barrier": null, "note": null, "bicycle": null, "stop": null, "red_turn:right:bicycle": null, "red_turn:right": null, "old_name": null, "u": 27135372, "v": 590458173, "key": 0 }, "geometry": { "type": "Point", "coordinates": [ 7.0960238, 50.7195091 ] } },
{ "type": "Feature", "properties": { "element": "node", "id": 27135372, "highway": "traffic_signals", "traffic_signals": null, "traffic_signals:direction": null, "button_operated": null, "check_date:tactile_paving": null, "crossing": null, "source": null, "tactile_paving": null, "traffic_signals:sound": null, "traffic_signals:vibration": null, "direction": null, "traffic_calming": null, "description": null, "man_made": null, "ele": null, "ele:DHHN92": null, "barrier": null, "note": null, "bicycle": null, "stop": null, "red_turn:right:bicycle": null, "red_turn:right": null, "old_name": null, "u": 590458173, "v": 27135372, "key": 0 }, "geometry": { "type": "Point", "coordinates": [ 7.0960238, 50.7195091 ] } },
{ "type": "Feature", "properties": { "element": "node", "id": 27135372, "highway": "traffic_signals", "traffic_signals": null, "traffic_signals:direction": null, "button_operated": null, "check_date:tactile_paving": null, "crossing": null, "source": null, "tactile_paving": null, "traffic_signals:sound": null, "traffic_signals:vibration": null, "direction": null, "traffic_calming": null, "description": null, "man_made": null, "ele": null, "ele:DHHN92": null, "barrier": null, "note": null, "bicycle": null, "stop": null, "red_turn:right:bicycle": null, "red_turn:right": null, "old_name": null, "u": 1577149863, "v": 27135372, "key": 0 }, "geometry": { "type": "Point", "coordinates": [ 7.0960238, 50.7195091 ] } },
{ "type": "Feature", "properties": { "element": "node", "id": 27135372, "highway": "traffic_signals", "traffic_signals": null, "traffic_signals:direction": null, "button_operated": null, "check_date:tactile_paving": null, "crossing": null, "source": null, "tactile_paving": null, "traffic_signals:sound": null, "traffic_signals:vibration": null, "direction": null, "traffic_calming": null, "description": null, "man_made": null, "ele": null, "ele:DHHN92": null, "barrier": null, "note": null, "bicycle": null, "stop": null, "red_turn:right:bicycle": null, "red_turn:right": null, "old_name": null, "u": 27135372, "v": 1577149863, "key": 0 }, "geometry": { "type": "Point", "coordinates": [ 7.0960238, 50.7195091 ] } },
{ "type": "Feature", "properties": { "element": "node", "id": 27135372, "highway": "traffic_signals", "traffic_signals": null, "traffic_signals:direction": null, "button_operated": null, "check_date:tactile_paving": null, "crossing": null, "source": null, "tactile_paving": null, "traffic_signals:sound": null, "traffic_signals:vibration": null, "direction": null, "traffic_calming": null, "description": null, "man_made": null, "ele": null, "ele:DHHN92": null, "barrier": null, "note": null, "bicycle": null, "stop": null, "red_turn:right:bicycle": null, "red_turn:right": null, "old_name": null, "u": 27135372, "v": 81936157, "key": 0 }, "geometry": { "type": "Point", "coordinates": [ 7.0960238, 50.7195091 ] } },
{ "type": "Feature", "properties": { "element": "node", "id": 27135372, "highway": "traffic_signals", "traffic_signals": null, "traffic_signals:direction": null, "button_operated": null, "check_date:tactile_paving": null, "crossing": null, "source": null, "tactile_paving": null, "traffic_signals:sound": null, "traffic_signals:vibration": null, "direction": null, "traffic_calming": null, "description": null, "man_made": null, "ele": null, "ele:DHHN92": null, "barrier": null, "note": null, "bicycle": null, "stop": null, "red_turn:right:bicycle": null, "red_turn:right": null, "old_name": null, "u": 81936157, "v": 27135372, "key": 0 }, "geometry": { "type": "Point", "coordinates": [ 7.0960238, 50.7195091 ] } },
{ "type": "Feature", "properties": { "element": "node", "id": 27381036, "highway": "traffic_signals", "traffic_signals": null, "traffic_signals:direction": null, "button_operated": null, "check_date:tactile_paving": null, "crossing": null, "source": null, "tactile_paving": null, "traffic_signals:sound": null, "traffic_signals:vibration": null, "direction": null, "traffic_calming": null, "description": null, "man_made": null, "ele": null, "ele:DHHN92": null, "barrier": null, "note": null, "bicycle": null, "stop": null, "red_turn:right:bicycle": null, "red_turn:right": null, "old_name": null, "u": 27381036, "v": 2371408094, "key": 0 }, "geometry": { "type": "Point", "coordinates": [ 7.0667536, 50.7105967 ] } },
{ "type": "Feature", "properties": { "element": "node", "id": 27381036, "highway": "traffic_signals", "traffic_signals": null, "traffic_signals:direction": null, "button_operated": null, "check_date:tactile_paving": null, "crossing": null, "source": null, "tactile_paving": null, "traffic_signals:sound": null, "traffic_signals:vibration": null, "direction": null, "traffic_calming": null, "description": null, "man_made": null, "ele": null, "ele:DHHN92": null, "barrier": null, "note": null, "bicycle": null, "stop": null, "red_turn:right:bicycle": null, "red_turn:right": null, "old_name": null, "u": 2371408094, "v": 27381036, "key": 0 }, "geometry": { "type": "Point", "coordinates": [ 7.0667536, 50.7105967 ] } },
{ "type": "Feature", "properties": { "element": "node", "id": 27381036, "highway": "traffic_signals", "traffic_signals": null, "traffic_signals:direction": null, "button_operated": null, "check_date:tactile_paving": null, "crossing": null, "source": null, "tactile_paving": null, "traffic_signals:sound": null, "traffic_signals:vibration": null, "direction": null, "traffic_calming": null, "description": null, "man_made": null, "ele": null, "ele:DHHN92": null, "barrier": null, "note": null, "bicycle": null, "stop": null, "red_turn:right:bicycle": null, "red_turn:right": null, "old_name": null, "u": 27381036, "v": 31273609, "key": 0 }, "geometry": { "type": "Point", "coordinates": [ 7.0667536, 50.7105967 ] } },
{ "type": "Feature", "properties": { "element": "node", "id": 27381036, "highway": "traffic_signals", "traffic_signals": null, "traffic_signals:direction": null, "button_operated": null, "check_date:tactile_paving": null, "crossing": null, "source": null, "tactile_paving": null, "traffic_signals:sound": null, "traffic_signals:vibration": null, "direction": null, "traffic_calming": null, "description": null, "man_made": null, "ele": null, "ele:DHHN92": null, "barrier": null, "note": null, "bicycle": null, "stop": null, "red_turn:right:bicycle": null, "red_turn:right": null, "old_name": null, "u": 27381036, "v": 7727096048, "key": 0 }, "geometry": { "type": "Point", "coordinates": [ 7.0667536, 50.7105967 ] } },
{ "type": "Feature", "properties": { "element": "node", "id": 27381036, "highway": "traffic_signals", "traffic_signals": null, "traffic_signals:direction": null, "button_operated": null, "check_date:tactile_paving": null, "crossing": null, "source": null, "tactile_paving": null, "traffic_signals:sound": null, "traffic_signals:vibration": null, "direction": null, "traffic_calming": null, "description": null, "man_made": null, "ele": null, "ele:DHHN92": null, "barrier": null, "note": null, "bicycle": null, "stop": null, "red_turn:right:bicycle": null, "red_turn:right": null, "old_name": null, "u": 7727096048, "v": 27381036, "key": 0 }, "geometry": { "type": "Point", "coordinates": [ 7.0667536, 50.7105967 ] } },
{ "type": "Feature", "properties": { "element": "node", "id": 27381036, "highway": "traffic_signals", "traffic_signals": null, "traffic_signals:direction": null, "button_operated": null, "check_date:tactile_paving": null, "crossing": null, "source": null, "tactile_paving": null, "traffic_signals:sound": null, "traffic_signals:vibration": null, "direction": null, "traffic_calming": null, "description": null, "man_made": null, "ele": null, "ele:DHHN92": null, "barrier": null, "note": null, "bicycle": null, "stop": null, "red_turn:right:bicycle": null, "red_turn:right": null, "old_name": null, "u": 27381036, "v": 251828617, "key": 0 }, "geometry": { "type": "Point", "coordinates": [ 7.0667536, 50.7105967 ] } },
{ "type": "Feature", "properties": { "element": "node", "id": 27381036, "highway": "traffic_signals", "traffic_signals": null, "traffic_signals:direction": null, "button_operated": null, "check_date:tactile_paving": null, "crossing": null, "source": null, "tactile_paving": null, "traffic_signals:sound": null, "traffic_signals:vibration": null, "direction": null, "traffic_calming": null, "description": null, "man_made": null, "ele": null, "ele:DHHN92": null, "barrier": null, "note": null, "bicycle": null, "stop": null, "red_turn:right:bicycle": null, "red_turn:right": null, "old_name": null, "u": 251828617, "v": 27381036, "key": 0 }, "geometry": { "type": "Point", "coordinates": [ 7.0667536, 50.7105967 ] } },
{ "type": "Feature", "properties": { "element": "node", "id": 27381036, "highway": "traffic_signals", "traffic_signals": null, "traffic_signals:direction": null, "button_operated": null, "check_date:tactile_paving": null, "crossing": null, "source": null, "tactile_paving": null, "traffic_signals:sound": null, "traffic_signals:vibration": null, "direction": null, "traffic_calming": null, "description": null, "man_made": null, "ele": null, "ele:DHHN92": null, "barrier": null, "note": null, "bicycle": null, "stop": null, "red_turn:right:bicycle": null, "red_turn:right": null, "old_name": null, "u": 31768433, "v": 27381036, "key": 0 }, "geometry": { "type": "Point", "coordinates": [ 7.0667536, 50.7105967 ] } },
{ "type": "Feature", "properties": { "element": "node", "id": 27381036, "highway": "traffic_signals", "traffic_signals": null, "traffic_signals:direction": null, "button_operated": null, "check_date:tactile_paving": null, "crossing": null, "source": null, "tactile_paving": null, "traffic_signals:sound": null, "traffic_signals:vibration": null, "direction": null, "traffic_calming": null, "description": null, "man_made": null, "ele": null, "ele:DHHN92": null, "barrier": null, "note": null, "bicycle": null, "stop": null, "red_turn:right:bicycle": null, "red_turn:right": null, "old_name": null, "u": 27381036, "v": 31768433, "key": 0 }, "geometry": { "type": "Point", "coordinates": [ 7.0667536, 50.7105967 ] } },
{ "type": "Feature", "properties": { "element": "node", "id": 27381998, "highway": "traffic_signals", "traffic_signals": null, "traffic_signals:direction": null, "button_operated": null, "check_date:tactile_paving": null, "crossing": null, "source": null, "tactile_paving": null, "traffic_signals:sound": null, "traffic_signals:vibration": null, "direction": null, "traffic_calming": null, "description": null, "man_made": null, "ele": null, "ele:DHHN92": null, "barrier": null, "note": null, "bicycle": null, "stop": null, "red_turn:right:bicycle": null, "red_turn:right": null, "old_name": null, "u": 173306890, "v": 27381998, "key": 0 }, "geometry": { "type": "Point", "coordinates": [ 7.0677506, 50.7081458 ] } },
{ "type": "Feature", "properties": { "element": "node", "id": 27381998, "highway": "traffic_signals", "traffic_signals": null, "traffic_signals:direction": null, "button_operated": null, "check_date:tactile_paving": null, "crossing": null, "source": null, "tactile_paving": null, "traffic_signals:sound": null, "traffic_signals:vibration": null, "direction": null, "traffic_calming": null, "description": null, "man_made": null, "ele": null, "ele:DHHN92": null, "barrier": null, "note": null, "bicycle": null, "stop": null, "red_turn:right:bicycle": null, "red_turn:right": null, "old_name": null, "u": 27381998, "v": 173306890, "key": 0 }, "geometry": { "type": "Point", "coordinates": [ 7.0677506, 50.7081458 ] } },
{ "type": "Feature", "properties": { "element": "node", "id": 27381998, "highway": "traffic_signals", "traffic_signals": null, "traffic_signals:direction": null, "button_operated": null, "check_date:tactile_paving": null, "crossing": null, "source": null, "tactile_paving": null, "traffic_signals:sound": null, "traffic_signals:vibration": null, "direction": null, "traffic_calming": null, "description": null, "man_made": null, "ele": null, "ele:DHHN92": null, "barrier": null, "note": null, "bicycle": null, "stop": null, "red_turn:right:bicycle": null, "red_turn:right": null, "old_name": null, "u": 2371408088, "v": 27381998, "key": 0 }, "geometry": { "type": "Point", "coordinates": [ 7.0677506, 50.7081458 ] } },
{ "type": "Feature", "properties": { "element": "node", "id": 27381998, "highway": "traffic_signals", "traffic_signals": null, "traffic_signals:direction": null, "button_operated": null, "check_date:tactile_paving": null, "crossing": null, "source": null, "tactile_paving": null, "traffic_signals:sound": null, "traffic_signals:vibration": null, "direction": null, "traffic_calming": null, "description": null, "man_made": null, "ele": null, "ele:DHHN92": null, "barrier": null, "note": null, "bicycle": null, "stop": null, "red_turn:right:bicycle": null, "red_turn:right": null, "old_name": null, "u": 27381998, "v": 2371408094, "key": 0 }, "geometry": { "type": "Point", "coordinates": [ 7.0677506, 50.7081458 ] } },
{ "type": "Feature", "properties": { "element": "node", "id": 27381998, "highway": "traffic_signals", "traffic_signals": null, "traffic_signals:direction": null, "button_operated": null, "check_date:tactile_paving": null, "crossing": null, "source": null, "tactile_paving": null, "traffic_signals:sound": null, "traffic_signals:vibration": null, "direction": null, "traffic_calming": null, "description": null, "man_made": null, "ele": null, "ele:DHHN92": null, "barrier": null, "note": null, "bicycle": null, "stop": null, "red_turn:right:bicycle": null, "red_turn:right": null, "old_name": null, "u": 2371408094, "v": 27381998, "key": 0 }, "geometry": { "type": "Point", "coordinates": [ 7.0677506, 50.7081458 ] } },
{ "type": "Feature", "properties": { "element": "node", "id": 27411475, "highway": "traffic_signals", "traffic_signals": null, "traffic_signals:direction": null, "button_operated": null, "check_date:tactile_paving": null, "crossing": null, "source": null, "tactile_paving": null, "traffic_signals:sound": null, "traffic_signals:vibration": null, "direction": null, "traffic_calming": null, "description": null, "man_made": null, "ele": null, "ele:DHHN92": null, "barrier": null, "note": null, "bicycle": null, "stop": null, "red_turn:right:bicycle": null, "red_turn:right": null, "old_name": null, "u": 27411475, "v": 26474348, "key": 0 }, "geometry": { "type": "Point", "coordinates": [ 7.1011377, 50.7411323 ] } },
{ "type": "Feature", "properties": { "element": "node", "id": 27411475, "highway": "traffic_signals", "traffic_signals": null, "traffic_signals:direction": null, "button_operated": null, "check_date:tactile_paving": null, "crossing": null, "source": null, "tactile_paving": null, "traffic_signals:sound": null, "traffic_signals:vibration": null, "direction": null, "traffic_calming": null, "description": null, "man_made": null, "ele": null, "ele:DHHN92": null, "barrier": null, "note": null, "bicycle": null, "stop": null, "red_turn:right:bicycle": null, "red_turn:right": null, "old_name": null, "u": 311788485, "v": 27411475, "key": 0 }, "geometry": { "type": "Point", "coordinates": [ 7.1011377, 50.7411323 ] } },
{ "type": "Feature", "properties": { "element": "node", "id": 27411475, "highway": "traffic_signals", "traffic_signals": null, "traffic_signals:direction": null, "button_operated": null, "check_date:tactile_paving": null, "crossing": null, "source": null, "tactile_paving": null, "traffic_signals:sound": null, "traffic_signals:vibration": null, "direction": null, "traffic_calming": null, "description": null, "man_made": null, "ele": null, "ele:DHHN92": null, "barrier": null, "note": null, "bicycle": null, "stop": null, "red_turn:right:bicycle": null, "red_turn:right": null, "old_name": null, "u": 27411475, "v": 27411476, "key": 0 }, "geometry": { "type": "Point", "coordinates": [ 7.1011377, 50.7411323 ] } },
{ "type": "Feature", "properties": { "element": "node", "id": 27411475, "highway": "traffic_signals", "traffic_signals": null, "traffic_signals:direction": null, "button_operated": null, "check_date:tactile_paving": null, "crossing": null, "source": null, "tactile_paving": null, "traffic_signals:sound": null, "traffic_signals:vibration": null, "direction": null, "traffic_calming": null, "description": null, "man_made": null, "ele": null, "ele:DHHN92": null, "barrier": null, "note": null, "bicycle": null, "stop": null, "red_turn:right:bicycle": null, "red_turn:right": null, "old_name": null, "u": 27411476, "v": 27411475, "key": 0 }, "geometry": { "type": "Point", "coordinates": [ 7.1011377, 50.7411323 ] } },
{ "type": "Feature", "properties": { "element": "node", "id": 27411475, "highway": "traffic_signals", "traffic_signals": null, "traffic_signals:direction": null, "button_operated": null, "check_date:tactile_paving": null, "crossing": null, "source": null, "tactile_paving": null, "traffic_signals:sound": null, "traffic_signals:vibration": null, "direction": null, "traffic_calming": null, "description": null, "man_made": null, "ele": null, "ele:DHHN92": null, "barrier": null, "note": null, "bicycle": null, "stop": null, "red_turn:right:bicycle": null, "red_turn:right": null, "old_name": null, "u": 27411475, "v": 312884720, "key": 0 }, "geometry": { "type": "Point", "coordinates": [ 7.1011377, 50.7411323 ] } },
{ "type": "Feature", "properties": { "element": "node", "id": 27411475, "highway": "traffic_signals", "traffic_signals": null, "traffic_signals:direction": null, "button_operated": null, "check_date:tactile_paving": null, "crossing": null, "source": null, "tactile_paving": null, "traffic_signals:sound": null, "traffic_signals:vibration": null, "direction": null, "traffic_calming": null, "description": null, "man_made": null, "ele": null, "ele:DHHN92": null, "barrier": null, "note": null, "bicycle": null, "stop": null, "red_turn:right:bicycle": null, "red_turn:right": null, "old_name": null, "u": 312884720, "v": 27411475, "key": 0 }, "geometry": { "type": "Point", "coordinates": [ 7.1011377, 50.7411323 ] } },
{ "type": "Feature", "properties": { "element": "node", "id": 27411475, "highway": "traffic_signals", "traffic_signals": null, "traffic_signals:direction": null, "button_operated": null, "check_date:tactile_paving": null, "crossing": null, "source": null, "tactile_paving": null, "traffic_signals:sound": null, "traffic_signals:vibration": null, "direction": null, "traffic_calming": null, "description": null, "man_made": null, "ele": null, "ele:DHHN92": null, "barrier": null, "note": null, "bicycle": null, "stop": null, "red_turn:right:bicycle": null, "red_turn:right": null, "old_name": null, "u": 1578426801, "v": 27411475, "key": 0 }, "geometry": { "type": "Point", "coordinates": [ 7.1011377, 50.7411323 ] } },
{ "type": "Feature", "properties": { "element": "node", "id": 27411475, "highway": "traffic_signals", "traffic_signals": null, "traffic_signals:direction": null, "button_operated": null, "check_date:tactile_paving": null, "crossing": null, "source": null, "tactile_paving": null, "traffic_signals:sound": null, "traffic_signals:vibration": null, "direction": null, "traffic_calming": null, "description": null, "man_made": null, "ele": null, "ele:DHHN92": null, "barrier": null, "note": null, "bicycle": null, "stop": null, "red_turn:right:bicycle": null, "red_turn:right": null, "old_name": null, "u": 27411475, "v": 1578426801, "key": 0 }, "geometry": { "type": "Point", "coordinates": [ 7.1011377, 50.7411323 ] } },
{ "type": "Feature", "properties": { "element": "node", "id": 29810420, "highway": "traffic_signals", "traffic_signals": null, "traffic_signals:direction": null, "button_operated": null, "check_date:tactile_paving": null, "crossing": null, "source": null, "tactile_paving": null, "traffic_signals:sound": null, "traffic_signals:vibration": null, "direction": null, "traffic_calming": null, "description": null, "man_made": null, "ele": null, "ele:DHHN92": null, "barrier": null, "note": null, "bicycle": null, "stop": null, "red_turn:right:bicycle": null, "red_turn:right": null, "old_name": null, "u": 29810420, "v": 29810424, "key": 0 }, "geometry": { "type": "Point", "coordinates": [ 7.091475, 50.7387281 ] } },
{ "type": "Feature", "properties": { "element": "node", "id": 29810420, "highway": "traffic_signals", "traffic_signals": null, "traffic_signals:direction": null, "button_operated": null, "check_date:tactile_paving": null, "crossing": null, "source": null, "tactile_paving": null, "traffic_signals:sound": null, "traffic_signals:vibration": null, "direction": null, "traffic_calming": null, "description": null, "man_made": null, "ele": null, "ele:DHHN92": null, "barrier": null, "note": null, "bicycle": null, "stop": null, "red_turn:right:bicycle": null, "red_turn:right": null, "old_name": null, "u": 26646117, "v": 29810420, "key": 0 }, "geometry": { "type": "Point", "coordinates": [ 7.091475, 50.7387281 ] } },
{ "type": "Feature", "properties": { "element": "node", "id": 29810420, "highway": "traffic_signals", "traffic_signals": null, "traffic_signals:direction": null, "button_operated": null, "check_date:tactile_paving": null, "crossing": null, "source": null, "tactile_paving": null, "traffic_signals:sound": null, "traffic_signals:vibration": null, "direction": null, "traffic_calming": null, "description": null, "man_made": null, "ele": null, "ele:DHHN92": null, "barrier": null, "note": null, "bicycle": null, "stop": null, "red_turn:right:bicycle": null, "red_turn:right": null, "old_name": null, "u": 29810420, "v": 26646117, "key": 0 }, "geometry": { "type": "Point", "coordinates": [ 7.091475, 50.7387281 ] } },
{ "type": "Feature", "properties": { "element": "node", "id": 29810420, "highway": "traffic_signals", "traffic_signals": null, "traffic_signals:direction": null, "button_operated": null, "check_date:tactile_paving": null, "crossing": null, "source": null, "tactile_paving": null, "traffic_signals:sound": null, "traffic_signals:vibration": null, "direction": null, "traffic_calming": null, "description": null, "man_made": null, "ele": null, "ele:DHHN92": null, "barrier": null, "note": null, "bicycle": null, "stop": null, "red_turn:right:bicycle": null, "red_turn:right": null, "old_name": null, "u": 29810427, "v": 29810420, "key": 0 }, "geometry": { "type": "Point", "coordinates": [ 7.091475, 50.7387281 ] } },
{ "type": "Feature", "properties": { "element": "node", "id": 29810420, "highway": "traffic_signals", "traffic_signals": null, "traffic_signals:direction": null, "button_operated": null, "check_date:tactile_paving": null, "crossing": null, "source": null, "tactile_paving": null, "traffic_signals:sound": null, "traffic_signals:vibration": null, "direction": null, "traffic_calming": null, "description": null, "man_made": null, "ele": null, "ele:DHHN92": null, "barrier": null, "note": null, "bicycle": null, "stop": null, "red_turn:right:bicycle": null, "red_turn:right": null, "old_name": null, "u": 29810420, "v": 26966239, "key": 0 }, "geometry": { "type": "Point", "coordinates": [ 7.091475, 50.7387281 ] } },
{ "type": "Feature", "properties": { "element": "node", "id": 29810430, "highway": "traffic_signals", "traffic_signals": null, "traffic_signals:direction": null, "button_operated": null, "check_date:tactile_paving": null, "crossing": null, "source": null, "tactile_paving": null, "traffic_signals:sound": null, "traffic_signals:vibration": null, "direction": null, "traffic_calming": null, "description": null, "man_made": null, "ele": null, "ele:DHHN92": null, "barrier": null, "note": null, "bicycle": null, "stop": null, "red_turn:right:bicycle": null, "red_turn:right": null, "old_name": null, "u": 26607874, "v": 26607863, "key": 0 }, "geometry": { "type": "Point", "coordinates": [ 7.0918981, 50.736347 ] } },
{ "type": "Feature", "properties": { "element": "node", "id": 30273941, "highway": "traffic_signals", "traffic_signals": null, "traffic_signals:direction": null, "button_operated": null, "check_date:tactile_paving": null, "crossing": null, "source": null, "tactile_paving": null, "traffic_signals:sound": null, "traffic_signals:vibration": null, "direction": null, "traffic_calming": null, "description": null, "man_made": null, "ele": null, "ele:DHHN92": null, "barrier": null, "note": null, "bicycle": null, "stop": null, "red_turn:right:bicycle": null, "red_turn:right": null, "old_name": null, "u": 1597786788, "v": 30273941, "key": 0 }, "geometry": { "type": "Point", "coordinates": [ 7.0939615, 50.7478192 ] } },
{ "type": "Feature", "properties": { "element": "node", "id": 30273941, "highway": "traffic_signals", "traffic_signals": null, "traffic_signals:direction": null, "button_operated": null, "check_date:tactile_paving": null, "crossing": null, "source": null, "tactile_paving": null, "traffic_signals:sound": null, "traffic_signals:vibration": null, "direction": null, "traffic_calming": null, "description": null, "man_made": null, "ele": null, "ele:DHHN92": null, "barrier": null, "note": null, "bicycle": null, "stop": null, "red_turn:right:bicycle": null, "red_turn:right": null, "old_name": null, "u": 30273941, "v": 355228544, "key": 0 }, "geometry": { "type": "Point", "coordinates": [ 7.0939615, 50.7478192 ] } },
{ "type": "Feature", "properties": { "element": "node", "id": 30273941, "highway": "traffic_signals", "traffic_signals": null, "traffic_signals:direction": null, "button_operated": null, "check_date:tactile_paving": null, "crossing": null, "source": null, "tactile_paving": null, "traffic_signals:sound": null, "traffic_signals:vibration": null, "direction": null, "traffic_calming": null, "description": null, "man_made": null, "ele": null, "ele:DHHN92": null, "barrier": null, "note": null, "bicycle": null, "stop": null, "red_turn:right:bicycle": null, "red_turn:right": null, "old_name": null, "u": 355228544, "v": 30273941, "key": 0 }, "geometry": { "type": "Point", "coordinates": [ 7.0939615, 50.7478192 ] } },
{ "type": "Feature", "properties": { "element": "node", "id": 30273941, "highway": "traffic_signals", "traffic_signals": null, "traffic_signals:direction": null, "button_operated": null, "check_date:tactile_paving": null, "crossing": null, "source": null, "tactile_paving": null, "traffic_signals:sound": null, "traffic_signals:vibration": null, "direction": null, "traffic_calming": null, "description": null, "man_made": null, "ele": null, "ele:DHHN92": null, "barrier": null, "note": null, "bicycle": null, "stop": null, "red_turn:right:bicycle": null, "red_turn:right": null, "old_name": null, "u": 30273941, "v": 9554422882, "key": 0 }, "geometry": { "type": "Point", "coordinates": [ 7.0939615, 50.7478192 ] } },
{ "type": "Feature", "properties": { "element": "node", "id": 30273941, "highway": "traffic_signals", "traffic_signals": null, "traffic_signals:direction": null, "button_operated": null, "check_date:tactile_paving": null, "crossing": null, "source": null, "tactile_paving": null, "traffic_signals:sound": null, "traffic_signals:vibration": null, "direction": null, "traffic_calming": null, "description": null, "man_made": null, "ele": null, "ele:DHHN92": null, "barrier": null, "note": null, "bicycle": null, "stop": null, "red_turn:right:bicycle": null, "red_turn:right": null, "old_name": null, "u": 9554422882, "v": 30273941, "key": 0 }, "geometry": { "type": "Point", "coordinates": [ 7.0939615, 50.7478192 ] } },
{ "type": "Feature", "properties": { "element": "node", "id": 30273941, "highway": "traffic_signals", "traffic_signals": null, "traffic_signals:direction": null, "button_operated": null, "check_date:tactile_paving": null, "crossing": null, "source": null, "tactile_paving": null, "traffic_signals:sound": null, "traffic_signals:vibration": null, "direction": null, "traffic_calming": null, "description": null, "man_made": null, "ele": null, "ele:DHHN92": null, "barrier": null, "note": null, "bicycle": null, "stop": null, "red_turn:right:bicycle": null, "red_turn:right": null, "old_name": null, "u": 30273941, "v": 504467286, "key": 0 }, "geometry": { "type": "Point", "coordinates": [ 7.0939615, 50.7478192 ] } },
{ "type": "Feature", "properties": { "element": "node", "id": 30415757, "highway": "traffic_signals", "traffic_signals": null, "traffic_signals:direction": null, "button_operated": null, "check_date:tactile_paving": null, "crossing": null, "source": null, "tactile_paving": null, "traffic_signals:sound": null, "traffic_signals:vibration": null, "direction": null, "traffic_calming": null, "description": null, "man_made": null, "ele": null, "ele:DHHN92": null, "barrier": null, "note": null, "bicycle": null, "stop": null, "red_turn:right:bicycle": null, "red_turn:right": null, "old_name": null, "u": 30415757, "v": 1578426801, "key": 0 }, "geometry": { "type": "Point", "coordinates": [ 7.1006699, 50.7424823 ] } },
{ "type": "Feature", "properties": { "element": "node", "id": 30415757, "highway": "traffic_signals", "traffic_signals": null, "traffic_signals:direction": null, "button_operated": null, "check_date:tactile_paving": null, "crossing": null, "source": null, "tactile_paving": null, "traffic_signals:sound": null, "traffic_signals:vibration": null, "direction": null, "traffic_calming": null, "description": null, "man_made": null, "ele": null, "ele:DHHN92": null, "barrier": null, "note": null, "bicycle": null, "stop": null, "red_turn:right:bicycle": null, "red_turn:right": null, "old_name": null, "u": 1578426801, "v": 30415757, "key": 0 }, "geometry": { "type": "Point", "coordinates": [ 7.1006699, 50.7424823 ] } },
{ "type": "Feature", "properties": { "element": "node", "id": 30415757, "highway": "traffic_signals", "traffic_signals": null, "traffic_signals:direction": null, "button_operated": null, "check_date:tactile_paving": null, "crossing": null, "source": null, "tactile_paving": null, "traffic_signals:sound": null, "traffic_signals:vibration": null, "direction": null, "traffic_calming": null, "description": null, "man_made": null, "ele": null, "ele:DHHN92": null, "barrier": null, "note": null, "bicycle": null, "stop": null, "red_turn:right:bicycle": null, "red_turn:right": null, "old_name": null, "u": 30415757, "v": 30433400, "key": 0 }, "geometry": { "type": "Point", "coordinates": [ 7.1006699, 50.7424823 ] } },
{ "type": "Feature", "properties": { "element": "node", "id": 30415757, "highway": "traffic_signals", "traffic_signals": null, "traffic_signals:direction": null, "button_operated": null, "check_date:tactile_paving": null, "crossing": null, "source": null, "tactile_paving": null, "traffic_signals:sound": null, "traffic_signals:vibration": null, "direction": null, "traffic_calming": null, "description": null, "man_made": null, "ele": null, "ele:DHHN92": null, "barrier": null, "note": null, "bicycle": null, "stop": null, "red_turn:right:bicycle": null, "red_turn:right": null, "old_name": null, "u": 30433400, "v": 30415757, "key": 0 }, "geometry": { "type": "Point", "coordinates": [ 7.1006699, 50.7424823 ] } },
{ "type": "Feature", "properties": { "element": "node", "id": 30415757, "highway": "traffic_signals", "traffic_signals": null, "traffic_signals:direction": null, "button_operated": null, "check_date:tactile_paving": null, "crossing": null, "source": null, "tactile_paving": null, "traffic_signals:sound": null, "traffic_signals:vibration": null, "direction": null, "traffic_calming": null, "description": null, "man_made": null, "ele": null, "ele:DHHN92": null, "barrier": null, "note": null, "bicycle": null, "stop": null, "red_turn:right:bicycle": null, "red_turn:right": null, "old_name": null, "u": 30415757, "v": 30450792, "key": 0 }, "geometry": { "type": "Point", "coordinates": [ 7.1006699, 50.7424823 ] } },
{ "type": "Feature", "properties": { "element": "node", "id": 30415757, "highway": "traffic_signals", "traffic_signals": null, "traffic_signals:direction": null, "button_operated": null, "check_date:tactile_paving": null, "crossing": null, "source": null, "tactile_paving": null, "traffic_signals:sound": null, "traffic_signals:vibration": null, "direction": null, "traffic_calming": null, "description": null, "man_made": null, "ele": null, "ele:DHHN92": null, "barrier": null, "note": null, "bicycle": null, "stop": null, "red_turn:right:bicycle": null, "red_turn:right": null, "old_name": null, "u": 626369110, "v": 30415757, "key": 0 }, "geometry": { "type": "Point", "coordinates": [ 7.1006699, 50.7424823 ] } },
{ "type": "Feature", "properties": { "element": "node", "id": 30415757, "highway": "traffic_signals", "traffic_signals": null, "traffic_signals:direction": null, "button_operated": null, "check_date:tactile_paving": null, "crossing": null, "source": null, "tactile_paving": null, "traffic_signals:sound": null, "traffic_signals:vibration": null, "direction": null, "traffic_calming": null, "description": null, "man_made": null, "ele": null, "ele:DHHN92": null, "barrier": null, "note": null, "bicycle": null, "stop": null, "red_turn:right:bicycle": null, "red_turn:right": null, "old_name": null, "u": 30415757, "v": 626369110, "key": 0 }, "geometry": { "type": "Point", "coordinates": [ 7.1006699, 50.7424823 ] } },
{ "type": "Feature", "properties": { "element": "node", "id": 30429407, "highway": "traffic_signals", "traffic_signals": null, "traffic_signals:direction": null, "button_operated": null, "check_date:tactile_paving": null, "crossing": null, "source": null, "tactile_paving": null, "traffic_signals:sound": null, "traffic_signals:vibration": null, "direction": null, "traffic_calming": null, "description": null, "man_made": null, "ele": null, "ele:DHHN92": null, "barrier": null, "note": null, "bicycle": null, "stop": null, "red_turn:right:bicycle": null, "red_turn:right": null, "old_name": null, "u": 78614559, "v": 103968921, "key": 0 }, "geometry": { "type": "Point", "coordinates": [ 7.0949806, 50.7291892 ] } },
{ "type": "Feature", "properties": { "element": "node", "id": 30429407, "highway": "traffic_signals", "traffic_signals": null, "traffic_signals:direction": null, "button_operated": null, "check_date:tactile_paving": null, "crossing": null, "source": null, "tactile_paving": null, "traffic_signals:sound": null, "traffic_signals:vibration": null, "direction": null, "traffic_calming": null, "description": null, "man_made": null, "ele": null, "ele:DHHN92": null, "barrier": null, "note": null, "bicycle": null, "stop": null, "red_turn:right:bicycle": null, "red_turn:right": null, "old_name": null, "u": 103968921, "v": 78614559, "key": 0 }, "geometry": { "type": "Point", "coordinates": [ 7.0949806, 50.7291892 ] } },
{ "type": "Feature", "properties": { "element": "node", "id": 30810836, "highway": "traffic_signals", "traffic_signals": null, "traffic_signals:direction": null, "button_operated": null, "check_date:tactile_paving": null, "crossing": null, "source": null, "tactile_paving": null, "traffic_signals:sound": null, "traffic_signals:vibration": null, "direction": null, "traffic_calming": null, "description": null, "man_made": null, "ele": null, "ele:DHHN92": null, "barrier": null, "note": null, "bicycle": null, "stop": null, "red_turn:right:bicycle": null, "red_turn:right": null, "old_name": null, "u": 30811852, "v": 30810836, "key": 0 }, "geometry": { "type": "Point", "coordinates": [ 7.0953205, 50.7360631 ] } },
{ "type": "Feature", "properties": { "element": "node", "id": 30810836, "highway": "traffic_signals", "traffic_signals": null, "traffic_signals:direction": null, "button_operated": null, "check_date:tactile_paving": null, "crossing": null, "source": null, "tactile_paving": null, "traffic_signals:sound": null, "traffic_signals:vibration": null, "direction": null, "traffic_calming": null, "description": null, "man_made": null, "ele": null, "ele:DHHN92": null, "barrier": null, "note": null, "bicycle": null, "stop": null, "red_turn:right:bicycle": null, "red_turn:right": null, "old_name": null, "u": 30810836, "v": 12635612196, "key": 0 }, "geometry": { "type": "Point", "coordinates": [ 7.0953205, 50.7360631 ] } },
{ "type": "Feature", "properties": { "element": "node", "id": 30810836, "highway": "traffic_signals", "traffic_signals": null, "traffic_signals:direction": null, "button_operated": null, "check_date:tactile_paving": null, "crossing": null, "source": null, "tactile_paving": null, "traffic_signals:sound": null, "traffic_signals:vibration": null, "direction": null, "traffic_calming": null, "description": null, "man_made": null, "ele": null, "ele:DHHN92": null, "barrier": null, "note": null, "bicycle": null, "stop": null, "red_turn:right:bicycle": null, "red_turn:right": null, "old_name": null, "u": 6818174927, "v": 30810836, "key": 0 }, "geometry": { "type": "Point", "coordinates": [ 7.0953205, 50.7360631 ] } },
{ "type": "Feature", "properties": { "element": "node", "id": 30812502, "highway": "traffic_signals", "traffic_signals": null, "traffic_signals:direction": null, "button_operated": null, "check_date:tactile_paving": null, "crossing": null, "source": null, "tactile_paving": null, "traffic_signals:sound": null, "traffic_signals:vibration": null, "direction": null, "traffic_calming": null, "description": null, "man_made": null, "ele": null, "ele:DHHN92": null, "barrier": null, "note": null, "bicycle": null, "stop": null, "red_turn:right:bicycle": null, "red_turn:right": null, "old_name": null, "u": 30812818, "v": 30812502, "key": 0 }, "geometry": { "type": "Point", "coordinates": [ 7.1047946, 50.730995 ] } },
{ "type": "Feature", "properties": { "element": "node", "id": 30812502, "highway": "traffic_signals", "traffic_signals": null, "traffic_signals:direction": null, "button_operated": null, "check_date:tactile_paving": null, "crossing": null, "source": null, "tactile_paving": null, "traffic_signals:sound": null, "traffic_signals:vibration": null, "direction": null, "traffic_calming": null, "description": null, "man_made": null, "ele": null, "ele:DHHN92": null, "barrier": null, "note": null, "bicycle": null, "stop": null, "red_turn:right:bicycle": null, "red_turn:right": null, "old_name": null, "u": 30812502, "v": 30812818, "key": 0 }, "geometry": { "type": "Point", "coordinates": [ 7.1047946, 50.730995 ] } },
{ "type": "Feature", "properties": { "element": "node", "id": 30812502, "highway": "traffic_signals", "traffic_signals": null, "traffic_signals:direction": null, "button_operated": null, "check_date:tactile_paving": null, "crossing": null, "source": null, "tactile_paving": null, "traffic_signals:sound": null, "traffic_signals:vibration": null, "direction": null, "traffic_calming": null, "description": null, "man_made": null, "ele": null, "ele:DHHN92": null, "barrier": null, "note": null, "bicycle": null, "stop": null, "red_turn:right:bicycle": null, "red_turn:right": null, "old_name": null, "u": 30812502, "v": 31369862, "key": 0 }, "geometry": { "type": "Point", "coordinates": [ 7.1047946, 50.730995 ] } },
{ "type": "Feature", "properties": { "element": "node", "id": 30812502, "highway": "traffic_signals", "traffic_signals": null, "traffic_signals:direction": null, "button_operated": null, "check_date:tactile_paving": null, "crossing": null, "source": null, "tactile_paving": null, "traffic_signals:sound": null, "traffic_signals:vibration": null, "direction": null, "traffic_calming": null, "description": null, "man_made": null, "ele": null, "ele:DHHN92": null, "barrier": null, "note": null, "bicycle": null, "stop": null, "red_turn:right:bicycle": null, "red_turn:right": null, "old_name": null, "u": 31369862, "v": 30812502, "key": 0 }, "geometry": { "type": "Point", "coordinates": [ 7.1047946, 50.730995 ] } },
{ "type": "Feature", "properties": { "element": "node", "id": 30812502, "highway": "traffic_signals", "traffic_signals": null, "traffic_signals:direction": null, "button_operated": null, "check_date:tactile_paving": null, "crossing": null, "source": null, "tactile_paving": null, "traffic_signals:sound": null, "traffic_signals:vibration": null, "direction": null, "traffic_calming": null, "description": null, "man_made": null, "ele": null, "ele:DHHN92": null, "barrier": null, "note": null, "bicycle": null, "stop": null, "red_turn:right:bicycle": null, "red_turn:right": null, "old_name": null, "u": 12474398564, "v": 30812502, "key": 0 }, "geometry": { "type": "Point", "coordinates": [ 7.1047946, 50.730995 ] } },
{ "type": "Feature", "properties": { "element": "node", "id": 30812502, "highway": "traffic_signals", "traffic_signals": null, "traffic_signals:direction": null, "button_operated": null, "check_date:tactile_paving": null, "crossing": null, "source": null, "tactile_paving": null, "traffic_signals:sound": null, "traffic_signals:vibration": null, "direction": null, "traffic_calming": null, "description": null, "man_made": null, "ele": null, "ele:DHHN92": null, "barrier": null, "note": null, "bicycle": null, "stop": null, "red_turn:right:bicycle": null, "red_turn:right": null, "old_name": null, "u": 30812502, "v": 12474398564, "key": 0 }, "geometry": { "type": "Point", "coordinates": [ 7.1047946, 50.730995 ] } },
{ "type": "Feature", "properties": { "element": "node", "id": 30812502, "highway": "traffic_signals", "traffic_signals": null, "traffic_signals:direction": null, "button_operated": null, "check_date:tactile_paving": null, "crossing": null, "source": null, "tactile_paving": null, "traffic_signals:sound": null, "traffic_signals:vibration": null, "direction": null, "traffic_calming": null, "description": null, "man_made": null, "ele": null, "ele:DHHN92": null, "barrier": null, "note": null, "bicycle": null, "stop": null, "red_turn:right:bicycle": null, "red_turn:right": null, "old_name": null, "u": 31369859, "v": 30812502, "key": 0 }, "geometry": { "type": "Point", "coordinates": [ 7.1047946, 50.730995 ] } },
{ "type": "Feature", "properties": { "element": "node", "id": 30812502, "highway": "traffic_signals", "traffic_signals": null, "traffic_signals:direction": null, "button_operated": null, "check_date:tactile_paving": null, "crossing": null, "source": null, "tactile_paving": null, "traffic_signals:sound": null, "traffic_signals:vibration": null, "direction": null, "traffic_calming": null, "description": null, "man_made": null, "ele": null, "ele:DHHN92": null, "barrier": null, "note": null, "bicycle": null, "stop": null, "red_turn:right:bicycle": null, "red_turn:right": null, "old_name": null, "u": 30812502, "v": 31369859, "key": 0 }, "geometry": { "type": "Point", "coordinates": [ 7.1047946, 50.730995 ] } },
{ "type": "Feature", "properties": { "element": "node", "id": 30812887, "highway": "traffic_signals", "traffic_signals": null, "traffic_signals:direction": null, "button_operated": null, "check_date:tactile_paving": null, "crossing": null, "source": null, "tactile_paving": null, "traffic_signals:sound": null, "traffic_signals:vibration": null, "direction": null, "traffic_calming": null, "description": null, "man_made": null, "ele": null, "ele:DHHN92": null, "barrier": null, "note": null, "bicycle": null, "stop": null, "red_turn:right:bicycle": null, "red_turn:right": null, "old_name": null, "u": 1544299627, "v": 30812887, "key": 0 }, "geometry": { "type": "Point", "coordinates": [ 7.1057511, 50.7270432 ] } },
{ "type": "Feature", "properties": { "element": "node", "id": 30812887, "highway": "traffic_signals", "traffic_signals": null, "traffic_signals:direction": null, "button_operated": null, "check_date:tactile_paving": null, "crossing": null, "source": null, "tactile_paving": null, "traffic_signals:sound": null, "traffic_signals:vibration": null, "direction": null, "traffic_calming": null, "description": null, "man_made": null, "ele": null, "ele:DHHN92": null, "barrier": null, "note": null, "bicycle": null, "stop": null, "red_turn:right:bicycle": null, "red_turn:right": null, "old_name": null, "u": 10020729338, "v": 30812887, "key": 0 }, "geometry": { "type": "Point", "coordinates": [ 7.1057511, 50.7270432 ] } },
{ "type": "Feature", "properties": { "element": "node", "id": 30812887, "highway": "traffic_signals", "traffic_signals": null, "traffic_signals:direction": null, "button_operated": null, "check_date:tactile_paving": null, "crossing": null, "source": null, "tactile_paving": null, "traffic_signals:sound": null, "traffic_signals:vibration": null, "direction": null, "traffic_calming": null, "description": null, "man_made": null, "ele": null, "ele:DHHN92": null, "barrier": null, "note": null, "bicycle": null, "stop": null, "red_turn:right:bicycle": null, "red_turn:right": null, "old_name": null, "u": 30812887, "v": 103943783, "key": 0 }, "geometry": { "type": "Point", "coordinates": [ 7.1057511, 50.7270432 ] } },
{ "type": "Feature", "properties": { "element": "node", "id": 30812887, "highway": "traffic_signals", "traffic_signals": null, "traffic_signals:direction": null, "button_operated": null, "check_date:tactile_paving": null, "crossing": null, "source": null, "tactile_paving": null, "traffic_signals:sound": null, "traffic_signals:vibration": null, "direction": null, "traffic_calming": null, "description": null, "man_made": null, "ele": null, "ele:DHHN92": null, "barrier": null, "note": null, "bicycle": null, "stop": null, "red_turn:right:bicycle": null, "red_turn:right": null, "old_name": null, "u": 30812887, "v": 27412025, "key": 0 }, "geometry": { "type": "Point", "coordinates": [ 7.1057511, 50.7270432 ] } },
{ "type": "Feature", "properties": { "element": "node", "id": 30812887, "highway": "traffic_signals", "traffic_signals": null, "traffic_signals:direction": null, "button_operated": null, "check_date:tactile_paving": null, "crossing": null, "source": null, "tactile_paving": null, "traffic_signals:sound": null, "traffic_signals:vibration": null, "direction": null, "traffic_calming": null, "description": null, "man_made": null, "ele": null, "ele:DHHN92": null, "barrier": null, "note": null, "bicycle": null, "stop": null, "red_turn:right:bicycle": null, "red_turn:right": null, "old_name": null, "u": 27412025, "v": 30812887, "key": 0 }, "geometry": { "type": "Point", "coordinates": [ 7.1057511, 50.7270432 ] } },
{ "type": "Feature", "properties": { "element": "node", "id": 30812890, "highway": "traffic_signals", "traffic_signals": null, "traffic_signals:direction": null, "button_operated": null, "check_date:tactile_paving": null, "crossing": null, "source": null, "tactile_paving": null, "traffic_signals:sound": null, "traffic_signals:vibration": null, "direction": null, "traffic_calming": null, "description": null, "man_made": null, "ele": null, "ele:DHHN92": null, "barrier": null, "note": null, "bicycle": null, "stop": null, "red_turn:right:bicycle": null, "red_turn:right": null, "old_name": null, "u": 1563757067, "v": 30812890, "key": 0 }, "geometry": { "type": "Point", "coordinates": [ 7.1017528, 50.7257983 ] } },
{ "type": "Feature", "properties": { "element": "node", "id": 30812890, "highway": "traffic_signals", "traffic_signals": null, "traffic_signals:direction": null, "button_operated": null, "check_date:tactile_paving": null, "crossing": null, "source": null, "tactile_paving": null, "traffic_signals:sound": null, "traffic_signals:vibration": null, "direction": null, "traffic_calming": null, "description": null, "man_made": null, "ele": null, "ele:DHHN92": null, "barrier": null, "note": null, "bicycle": null, "stop": null, "red_turn:right:bicycle": null, "red_turn:right": null, "old_name": null, "u": 30812890, "v": 1563757067, "key": 0 }, "geometry": { "type": "Point", "coordinates": [ 7.1017528, 50.7257983 ] } },
{ "type": "Feature", "properties": { "element": "node", "id": 30812890, "highway": "traffic_signals", "traffic_signals": null, "traffic_signals:direction": null, "button_operated": null, "check_date:tactile_paving": null, "crossing": null, "source": null, "tactile_paving": null, "traffic_signals:sound": null, "traffic_signals:vibration": null, "direction": null, "traffic_calming": null, "description": null, "man_made": null, "ele": null, "ele:DHHN92": null, "barrier": null, "note": null, "bicycle": null, "stop": null, "red_turn:right:bicycle": null, "red_turn:right": null, "old_name": null, "u": 30812889, "v": 30812890, "key": 0 }, "geometry": { "type": "Point", "coordinates": [ 7.1017528, 50.7257983 ] } },
{ "type": "Feature", "properties": { "element": "node", "id": 30812890, "highway": "traffic_signals", "traffic_signals": null, "traffic_signals:direction": null, "button_operated": null, "check_date:tactile_paving": null, "crossing": null, "source": null, "tactile_paving": null, "traffic_signals:sound": null, "traffic_signals:vibration": null, "direction": null, "traffic_calming": null, "description": null, "man_made": null, "ele": null, "ele:DHHN92": null, "barrier": null, "note": null, "bicycle": null, "stop": null, "red_turn:right:bicycle": null, "red_turn:right": null, "old_name": null, "u": 10023812826, "v": 30812890, "key": 0 }, "geometry": { "type": "Point", "coordinates": [ 7.1017528, 50.7257983 ] } },
{ "type": "Feature", "properties": { "element": "node", "id": 30812890, "highway": "traffic_signals", "traffic_signals": null, "traffic_signals:direction": null, "button_operated": null, "check_date:tactile_paving": null, "crossing": null, "source": null, "tactile_paving": null, "traffic_signals:sound": null, "traffic_signals:vibration": null, "direction": null, "traffic_calming": null, "description": null, "man_made": null, "ele": null, "ele:DHHN92": null, "barrier": null, "note": null, "bicycle": null, "stop": null, "red_turn:right:bicycle": null, "red_turn:right": null, "old_name": null, "u": 30812890, "v": 10023812826, "key": 0 }, "geometry": { "type": "Point", "coordinates": [ 7.1017528, 50.7257983 ] } },
{ "type": "Feature", "properties": { "element": "node", "id": 30812890, "highway": "traffic_signals", "traffic_signals": null, "traffic_signals:direction": null, "button_operated": null, "check_date:tactile_paving": null, "crossing": null, "source": null, "tactile_paving": null, "traffic_signals:sound": null, "traffic_signals:vibration": null, "direction": null, "traffic_calming": null, "description": null, "man_made": null, "ele": null, "ele:DHHN92": null, "barrier": null, "note": null, "bicycle": null, "stop": null, "red_turn:right:bicycle": null, "red_turn:right": null, "old_name": null, "u": 78582916, "v": 30812890, "key": 0 }, "geometry": { "type": "Point", "coordinates": [ 7.1017528, 50.7257983 ] } },
{ "type": "Feature", "properties": { "element": "node", "id": 30812890, "highway": "traffic_signals", "traffic_signals": null, "traffic_signals:direction": null, "button_operated": null, "check_date:tactile_paving": null, "crossing": null, "source": null, "tactile_paving": null, "traffic_signals:sound": null, "traffic_signals:vibration": null, "direction": null, "traffic_calming": null, "description": null, "man_made": null, "ele": null, "ele:DHHN92": null, "barrier": null, "note": null, "bicycle": null, "stop": null, "red_turn:right:bicycle": null, "red_turn:right": null, "old_name": null, "u": 30812890, "v": 78582916, "key": 0 }, "geometry": { "type": "Point", "coordinates": [ 7.1017528, 50.7257983 ] } },
{ "type": "Feature", "properties": { "element": "node", "id": 31002125, "highway": "traffic_signals", "traffic_signals": null, "traffic_signals:direction": null, "button_operated": null, "check_date:tactile_paving": null, "crossing": null, "source": null, "tactile_paving": null, "traffic_signals:sound": null, "traffic_signals:vibration": null, "direction": null, "traffic_calming": null, "description": null, "man_made": null, "ele": null, "ele:DHHN92": null, "barrier": null, "note": null, "bicycle": null, "stop": null, "red_turn:right:bicycle": null, "red_turn:right": null, "old_name": null, "u": 31768087, "v": 268279548, "key": 0 }, "geometry": { "type": "Point", "coordinates": [ 7.1290649, 50.7039766 ] } },
{ "type": "Feature", "properties": { "element": "node", "id": 31002125, "highway": "traffic_signals", "traffic_signals": null, "traffic_signals:direction": null, "button_operated": null, "check_date:tactile_paving": null, "crossing": null, "source": null, "tactile_paving": null, "traffic_signals:sound": null, "traffic_signals:vibration": null, "direction": null, "traffic_calming": null, "description": null, "man_made": null, "ele": null, "ele:DHHN92": null, "barrier": null, "note": null, "bicycle": null, "stop": null, "red_turn:right:bicycle": null, "red_turn:right": null, "old_name": null, "u": 268279548, "v": 31768087, "key": 0 }, "geometry": { "type": "Point", "coordinates": [ 7.1290649, 50.7039766 ] } },
{ "type": "Feature", "properties": { "element": "node", "id": 31002126, "highway": "traffic_signals", "traffic_signals": null, "traffic_signals:direction": null, "button_operated": null, "check_date:tactile_paving": null, "crossing": null, "source": null, "tactile_paving": null, "traffic_signals:sound": null, "traffic_signals:vibration": null, "direction": null, "traffic_calming": null, "description": null, "man_made": null, "ele": null, "ele:DHHN92": null, "barrier": null, "note": null, "bicycle": null, "stop": null, "red_turn:right:bicycle": null, "red_turn:right": null, "old_name": null, "u": 31768087, "v": 268279548, "key": 0 }, "geometry": { "type": "Point", "coordinates": [ 7.1293224, 50.7037494 ] } },
{ "type": "Feature", "properties": { "element": "node", "id": 31002126, "highway": "traffic_signals", "traffic_signals": null, "traffic_signals:direction": null, "button_operated": null, "check_date:tactile_paving": null, "crossing": null, "source": null, "tactile_paving": null, "traffic_signals:sound": null, "traffic_signals:vibration": null, "direction": null, "traffic_calming": null, "description": null, "man_made": null, "ele": null, "ele:DHHN92": null, "barrier": null, "note": null, "bicycle": null, "stop": null, "red_turn:right:bicycle": null, "red_turn:right": null, "old_name": null, "u": 268279548, "v": 31768087, "key": 0 }, "geometry": { "type": "Point", "coordinates": [ 7.1293224, 50.7037494 ] } },
{ "type": "Feature", "properties": { "element": "node", "id": 31180354, "highway": "traffic_signals", "traffic_signals": null, "traffic_signals:direction": null, "button_operated": null, "check_date:tactile_paving": null, "crossing": null, "source": "survey", "tactile_paving": null, "traffic_signals:sound": null, "traffic_signals:vibration": null, "direction": null, "traffic_calming": null, "description": null, "man_made": null, "ele": null, "ele:DHHN92": null, "barrier": null, "note": null, "bicycle": null, "stop": null, "red_turn:right:bicycle": null, "red_turn:right": null, "old_name": null, "u": 31943308, "v": 31180354, "key": 0 }, "geometry": { "type": "Point", "coordinates": [ 7.120475, 50.7393907 ] } },
{ "type": "Feature", "properties": { "element": "node", "id": 31180354, "highway": "traffic_signals", "traffic_signals": null, "traffic_signals:direction": null, "button_operated": null, "check_date:tactile_paving": null, "crossing": null, "source": "survey", "tactile_paving": null, "traffic_signals:sound": null, "traffic_signals:vibration": null, "direction": null, "traffic_calming": null, "description": null, "man_made": null, "ele": null, "ele:DHHN92": null, "barrier": null, "note": null, "bicycle": null, "stop": null, "red_turn:right:bicycle": null, "red_turn:right": null, "old_name": null, "u": 31180354, "v": 31943308, "key": 0 }, "geometry": { "type": "Point", "coordinates": [ 7.120475, 50.7393907 ] } },
{ "type": "Feature", "properties": { "element": "node", "id": 31180354, "highway": "traffic_signals", "traffic_signals": null, "traffic_signals:direction": null, "button_operated": null, "check_date:tactile_paving": null, "crossing": null, "source": "survey", "tactile_paving": null, "traffic_signals:sound": null, "traffic_signals:vibration": null, "direction": null, "traffic_calming": null, "description": null, "man_made": null, "ele": null, "ele:DHHN92": null, "barrier": null, "note": null, "bicycle": null, "stop": null, "red_turn:right:bicycle": null, "red_turn:right": null, "old_name": null, "u": 99365798, "v": 31180354, "key": 0 }, "geometry": { "type": "Point", "coordinates": [ 7.120475, 50.7393907 ] } },
{ "type": "Feature", "properties": { "element": "node", "id": 31180354, "highway": "traffic_signals", "traffic_signals": null, "traffic_signals:direction": null, "button_operated": null, "check_date:tactile_paving": null, "crossing": null, "source": "survey", "tactile_paving": null, "traffic_signals:sound": null, "traffic_signals:vibration": null, "direction": null, "traffic_calming": null, "description": null, "man_made": null, "ele": null, "ele:DHHN92": null, "barrier": null, "note": null, "bicycle": null, "stop": null, "red_turn:right:bicycle": null, "red_turn:right": null, "old_name": null, "u": 31180354, "v": 99365798, "key": 0 }, "geometry": { "type": "Point", "coordinates": [ 7.120475, 50.7393907 ] } },
{ "type": "Feature", "properties": { "element": "node", "id": 31180354, "highway": "traffic_signals", "traffic_signals": null, "traffic_signals:direction": null, "button_operated": null, "check_date:tactile_paving": null, "crossing": null, "source": "survey", "tactile_paving": null, "traffic_signals:sound": null, "traffic_signals:vibration": null, "direction": null, "traffic_calming": null, "description": null, "man_made": null, "ele": null, "ele:DHHN92": null, "barrier": null, "note": null, "bicycle": null, "stop": null, "red_turn:right:bicycle": null, "red_turn:right": null, "old_name": null, "u": 26508625, "v": 31180354, "key": 0 }, "geometry": { "type": "Point", "coordinates": [ 7.120475, 50.7393907 ] } },
{ "type": "Feature", "properties": { "element": "node", "id": 31180354, "highway": "traffic_signals", "traffic_signals": null, "traffic_signals:direction": null, "button_operated": null, "check_date:tactile_paving": null, "crossing": null, "source": "survey", "tactile_paving": null, "traffic_signals:sound": null, "traffic_signals:vibration": null, "direction": null, "traffic_calming": null, "description": null, "man_made": null, "ele": null, "ele:DHHN92": null, "barrier": null, "note": null, "bicycle": null, "stop": null, "red_turn:right:bicycle": null, "red_turn:right": null, "old_name": null, "u": 31180354, "v": 26508625, "key": 0 }, "geometry": { "type": "Point", "coordinates": [ 7.120475, 50.7393907 ] } },
{ "type": "Feature", "properties": { "element": "node", "id": 31180354, "highway": "traffic_signals", "traffic_signals": null, "traffic_signals:direction": null, "button_operated": null, "check_date:tactile_paving": null, "crossing": null, "source": "survey", "tactile_paving": null, "traffic_signals:sound": null, "traffic_signals:vibration": null, "direction": null, "traffic_calming": null, "description": null, "man_made": null, "ele": null, "ele:DHHN92": null, "barrier": null, "note": null, "bicycle": null, "stop": null, "red_turn:right:bicycle": null, "red_turn:right": null, "old_name": null, "u": 31180354, "v": 31180355, "key": 0 }, "geometry": { "type": "Point", "coordinates": [ 7.120475, 50.7393907 ] } },
{ "type": "Feature", "properties": { "element": "node", "id": 31180354, "highway": "traffic_signals", "traffic_signals": null, "traffic_signals:direction": null, "button_operated": null, "check_date:tactile_paving": null, "crossing": null, "source": "survey", "tactile_paving": null, "traffic_signals:sound": null, "traffic_signals:vibration": null, "direction": null, "traffic_calming": null, "description": null, "man_made": null, "ele": null, "ele:DHHN92": null, "barrier": null, "note": null, "bicycle": null, "stop": null, "red_turn:right:bicycle": null, "red_turn:right": null, "old_name": null, "u": 31180355, "v": 31180354, "key": 0 }, "geometry": { "type": "Point", "coordinates": [ 7.120475, 50.7393907 ] } },
{ "type": "Feature", "properties": { "element": "node", "id": 31180357, "highway": "traffic_signals", "traffic_signals": null, "traffic_signals:direction": null, "button_operated": null, "check_date:tactile_paving": null, "crossing": null, "source": null, "tactile_paving": null, "traffic_signals:sound": null, "traffic_signals:vibration": null, "direction": null, "traffic_calming": null, "description": null, "man_made": null, "ele": null, "ele:DHHN92": null, "barrier": null, "note": null, "bicycle": null, "stop": null, "red_turn:right:bicycle": null, "red_turn:right": null, "old_name": null, "u": 246824973, "v": 31180357, "key": 0 }, "geometry": { "type": "Point", "coordinates": [ 7.1256675, 50.7410795 ] } },
{ "type": "Feature", "properties": { "element": "node", "id": 31180357, "highway": "traffic_signals", "traffic_signals": null, "traffic_signals:direction": null, "button_operated": null, "check_date:tactile_paving": null, "crossing": null, "source": null, "tactile_paving": null, "traffic_signals:sound": null, "traffic_signals:vibration": null, "direction": null, "traffic_calming": null, "description": null, "man_made": null, "ele": null, "ele:DHHN92": null, "barrier": null, "note": null, "bicycle": null, "stop": null, "red_turn:right:bicycle": null, "red_turn:right": null, "old_name": null, "u": 31180357, "v": 246824973, "key": 0 }, "geometry": { "type": "Point", "coordinates": [ 7.1256675, 50.7410795 ] } },
{ "type": "Feature", "properties": { "element": "node", "id": 31180357, "highway": "traffic_signals", "traffic_signals": null, "traffic_signals:direction": null, "button_operated": null, "check_date:tactile_paving": null, "crossing": null, "source": null, "tactile_paving": null, "traffic_signals:sound": null, "traffic_signals:vibration": null, "direction": null, "traffic_calming": null, "description": null, "man_made": null, "ele": null, "ele:DHHN92": null, "barrier": null, "note": null, "bicycle": null, "stop": null, "red_turn:right:bicycle": null, "red_turn:right": null, "old_name": null, "u": 31180357, "v": 4407142337, "key": 0 }, "geometry": { "type": "Point", "coordinates": [ 7.1256675, 50.7410795 ] } },
{ "type": "Feature", "properties": { "element": "node", "id": 31180357, "highway": "traffic_signals", "traffic_signals": null, "traffic_signals:direction": null, "button_operated": null, "check_date:tactile_paving": null, "crossing": null, "source": null, "tactile_paving": null, "traffic_signals:sound": null, "traffic_signals:vibration": null, "direction": null, "traffic_calming": null, "description": null, "man_made": null, "ele": null, "ele:DHHN92": null, "barrier": null, "note": null, "bicycle": null, "stop": null, "red_turn:right:bicycle": null, "red_turn:right": null, "old_name": null, "u": 4407142337, "v": 31180357, "key": 0 }, "geometry": { "type": "Point", "coordinates": [ 7.1256675, 50.7410795 ] } },
{ "type": "Feature", "properties": { "element": "node", "id": 31180357, "highway": "traffic_signals", "traffic_signals": null, "traffic_signals:direction": null, "button_operated": null, "check_date:tactile_paving": null, "crossing": null, "source": null, "tactile_paving": null, "traffic_signals:sound": null, "traffic_signals:vibration": null, "direction": null, "traffic_calming": null, "description": null, "man_made": null, "ele": null, "ele:DHHN92": null, "barrier": null, "note": null, "bicycle": null, "stop": null, "red_turn:right:bicycle": null, "red_turn:right": null, "old_name": null, "u": 31180357, "v": 32310162, "key": 0 }, "geometry": { "type": "Point", "coordinates": [ 7.1256675, 50.7410795 ] } },
{ "type": "Feature", "properties": { "element": "node", "id": 31180357, "highway": "traffic_signals", "traffic_signals": null, "traffic_signals:direction": null, "button_operated": null, "check_date:tactile_paving": null, "crossing": null, "source": null, "tactile_paving": null, "traffic_signals:sound": null, "traffic_signals:vibration": null, "direction": null, "traffic_calming": null, "description": null, "man_made": null, "ele": null, "ele:DHHN92": null, "barrier": null, "note": null, "bicycle": null, "stop": null, "red_turn:right:bicycle": null, "red_turn:right": null, "old_name": null, "u": 32310162, "v": 31180357, "key": 0 }, "geometry": { "type": "Point", "coordinates": [ 7.1256675, 50.7410795 ] } },
{ "type": "Feature", "properties": { "element": "node", "id": 31180369, "highway": "traffic_signals", "traffic_signals": null, "traffic_signals:direction": null, "button_operated": null, "check_date:tactile_paving": null, "crossing": null, "source": null, "tactile_paving": null, "traffic_signals:sound": null, "traffic_signals:vibration": null, "direction": null, "traffic_calming": null, "description": null, "man_made": null, "ele": null, "ele:DHHN92": null, "barrier": null, "note": null, "bicycle": null, "stop": null, "red_turn:right:bicycle": null, "red_turn:right": null, "old_name": null, "u": 31180365, "v": 31180369, "key": 0 }, "geometry": { "type": "Point", "coordinates": [ 7.1199437, 50.7371549 ] } },
{ "type": "Feature", "properties": { "element": "node", "id": 31180369, "highway": "traffic_signals", "traffic_signals": null, "traffic_signals:direction": null, "button_operated": null, "check_date:tactile_paving": null, "crossing": null, "source": null, "tactile_paving": null, "traffic_signals:sound": null, "traffic_signals:vibration": null, "direction": null, "traffic_calming": null, "description": null, "man_made": null, "ele": null, "ele:DHHN92": null, "barrier": null, "note": null, "bicycle": null, "stop": null, "red_turn:right:bicycle": null, "red_turn:right": null, "old_name": null, "u": 31180369, "v": 31180365, "key": 0 }, "geometry": { "type": "Point", "coordinates": [ 7.1199437, 50.7371549 ] } },
{ "type": "Feature", "properties": { "element": "node", "id": 31180369, "highway": "traffic_signals", "traffic_signals": null, "traffic_signals:direction": null, "button_operated": null, "check_date:tactile_paving": null, "crossing": null, "source": null, "tactile_paving": null, "traffic_signals:sound": null, "traffic_signals:vibration": null, "direction": null, "traffic_calming": null, "description": null, "man_made": null, "ele": null, "ele:DHHN92": null, "barrier": null, "note": null, "bicycle": null, "stop": null, "red_turn:right:bicycle": null, "red_turn:right": null, "old_name": null, "u": 31942729, "v": 31180369, "key": 0 }, "geometry": { "type": "Point", "coordinates": [ 7.1199437, 50.7371549 ] } },
{ "type": "Feature", "properties": { "element": "node", "id": 31180369, "highway": "traffic_signals", "traffic_signals": null, "traffic_signals:direction": null, "button_operated": null, "check_date:tactile_paving": null, "crossing": null, "source": null, "tactile_paving": null, "traffic_signals:sound": null, "traffic_signals:vibration": null, "direction": null, "traffic_calming": null, "description": null, "man_made": null, "ele": null, "ele:DHHN92": null, "barrier": null, "note": null, "bicycle": null, "stop": null, "red_turn:right:bicycle": null, "red_turn:right": null, "old_name": null, "u": 31180369, "v": 31942729, "key": 0 }, "geometry": { "type": "Point", "coordinates": [ 7.1199437, 50.7371549 ] } },
{ "type": "Feature", "properties": { "element": "node", "id": 31180369, "highway": "traffic_signals", "traffic_signals": null, "traffic_signals:direction": null, "button_operated": null, "check_date:tactile_paving": null, "crossing": null, "source": null, "tactile_paving": null, "traffic_signals:sound": null, "traffic_signals:vibration": null, "direction": null, "traffic_calming": null, "description": null, "man_made": null, "ele": null, "ele:DHHN92": null, "barrier": null, "note": null, "bicycle": null, "stop": null, "red_turn:right:bicycle": null, "red_turn:right": null, "old_name": null, "u": 31180369, "v": 31180370, "key": 0 }, "geometry": { "type": "Point", "coordinates": [ 7.1199437, 50.7371549 ] } },
{ "type": "Feature", "properties": { "element": "node", "id": 31180369, "highway": "traffic_signals", "traffic_signals": null, "traffic_signals:direction": null, "button_operated": null, "check_date:tactile_paving": null, "crossing": null, "source": null, "tactile_paving": null, "traffic_signals:sound": null, "traffic_signals:vibration": null, "direction": null, "traffic_calming": null, "description": null, "man_made": null, "ele": null, "ele:DHHN92": null, "barrier": null, "note": null, "bicycle": null, "stop": null, "red_turn:right:bicycle": null, "red_turn:right": null, "old_name": null, "u": 31180370, "v": 31180369, "key": 0 }, "geometry": { "type": "Point", "coordinates": [ 7.1199437, 50.7371549 ] } },
{ "type": "Feature", "properties": { "element": "node", "id": 31180369, "highway": "traffic_signals", "traffic_signals": null, "traffic_signals:direction": null, "button_operated": null, "check_date:tactile_paving": null, "crossing": null, "source": null, "tactile_paving": null, "traffic_signals:sound": null, "traffic_signals:vibration": null, "direction": null, "traffic_calming": null, "description": null, "man_made": null, "ele": null, "ele:DHHN92": null, "barrier": null, "note": null, "bicycle": null, "stop": null, "red_turn:right:bicycle": null, "red_turn:right": null, "old_name": null, "u": 31180369, "v": 31942677, "key": 0 }, "geometry": { "type": "Point", "coordinates": [ 7.1199437, 50.7371549 ] } },
{ "type": "Feature", "properties": { "element": "node", "id": 31180369, "highway": "traffic_signals", "traffic_signals": null, "traffic_signals:direction": null, "button_operated": null, "check_date:tactile_paving": null, "crossing": null, "source": null, "tactile_paving": null, "traffic_signals:sound": null, "traffic_signals:vibration": null, "direction": null, "traffic_calming": null, "description": null, "man_made": null, "ele": null, "ele:DHHN92": null, "barrier": null, "note": null, "bicycle": null, "stop": null, "red_turn:right:bicycle": null, "red_turn:right": null, "old_name": null, "u": 31942677, "v": 31180369, "key": 0 }, "geometry": { "type": "Point", "coordinates": [ 7.1199437, 50.7371549 ] } },
{ "type": "Feature", "properties": { "element": "node", "id": 31325697, "highway": "traffic_signals", "traffic_signals": null, "traffic_signals:direction": null, "button_operated": null, "check_date:tactile_paving": null, "crossing": null, "source": null, "tactile_paving": null, "traffic_signals:sound": null, "traffic_signals:vibration": null, "direction": null, "traffic_calming": null, "description": null, "man_made": null, "ele": null, "ele:DHHN92": null, "barrier": null, "note": null, "bicycle": null, "stop": null, "red_turn:right:bicycle": null, "red_turn:right": null, "old_name": null, "u": 32519615, "v": 31325697, "key": 0 }, "geometry": { "type": "Point", "coordinates": [ 7.0999018, 50.7275686 ] } },
{ "type": "Feature", "properties": { "element": "node", "id": 31325697, "highway": "traffic_signals", "traffic_signals": null, "traffic_signals:direction": null, "button_operated": null, "check_date:tactile_paving": null, "crossing": null, "source": null, "tactile_paving": null, "traffic_signals:sound": null, "traffic_signals:vibration": null, "direction": null, "traffic_calming": null, "description": null, "man_made": null, "ele": null, "ele:DHHN92": null, "barrier": null, "note": null, "bicycle": null, "stop": null, "red_turn:right:bicycle": null, "red_turn:right": null, "old_name": null, "u": 31325697, "v": 32519615, "key": 0 }, "geometry": { "type": "Point", "coordinates": [ 7.0999018, 50.7275686 ] } },
{ "type": "Feature", "properties": { "element": "node", "id": 31325697, "highway": "traffic_signals", "traffic_signals": null, "traffic_signals:direction": null, "button_operated": null, "check_date:tactile_paving": null, "crossing": null, "source": null, "tactile_paving": null, "traffic_signals:sound": null, "traffic_signals:vibration": null, "direction": null, "traffic_calming": null, "description": null, "man_made": null, "ele": null, "ele:DHHN92": null, "barrier": null, "note": null, "bicycle": null, "stop": null, "red_turn:right:bicycle": null, "red_turn:right": null, "old_name": null, "u": 31325697, "v": 32519618, "key": 0 }, "geometry": { "type": "Point", "coordinates": [ 7.0999018, 50.7275686 ] } },
{ "type": "Feature", "properties": { "element": "node", "id": 31325697, "highway": "traffic_signals", "traffic_signals": null, "traffic_signals:direction": null, "button_operated": null, "check_date:tactile_paving": null, "crossing": null, "source": null, "tactile_paving": null, "traffic_signals:sound": null, "traffic_signals:vibration": null, "direction": null, "traffic_calming": null, "description": null, "man_made": null, "ele": null, "ele:DHHN92": null, "barrier": null, "note": null, "bicycle": null, "stop": null, "red_turn:right:bicycle": null, "red_turn:right": null, "old_name": null, "u": 32519618, "v": 31325697, "key": 0 }, "geometry": { "type": "Point", "coordinates": [ 7.0999018, 50.7275686 ] } },
{ "type": "Feature", "properties": { "element": "node", "id": 31325697, "highway": "traffic_signals", "traffic_signals": null, "traffic_signals:direction": null, "button_operated": null, "check_date:tactile_paving": null, "crossing": null, "source": null, "tactile_paving": null, "traffic_signals:sound": null, "traffic_signals:vibration": null, "direction": null, "traffic_calming": null, "description": null, "man_made": null, "ele": null, "ele:DHHN92": null, "barrier": null, "note": null, "bicycle": null, "stop": null, "red_turn:right:bicycle": null, "red_turn:right": null, "old_name": null, "u": 31325697, "v": 27412032, "key": 0 }, "geometry": { "type": "Point", "coordinates": [ 7.0999018, 50.7275686 ] } },
{ "type": "Feature", "properties": { "element": "node", "id": 31325697, "highway": "traffic_signals", "traffic_signals": null, "traffic_signals:direction": null, "button_operated": null, "check_date:tactile_paving": null, "crossing": null, "source": null, "tactile_paving": null, "traffic_signals:sound": null, "traffic_signals:vibration": null, "direction": null, "traffic_calming": null, "description": null, "man_made": null, "ele": null, "ele:DHHN92": null, "barrier": null, "note": null, "bicycle": null, "stop": null, "red_turn:right:bicycle": null, "red_turn:right": null, "old_name": null, "u": 27412032, "v": 31325697, "key": 0 }, "geometry": { "type": "Point", "coordinates": [ 7.0999018, 50.7275686 ] } },
{ "type": "Feature", "properties": { "element": "node", "id": 31325697, "highway": "traffic_signals", "traffic_signals": null, "traffic_signals:direction": null, "button_operated": null, "check_date:tactile_paving": null, "crossing": null, "source": null, "tactile_paving": null, "traffic_signals:sound": null, "traffic_signals:vibration": null, "direction": null, "traffic_calming": null, "description": null, "man_made": null, "ele": null, "ele:DHHN92": null, "barrier": null, "note": null, "bicycle": null, "stop": null, "red_turn:right:bicycle": null, "red_turn:right": null, "old_name": null, "u": 31325697, "v": 31326230, "key": 0 }, "geometry": { "type": "Point", "coordinates": [ 7.0999018, 50.7275686 ] } },
{ "type": "Feature", "properties": { "element": "node", "id": 31325697, "highway": "traffic_signals", "traffic_signals": null, "traffic_signals:direction": null, "button_operated": null, "check_date:tactile_paving": null, "crossing": null, "source": null, "tactile_paving": null, "traffic_signals:sound": null, "traffic_signals:vibration": null, "direction": null, "traffic_calming": null, "description": null, "man_made": null, "ele": null, "ele:DHHN92": null, "barrier": null, "note": null, "bicycle": null, "stop": null, "red_turn:right:bicycle": null, "red_turn:right": null, "old_name": null, "u": 31326230, "v": 31325697, "key": 0 }, "geometry": { "type": "Point", "coordinates": [ 7.0999018, 50.7275686 ] } },
{ "type": "Feature", "properties": { "element": "node", "id": 31369788, "highway": "traffic_signals", "traffic_signals": null, "traffic_signals:direction": null, "button_operated": null, "check_date:tactile_paving": null, "crossing": null, "source": null, "tactile_paving": null, "traffic_signals:sound": null, "traffic_signals:vibration": null, "direction": null, "traffic_calming": null, "description": null, "man_made": null, "ele": null, "ele:DHHN92": null, "barrier": null, "note": null, "bicycle": null, "stop": null, "red_turn:right:bicycle": null, "red_turn:right": null, "old_name": null, "u": 31369788, "v": 570697593, "key": 0 }, "geometry": { "type": "Point", "coordinates": [ 7.1132395, 50.7232696 ] } },
{ "type": "Feature", "properties": { "element": "node", "id": 31369788, "highway": "traffic_signals", "traffic_signals": null, "traffic_signals:direction": null, "button_operated": null, "check_date:tactile_paving": null, "crossing": null, "source": null, "tactile_paving": null, "traffic_signals:sound": null, "traffic_signals:vibration": null, "direction": null, "traffic_calming": null, "description": null, "man_made": null, "ele": null, "ele:DHHN92": null, "barrier": null, "note": null, "bicycle": null, "stop": null, "red_turn:right:bicycle": null, "red_turn:right": null, "old_name": null, "u": 31369788, "v": 330021594, "key": 0 }, "geometry": { "type": "Point", "coordinates": [ 7.1132395, 50.7232696 ] } },
{ "type": "Feature", "properties": { "element": "node", "id": 31369788, "highway": "traffic_signals", "traffic_signals": null, "traffic_signals:direction": null, "button_operated": null, "check_date:tactile_paving": null, "crossing": null, "source": null, "tactile_paving": null, "traffic_signals:sound": null, "traffic_signals:vibration": null, "direction": null, "traffic_calming": null, "description": null, "man_made": null, "ele": null, "ele:DHHN92": null, "barrier": null, "note": null, "bicycle": null, "stop": null, "red_turn:right:bicycle": null, "red_turn:right": null, "old_name": null, "u": 330021594, "v": 31369788, "key": 0 }, "geometry": { "type": "Point", "coordinates": [ 7.1132395, 50.7232696 ] } },
{ "type": "Feature", "properties": { "element": "node", "id": 31369788, "highway": "traffic_signals", "traffic_signals": null, "traffic_signals:direction": null, "button_operated": null, "check_date:tactile_paving": null, "crossing": null, "source": null, "tactile_paving": null, "traffic_signals:sound": null, "traffic_signals:vibration": null, "direction": null, "traffic_calming": null, "description": null, "man_made": null, "ele": null, "ele:DHHN92": null, "barrier": null, "note": null, "bicycle": null, "stop": null, "red_turn:right:bicycle": null, "red_turn:right": null, "old_name": null, "u": 31369788, "v": 570612161, "key": 0 }, "geometry": { "type": "Point", "coordinates": [ 7.1132395, 50.7232696 ] } },
{ "type": "Feature", "properties": { "element": "node", "id": 31369788, "highway": "traffic_signals", "traffic_signals": null, "traffic_signals:direction": null, "button_operated": null, "check_date:tactile_paving": null, "crossing": null, "source": null, "tactile_paving": null, "traffic_signals:sound": null, "traffic_signals:vibration": null, "direction": null, "traffic_calming": null, "description": null, "man_made": null, "ele": null, "ele:DHHN92": null, "barrier": null, "note": null, "bicycle": null, "stop": null, "red_turn:right:bicycle": null, "red_turn:right": null, "old_name": null, "u": 31369791, "v": 31369788, "key": 0 }, "geometry": { "type": "Point", "coordinates": [ 7.1132395, 50.7232696 ] } },
{ "type": "Feature", "properties": { "element": "node", "id": 31369798, "highway": "traffic_signals", "traffic_signals": null, "traffic_signals:direction": null, "button_operated": null, "check_date:tactile_paving": null, "crossing": null, "source": null, "tactile_paving": null, "traffic_signals:sound": null, "traffic_signals:vibration": null, "direction": null, "traffic_calming": null, "description": null, "man_made": null, "ele": null, "ele:DHHN92": null, "barrier": null, "note": null, "bicycle": null, "stop": null, "red_turn:right:bicycle": null, "red_turn:right": null, "old_name": null, "u": 31369798, "v": 253108288, "key": 0 }, "geometry": { "type": "Point", "coordinates": [ 7.111565, 50.7256273 ] } },
{ "type": "Feature", "properties": { "element": "node", "id": 31369798, "highway": "traffic_signals", "traffic_signals": null, "traffic_signals:direction": null, "button_operated": null, "check_date:tactile_paving": null, "crossing": null, "source": null, "tactile_paving": null, "traffic_signals:sound": null, "traffic_signals:vibration": null, "direction": null, "traffic_calming": null, "description": null, "man_made": null, "ele": null, "ele:DHHN92": null, "barrier": null, "note": null, "bicycle": null, "stop": null, "red_turn:right:bicycle": null, "red_turn:right": null, "old_name": null, "u": 31369795, "v": 31369798, "key": 0 }, "geometry": { "type": "Point", "coordinates": [ 7.111565, 50.7256273 ] } },
{ "type": "Feature", "properties": { "element": "node", "id": 31369798, "highway": "traffic_signals", "traffic_signals": null, "traffic_signals:direction": null, "button_operated": null, "check_date:tactile_paving": null, "crossing": null, "source": null, "tactile_paving": null, "traffic_signals:sound": null, "traffic_signals:vibration": null, "direction": null, "traffic_calming": null, "description": null, "man_made": null, "ele": null, "ele:DHHN92": null, "barrier": null, "note": null, "bicycle": null, "stop": null, "red_turn:right:bicycle": null, "red_turn:right": null, "old_name": null, "u": 30812815, "v": 31369798, "key": 0 }, "geometry": { "type": "Point", "coordinates": [ 7.111565, 50.7256273 ] } },
{ "type": "Feature", "properties": { "element": "node", "id": 31727779, "highway": "traffic_signals", "traffic_signals": null, "traffic_signals:direction": "forward", "button_operated": null, "check_date:tactile_paving": null, "crossing": null, "source": null, "tactile_paving": null, "traffic_signals:sound": null, "traffic_signals:vibration": null, "direction": null, "traffic_calming": null, "description": null, "man_made": null, "ele": null, "ele:DHHN92": null, "barrier": null, "note": null, "bicycle": null, "stop": null, "red_turn:right:bicycle": null, "red_turn:right": null, "old_name": null, "u": 26474353, "v": 1071345102, "key": 0 }, "geometry": { "type": "Point", "coordinates": [ 7.1049481, 50.7358871 ] } },
{ "type": "Feature", "properties": { "element": "node", "id": 31727779, "highway": "traffic_signals", "traffic_signals": null, "traffic_signals:direction": "forward", "button_operated": null, "check_date:tactile_paving": null, "crossing": null, "source": null, "tactile_paving": null, "traffic_signals:sound": null, "traffic_signals:vibration": null, "direction": null, "traffic_calming": null, "description": null, "man_made": null, "ele": null, "ele:DHHN92": null, "barrier": null, "note": null, "bicycle": null, "stop": null, "red_turn:right:bicycle": null, "red_turn:right": null, "old_name": null, "u": 1071345102, "v": 26474353, "key": 0 }, "geometry": { "type": "Point", "coordinates": [ 7.1049481, 50.7358871 ] } },
{ "type": "Feature", "properties": { "element": "node", "id": 31943627, "highway": "traffic_signals", "traffic_signals": null, "traffic_signals:direction": null, "button_operated": null, "check_date:tactile_paving": null, "crossing": null, "source": "survey", "tactile_paving": null, "traffic_signals:sound": null, "traffic_signals:vibration": null, "direction": null, "traffic_calming": null, "description": null, "man_made": null, "ele": null, "ele:DHHN92": null, "barrier": null, "note": null, "bicycle": null, "stop": null, "red_turn:right:bicycle": null, "red_turn:right": null, "old_name": null, "u": 246824973, "v": 31943627, "key": 0 }, "geometry": { "type": "Point", "coordinates": [ 7.1228207, 50.7399401 ] } },
{ "type": "Feature", "properties": { "element": "node", "id": 31943627, "highway": "traffic_signals", "traffic_signals": null, "traffic_signals:direction": null, "button_operated": null, "check_date:tactile_paving": null, "crossing": null, "source": "survey", "tactile_paving": null, "traffic_signals:sound": null, "traffic_signals:vibration": null, "direction": null, "traffic_calming": null, "description": null, "man_made": null, "ele": null, "ele:DHHN92": null, "barrier": null, "note": null, "bicycle": null, "stop": null, "red_turn:right:bicycle": null, "red_turn:right": null, "old_name": null, "u": 31943627, "v": 246824973, "key": 0 }, "geometry": { "type": "Point", "coordinates": [ 7.1228207, 50.7399401 ] } },
{ "type": "Feature", "properties": { "element": "node", "id": 31943627, "highway": "traffic_signals", "traffic_signals": null, "traffic_signals:direction": null, "button_operated": null, "check_date:tactile_paving": null, "crossing": null, "source": "survey", "tactile_paving": null, "traffic_signals:sound": null, "traffic_signals:vibration": null, "direction": null, "traffic_calming": null, "description": null, "man_made": null, "ele": null, "ele:DHHN92": null, "barrier": null, "note": null, "bicycle": null, "stop": null, "red_turn:right:bicycle": null, "red_turn:right": null, "old_name": null, "u": 31943627, "v": 31180355, "key": 0 }, "geometry": { "type": "Point", "coordinates": [ 7.1228207, 50.7399401 ] } },
{ "type": "Feature", "properties": { "element": "node", "id": 31943627, "highway": "traffic_signals", "traffic_signals": null, "traffic_signals:direction": null, "button_operated": null, "check_date:tactile_paving": null, "crossing": null, "source": "survey", "tactile_paving": null, "traffic_signals:sound": null, "traffic_signals:vibration": null, "direction": null, "traffic_calming": null, "description": null, "man_made": null, "ele": null, "ele:DHHN92": null, "barrier": null, "note": null, "bicycle": null, "stop": null, "red_turn:right:bicycle": null, "red_turn:right": null, "old_name": null, "u": 31180355, "v": 31943627, "key": 0 }, "geometry": { "type": "Point", "coordinates": [ 7.1228207, 50.7399401 ] } },
{ "type": "Feature", "properties": { "element": "node", "id": 31943627, "highway": "traffic_signals", "traffic_signals": null, "traffic_signals:direction": null, "button_operated": null, "check_date:tactile_paving": null, "crossing": null, "source": "survey", "tactile_paving": null, "traffic_signals:sound": null, "traffic_signals:vibration": null, "direction": null, "traffic_calming": null, "description": null, "man_made": null, "ele": null, "ele:DHHN92": null, "barrier": null, "note": null, "bicycle": null, "stop": null, "red_turn:right:bicycle": null, "red_turn:right": null, "old_name": null, "u": 4407142337, "v": 31943627, "key": 0 }, "geometry": { "type": "Point", "coordinates": [ 7.1228207, 50.7399401 ] } },
{ "type": "Feature", "properties": { "element": "node", "id": 31943627, "highway": "traffic_signals", "traffic_signals": null, "traffic_signals:direction": null, "button_operated": null, "check_date:tactile_paving": null, "crossing": null, "source": "survey", "tactile_paving": null, "traffic_signals:sound": null, "traffic_signals:vibration": null, "direction": null, "traffic_calming": null, "description": null, "man_made": null, "ele": null, "ele:DHHN92": null, "barrier": null, "note": null, "bicycle": null, "stop": null, "red_turn:right:bicycle": null, "red_turn:right": null, "old_name": null, "u": 31943627, "v": 4407142337, "key": 0 }, "geometry": { "type": "Point", "coordinates": [ 7.1228207, 50.7399401 ] } },
{ "type": "Feature", "properties": { "element": "node", "id": 31944306, "highway": "traffic_signals", "traffic_signals": null, "traffic_signals:direction": null, "button_operated": null, "check_date:tactile_paving": null, "crossing": null, "source": null, "tactile_paving": null, "traffic_signals:sound": null, "traffic_signals:vibration": null, "direction": null, "traffic_calming": null, "description": null, "man_made": null, "ele": null, "ele:DHHN92": null, "barrier": null, "note": null, "bicycle": null, "stop": null, "red_turn:right:bicycle": null, "red_turn:right": null, "old_name": null, "u": 12408443578, "v": 12408443583, "key": 0 }, "geometry": { "type": "Point", "coordinates": [ 7.1210164, 50.7412201 ] } },
{ "type": "Feature", "properties": { "element": "node", "id": 33180330, "highway": "traffic_signals", "traffic_signals": null, "traffic_signals:direction": null, "button_operated": null, "check_date:tactile_paving": null, "crossing": null, "source": null, "tactile_paving": null, "traffic_signals:sound": null, "traffic_signals:vibration": null, "direction": null, "traffic_calming": null, "description": null, "man_made": null, "ele": null, "ele:DHHN92": null, "barrier": null, "note": null, "bicycle": null, "stop": null, "red_turn:right:bicycle": null, "red_turn:right": null, "old_name": null, "u": 308836466, "v": 33180330, "key": 0 }, "geometry": { "type": "Point", "coordinates": [ 7.123514, 50.7171635 ] } },
{ "type": "Feature", "properties": { "element": "node", "id": 33180330, "highway": "traffic_signals", "traffic_signals": null, "traffic_signals:direction": null, "button_operated": null, "check_date:tactile_paving": null, "crossing": null, "source": null, "tactile_paving": null, "traffic_signals:sound": null, "traffic_signals:vibration": null, "direction": null, "traffic_calming": null, "description": null, "man_made": null, "ele": null, "ele:DHHN92": null, "barrier": null, "note": null, "bicycle": null, "stop": null, "red_turn:right:bicycle": null, "red_turn:right": null, "old_name": null, "u": 33180330, "v": 308836466, "key": 0 }, "geometry": { "type": "Point", "coordinates": [ 7.123514, 50.7171635 ] } },
{ "type": "Feature", "properties": { "element": "node", "id": 33180330, "highway": "traffic_signals", "traffic_signals": null, "traffic_signals:direction": null, "button_operated": null, "check_date:tactile_paving": null, "crossing": null, "source": null, "tactile_paving": null, "traffic_signals:sound": null, "traffic_signals:vibration": null, "direction": null, "traffic_calming": null, "description": null, "man_made": null, "ele": null, "ele:DHHN92": null, "barrier": null, "note": null, "bicycle": null, "stop": null, "red_turn:right:bicycle": null, "red_turn:right": null, "old_name": null, "u": 33180330, "v": 33180347, "key": 0 }, "geometry": { "type": "Point", "coordinates": [ 7.123514, 50.7171635 ] } },
{ "type": "Feature", "properties": { "element": "node", "id": 33180330, "highway": "traffic_signals", "traffic_signals": null, "traffic_signals:direction": null, "button_operated": null, "check_date:tactile_paving": null, "crossing": null, "source": null, "tactile_paving": null, "traffic_signals:sound": null, "traffic_signals:vibration": null, "direction": null, "traffic_calming": null, "description": null, "man_made": null, "ele": null, "ele:DHHN92": null, "barrier": null, "note": null, "bicycle": null, "stop": null, "red_turn:right:bicycle": null, "red_turn:right": null, "old_name": null, "u": 33180347, "v": 33180330, "key": 0 }, "geometry": { "type": "Point", "coordinates": [ 7.123514, 50.7171635 ] } },
{ "type": "Feature", "properties": { "element": "node", "id": 33180330, "highway": "traffic_signals", "traffic_signals": null, "traffic_signals:direction": null, "button_operated": null, "check_date:tactile_paving": null, "crossing": null, "source": null, "tactile_paving": null, "traffic_signals:sound": null, "traffic_signals:vibration": null, "direction": null, "traffic_calming": null, "description": null, "man_made": null, "ele": null, "ele:DHHN92": null, "barrier": null, "note": null, "bicycle": null, "stop": null, "red_turn:right:bicycle": null, "red_turn:right": null, "old_name": null, "u": 33180330, "v": 253908895, "key": 0 }, "geometry": { "type": "Point", "coordinates": [ 7.123514, 50.7171635 ] } },
{ "type": "Feature", "properties": { "element": "node", "id": 33180330, "highway": "traffic_signals", "traffic_signals": null, "traffic_signals:direction": null, "button_operated": null, "check_date:tactile_paving": null, "crossing": null, "source": null, "tactile_paving": null, "traffic_signals:sound": null, "traffic_signals:vibration": null, "direction": null, "traffic_calming": null, "description": null, "man_made": null, "ele": null, "ele:DHHN92": null, "barrier": null, "note": null, "bicycle": null, "stop": null, "red_turn:right:bicycle": null, "red_turn:right": null, "old_name": null, "u": 253908895, "v": 33180330, "key": 0 }, "geometry": { "type": "Point", "coordinates": [ 7.123514, 50.7171635 ] } },
{ "type": "Feature", "properties": { "element": "node", "id": 33180330, "highway": "traffic_signals", "traffic_signals": null, "traffic_signals:direction": null, "button_operated": null, "check_date:tactile_paving": null, "crossing": null, "source": null, "tactile_paving": null, "traffic_signals:sound": null, "traffic_signals:vibration": null, "direction": null, "traffic_calming": null, "description": null, "man_made": null, "ele": null, "ele:DHHN92": null, "barrier": null, "note": null, "bicycle": null, "stop": null, "red_turn:right:bicycle": null, "red_turn:right": null, "old_name": null, "u": 31027883, "v": 33180330, "key": 0 }, "geometry": { "type": "Point", "coordinates": [ 7.123514, 50.7171635 ] } },
{ "type": "Feature", "properties": { "element": "node", "id": 33180330, "highway": "traffic_signals", "traffic_signals": null, "traffic_signals:direction": null, "button_operated": null, "check_date:tactile_paving": null, "crossing": null, "source": null, "tactile_paving": null, "traffic_signals:sound": null, "traffic_signals:vibration": null, "direction": null, "traffic_calming": null, "description": null, "man_made": null, "ele": null, "ele:DHHN92": null, "barrier": null, "note": null, "bicycle": null, "stop": null, "red_turn:right:bicycle": null, "red_turn:right": null, "old_name": null, "u": 33180330, "v": 31027883, "key": 0 }, "geometry": { "type": "Point", "coordinates": [ 7.123514, 50.7171635 ] } },
{ "type": "Feature", "properties": { "element": "node", "id": 33181031, "highway": "traffic_signals", "traffic_signals": null, "traffic_signals:direction": null, "button_operated": null, "check_date:tactile_paving": null, "crossing": null, "source": null, "tactile_paving": null, "traffic_signals:sound": null, "traffic_signals:vibration": null, "direction": null, "traffic_calming": null, "description": null, "man_made": null, "ele": null, "ele:DHHN92": null, "barrier": null, "note": null, "bicycle": null, "stop": null, "red_turn:right:bicycle": null, "red_turn:right": null, "old_name": null, "u": 31448042, "v": 2088564912, "key": 0 }, "geometry": { "type": "Point", "coordinates": [ 7.1238749, 50.7133404 ] } },
{ "type": "Feature", "properties": { "element": "node", "id": 33772286, "highway": "traffic_signals", "traffic_signals": null, "traffic_signals:direction": null, "button_operated": null, "check_date:tactile_paving": null, "crossing": null, "source": null, "tactile_paving": null, "traffic_signals:sound": null, "traffic_signals:vibration": null, "direction": null, "traffic_calming": null, "description": null, "man_made": null, "ele": null, "ele:DHHN92": null, "barrier": null, "note": null, "bicycle": null, "stop": null, "red_turn:right:bicycle": null, "red_turn:right": null, "old_name": null, "u": 1746016296, "v": 987590095, "key": 0 }, "geometry": { "type": "Point", "coordinates": [ 7.1351896, 50.7126188 ] } },
{ "type": "Feature", "properties": { "element": "node", "id": 33772287, "highway": "traffic_signals", "traffic_signals": null, "traffic_signals:direction": null, "button_operated": null, "check_date:tactile_paving": null, "crossing": null, "source": null, "tactile_paving": null, "traffic_signals:sound": null, "traffic_signals:vibration": null, "direction": null, "traffic_calming": null, "description": null, "man_made": null, "ele": null, "ele:DHHN92": null, "barrier": null, "note": null, "bicycle": null, "stop": null, "red_turn:right:bicycle": null, "red_turn:right": null, "old_name": null, "u": 987590162, "v": 583063207, "key": 0 }, "geometry": { "type": "Point", "coordinates": [ 7.1353146, 50.7127032 ] } },
{ "type": "Feature", "properties": { "element": "node", "id": 60692194, "highway": "traffic_signals", "traffic_signals": null, "traffic_signals:direction": null, "button_operated": null, "check_date:tactile_paving": null, "crossing": null, "source": "survey", "tactile_paving": null, "traffic_signals:sound": null, "traffic_signals:vibration": null, "direction": null, "traffic_calming": null, "description": null, "man_made": null, "ele": null, "ele:DHHN92": null, "barrier": null, "note": null, "bicycle": null, "stop": null, "red_turn:right:bicycle": null, "red_turn:right": null, "old_name": null, "u": 26672829, "v": 60692194, "key": 0 }, "geometry": { "type": "Point", "coordinates": [ 7.1162841, 50.7384152 ] } },
{ "type": "Feature", "properties": { "element": "node", "id": 60692194, "highway": "traffic_signals", "traffic_signals": null, "traffic_signals:direction": null, "button_operated": null, "check_date:tactile_paving": null, "crossing": null, "source": "survey", "tactile_paving": null, "traffic_signals:sound": null, "traffic_signals:vibration": null, "direction": null, "traffic_calming": null, "description": null, "man_made": null, "ele": null, "ele:DHHN92": null, "barrier": null, "note": null, "bicycle": null, "stop": null, "red_turn:right:bicycle": null, "red_turn:right": null, "old_name": null, "u": 60692194, "v": 26672829, "key": 0 }, "geometry": { "type": "Point", "coordinates": [ 7.1162841, 50.7384152 ] } },
{ "type": "Feature", "properties": { "element": "node", "id": 60692194, "highway": "traffic_signals", "traffic_signals": null, "traffic_signals:direction": null, "button_operated": null, "check_date:tactile_paving": null, "crossing": null, "source": "survey", "tactile_paving": null, "traffic_signals:sound": null, "traffic_signals:vibration": null, "direction": null, "traffic_calming": null, "description": null, "man_made": null, "ele": null, "ele:DHHN92": null, "barrier": null, "note": null, "bicycle": null, "stop": null, "red_turn:right:bicycle": null, "red_turn:right": null, "old_name": null, "u": 31941860, "v": 60692194, "key": 0 }, "geometry": { "type": "Point", "coordinates": [ 7.1162841, 50.7384152 ] } },
{ "type": "Feature", "properties": { "element": "node", "id": 60692194, "highway": "traffic_signals", "traffic_signals": null, "traffic_signals:direction": null, "button_operated": null, "check_date:tactile_paving": null, "crossing": null, "source": "survey", "tactile_paving": null, "traffic_signals:sound": null, "traffic_signals:vibration": null, "direction": null, "traffic_calming": null, "description": null, "man_made": null, "ele": null, "ele:DHHN92": null, "barrier": null, "note": null, "bicycle": null, "stop": null, "red_turn:right:bicycle": null, "red_turn:right": null, "old_name": null, "u": 60692194, "v": 31941860, "key": 0 }, "geometry": { "type": "Point", "coordinates": [ 7.1162841, 50.7384152 ] } },
{ "type": "Feature", "properties": { "element": "node", "id": 60692194, "highway": "traffic_signals", "traffic_signals": null, "traffic_signals:direction": null, "button_operated": null, "check_date:tactile_paving": null, "crossing": null, "source": "survey", "tactile_paving": null, "traffic_signals:sound": null, "traffic_signals:vibration": null, "direction": null, "traffic_calming": null, "description": null, "man_made": null, "ele": null, "ele:DHHN92": null, "barrier": null, "note": null, "bicycle": null, "stop": null, "red_turn:right:bicycle": null, "red_turn:right": null, "old_name": null, "u": 60692194, "v": 31943687, "key": 0 }, "geometry": { "type": "Point", "coordinates": [ 7.1162841, 50.7384152 ] } },
{ "type": "Feature", "properties": { "element": "node", "id": 60692194, "highway": "traffic_signals", "traffic_signals": null, "traffic_signals:direction": null, "button_operated": null, "check_date:tactile_paving": null, "crossing": null, "source": "survey", "tactile_paving": null, "traffic_signals:sound": null, "traffic_signals:vibration": null, "direction": null, "traffic_calming": null, "description": null, "man_made": null, "ele": null, "ele:DHHN92": null, "barrier": null, "note": null, "bicycle": null, "stop": null, "red_turn:right:bicycle": null, "red_turn:right": null, "old_name": null, "u": 31943687, "v": 60692194, "key": 0 }, "geometry": { "type": "Point", "coordinates": [ 7.1162841, 50.7384152 ] } },
{ "type": "Feature", "properties": { "element": "node", "id": 60692194, "highway": "traffic_signals", "traffic_signals": null, "traffic_signals:direction": null, "button_operated": null, "check_date:tactile_paving": null, "crossing": null, "source": "survey", "tactile_paving": null, "traffic_signals:sound": null, "traffic_signals:vibration": null, "direction": null, "traffic_calming": null, "description": null, "man_made": null, "ele": null, "ele:DHHN92": null, "barrier": null, "note": null, "bicycle": null, "stop": null, "red_turn:right:bicycle": null, "red_turn:right": null, "old_name": null, "u": 253070040, "v": 60692194, "key": 0 }, "geometry": { "type": "Point", "coordinates": [ 7.1162841, 50.7384152 ] } },
{ "type": "Feature", "properties": { "element": "node", "id": 60692194, "highway": "traffic_signals", "traffic_signals": null, "traffic_signals:direction": null, "button_operated": null, "check_date:tactile_paving": null, "crossing": null, "source": "survey", "tactile_paving": null, "traffic_signals:sound": null, "traffic_signals:vibration": null, "direction": null, "traffic_calming": null, "description": null, "man_made": null, "ele": null, "ele:DHHN92": null, "barrier": null, "note": null, "bicycle": null, "stop": null, "red_turn:right:bicycle": null, "red_turn:right": null, "old_name": null, "u": 60692194, "v": 253070040, "key": 0 }, "geometry": { "type": "Point", "coordinates": [ 7.1162841, 50.7384152 ] } },
{ "type": "Feature", "properties": { "element": "node", "id": 73759003, "highway": "traffic_signals", "traffic_signals": null, "traffic_signals:direction": null, "button_operated": null, "check_date:tactile_paving": null, "crossing": null, "source": null, "tactile_paving": null, "traffic_signals:sound": null, "traffic_signals:vibration": null, "direction": null, "traffic_calming": null, "description": null, "man_made": null, "ele": null, "ele:DHHN92": null, "barrier": null, "note": null, "bicycle": null, "stop": null, "red_turn:right:bicycle": null, "red_turn:right": null, "old_name": null, "u": 73759003, "v": 276442818, "key": 0 }, "geometry": { "type": "Point", "coordinates": [ 7.0727075, 50.7532652 ] } },
{ "type": "Feature", "properties": { "element": "node", "id": 73759003, "highway": "traffic_signals", "traffic_signals": null, "traffic_signals:direction": null, "button_operated": null, "check_date:tactile_paving": null, "crossing": null, "source": null, "tactile_paving": null, "traffic_signals:sound": null, "traffic_signals:vibration": null, "direction": null, "traffic_calming": null, "description": null, "man_made": null, "ele": null, "ele:DHHN92": null, "barrier": null, "note": null, "bicycle": null, "stop": null, "red_turn:right:bicycle": null, "red_turn:right": null, "old_name": null, "u": 276442818, "v": 73759003, "key": 0 }, "geometry": { "type": "Point", "coordinates": [ 7.0727075, 50.7532652 ] } },
{ "type": "Feature", "properties": { "element": "node", "id": 73759003, "highway": "traffic_signals", "traffic_signals": null, "traffic_signals:direction": null, "button_operated": null, "check_date:tactile_paving": null, "crossing": null, "source": null, "tactile_paving": null, "traffic_signals:sound": null, "traffic_signals:vibration": null, "direction": null, "traffic_calming": null, "description": null, "man_made": null, "ele": null, "ele:DHHN92": null, "barrier": null, "note": null, "bicycle": null, "stop": null, "red_turn:right:bicycle": null, "red_turn:right": null, "old_name": null, "u": 73743980, "v": 73759003, "key": 0 }, "geometry": { "type": "Point", "coordinates": [ 7.0727075, 50.7532652 ] } },
{ "type": "Feature", "properties": { "element": "node", "id": 73759003, "highway": "traffic_signals", "traffic_signals": null, "traffic_signals:direction": null, "button_operated": null, "check_date:tactile_paving": null, "crossing": null, "source": null, "tactile_paving": null, "traffic_signals:sound": null, "traffic_signals:vibration": null, "direction": null, "traffic_calming": null, "description": null, "man_made": null, "ele": null, "ele:DHHN92": null, "barrier": null, "note": null, "bicycle": null, "stop": null, "red_turn:right:bicycle": null, "red_turn:right": null, "old_name": null, "u": 73759003, "v": 73743980, "key": 0 }, "geometry": { "type": "Point", "coordinates": [ 7.0727075, 50.7532652 ] } },
{ "type": "Feature", "properties": { "element": "node", "id": 73759003, "highway": "traffic_signals", "traffic_signals": null, "traffic_signals:direction": null, "button_operated": null, "check_date:tactile_paving": null, "crossing": null, "source": null, "tactile_paving": null, "traffic_signals:sound": null, "traffic_signals:vibration": null, "direction": null, "traffic_calming": null, "description": null, "man_made": null, "ele": null, "ele:DHHN92": null, "barrier": null, "note": null, "bicycle": null, "stop": null, "red_turn:right:bicycle": null, "red_turn:right": null, "old_name": null, "u": 84866437, "v": 73759003, "key": 0 }, "geometry": { "type": "Point", "coordinates": [ 7.0727075, 50.7532652 ] } },
{ "type": "Feature", "properties": { "element": "node", "id": 73759003, "highway": "traffic_signals", "traffic_signals": null, "traffic_signals:direction": null, "button_operated": null, "check_date:tactile_paving": null, "crossing": null, "source": null, "tactile_paving": null, "traffic_signals:sound": null, "traffic_signals:vibration": null, "direction": null, "traffic_calming": null, "description": null, "man_made": null, "ele": null, "ele:DHHN92": null, "barrier": null, "note": null, "bicycle": null, "stop": null, "red_turn:right:bicycle": null, "red_turn:right": null, "old_name": null, "u": 73759003, "v": 84866437, "key": 0 }, "geometry": { "type": "Point", "coordinates": [ 7.0727075, 50.7532652 ] } },
{ "type": "Feature", "properties": { "element": "node", "id": 73759003, "highway": "traffic_signals", "traffic_signals": null, "traffic_signals:direction": null, "button_operated": null, "check_date:tactile_paving": null, "crossing": null, "source": null, "tactile_paving": null, "traffic_signals:sound": null, "traffic_signals:vibration": null, "direction": null, "traffic_calming": null, "description": null, "man_made": null, "ele": null, "ele:DHHN92": null, "barrier": null, "note": null, "bicycle": null, "stop": null, "red_turn:right:bicycle": null, "red_turn:right": null, "old_name": null, "u": 538858098, "v": 73759003, "key": 0 }, "geometry": { "type": "Point", "coordinates": [ 7.0727075, 50.7532652 ] } },
{ "type": "Feature", "properties": { "element": "node", "id": 73759003, "highway": "traffic_signals", "traffic_signals": null, "traffic_signals:direction": null, "button_operated": null, "check_date:tactile_paving": null, "crossing": null, "source": null, "tactile_paving": null, "traffic_signals:sound": null, "traffic_signals:vibration": null, "direction": null, "traffic_calming": null, "description": null, "man_made": null, "ele": null, "ele:DHHN92": null, "barrier": null, "note": null, "bicycle": null, "stop": null, "red_turn:right:bicycle": null, "red_turn:right": null, "old_name": null, "u": 73759003, "v": 538858098, "key": 0 }, "geometry": { "type": "Point", "coordinates": [ 7.0727075, 50.7532652 ] } },
{ "type": "Feature", "properties": { "element": "node", "id": 78582825, "highway": "traffic_signals", "traffic_signals": null, "traffic_signals:direction": null, "button_operated": null, "check_date:tactile_paving": null, "crossing": null, "source": null, "tactile_paving": null, "traffic_signals:sound": null, "traffic_signals:vibration": null, "direction": null, "traffic_calming": null, "description": null, "man_made": null, "ele": null, "ele:DHHN92": null, "barrier": null, "note": null, "bicycle": null, "stop": null, "red_turn:right:bicycle": null, "red_turn:right": null, "old_name": null, "u": 78582825, "v": 1564177561, "key": 0 }, "geometry": { "type": "Point", "coordinates": [ 7.0947572, 50.7229164 ] } },
{ "type": "Feature", "properties": { "element": "node", "id": 78582825, "highway": "traffic_signals", "traffic_signals": null, "traffic_signals:direction": null, "button_operated": null, "check_date:tactile_paving": null, "crossing": null, "source": null, "tactile_paving": null, "traffic_signals:sound": null, "traffic_signals:vibration": null, "direction": null, "traffic_calming": null, "description": null, "man_made": null, "ele": null, "ele:DHHN92": null, "barrier": null, "note": null, "bicycle": null, "stop": null, "red_turn:right:bicycle": null, "red_turn:right": null, "old_name": null, "u": 78582825, "v": 78582810, "key": 0 }, "geometry": { "type": "Point", "coordinates": [ 7.0947572, 50.7229164 ] } },
{ "type": "Feature", "properties": { "element": "node", "id": 78582825, "highway": "traffic_signals", "traffic_signals": null, "traffic_signals:direction": null, "button_operated": null, "check_date:tactile_paving": null, "crossing": null, "source": null, "tactile_paving": null, "traffic_signals:sound": null, "traffic_signals:vibration": null, "direction": null, "traffic_calming": null, "description": null, "man_made": null, "ele": null, "ele:DHHN92": null, "barrier": null, "note": null, "bicycle": null, "stop": null, "red_turn:right:bicycle": null, "red_turn:right": null, "old_name": null, "u": 78582810, "v": 78582825, "key": 0 }, "geometry": { "type": "Point", "coordinates": [ 7.0947572, 50.7229164 ] } },
{ "type": "Feature", "properties": { "element": "node", "id": 78582825, "highway": "traffic_signals", "traffic_signals": null, "traffic_signals:direction": null, "button_operated": null, "check_date:tactile_paving": null, "crossing": null, "source": null, "tactile_paving": null, "traffic_signals:sound": null, "traffic_signals:vibration": null, "direction": null, "traffic_calming": null, "description": null, "man_made": null, "ele": null, "ele:DHHN92": null, "barrier": null, "note": null, "bicycle": null, "stop": null, "red_turn:right:bicycle": null, "red_turn:right": null, "old_name": null, "u": 78582825, "v": 81938611, "key": 0 }, "geometry": { "type": "Point", "coordinates": [ 7.0947572, 50.7229164 ] } },
{ "type": "Feature", "properties": { "element": "node", "id": 78582825, "highway": "traffic_signals", "traffic_signals": null, "traffic_signals:direction": null, "button_operated": null, "check_date:tactile_paving": null, "crossing": null, "source": null, "tactile_paving": null, "traffic_signals:sound": null, "traffic_signals:vibration": null, "direction": null, "traffic_calming": null, "description": null, "man_made": null, "ele": null, "ele:DHHN92": null, "barrier": null, "note": null, "bicycle": null, "stop": null, "red_turn:right:bicycle": null, "red_turn:right": null, "old_name": null, "u": 81938611, "v": 78582825, "key": 0 }, "geometry": { "type": "Point", "coordinates": [ 7.0947572, 50.7229164 ] } },
{ "type": "Feature", "properties": { "element": "node", "id": 78582825, "highway": "traffic_signals", "traffic_signals": null, "traffic_signals:direction": null, "button_operated": null, "check_date:tactile_paving": null, "crossing": null, "source": null, "tactile_paving": null, "traffic_signals:sound": null, "traffic_signals:vibration": null, "direction": null, "traffic_calming": null, "description": null, "man_made": null, "ele": null, "ele:DHHN92": null, "barrier": null, "note": null, "bicycle": null, "stop": null, "red_turn:right:bicycle": null, "red_turn:right": null, "old_name": null, "u": 78582816, "v": 78582825, "key": 0 }, "geometry": { "type": "Point", "coordinates": [ 7.0947572, 50.7229164 ] } },
{ "type": "Feature", "properties": { "element": "node", "id": 80219605, "highway": "traffic_signals", "traffic_signals": null, "traffic_signals:direction": null, "button_operated": null, "check_date:tactile_paving": null, "crossing": null, "source": null, "tactile_paving": null, "traffic_signals:sound": null, "traffic_signals:vibration": null, "direction": null, "traffic_calming": null, "description": null, "man_made": null, "ele": null, "ele:DHHN92": null, "barrier": null, "note": null, "bicycle": null, "stop": null, "red_turn:right:bicycle": null, "red_turn:right": null, "old_name": null, "u": 1599908215, "v": 80219605, "key": 0 }, "geometry": { "type": "Point", "coordinates": [ 7.1345707, 50.7001934 ] } },
{ "type": "Feature", "properties": { "element": "node", "id": 80219605, "highway": "traffic_signals", "traffic_signals": null, "traffic_signals:direction": null, "button_operated": null, "check_date:tactile_paving": null, "crossing": null, "source": null, "tactile_paving": null, "traffic_signals:sound": null, "traffic_signals:vibration": null, "direction": null, "traffic_calming": null, "description": null, "man_made": null, "ele": null, "ele:DHHN92": null, "barrier": null, "note": null, "bicycle": null, "stop": null, "red_turn:right:bicycle": null, "red_turn:right": null, "old_name": null, "u": 80219605, "v": 1599908215, "key": 0 }, "geometry": { "type": "Point", "coordinates": [ 7.1345707, 50.7001934 ] } },
{ "type": "Feature", "properties": { "element": "node", "id": 80219605, "highway": "traffic_signals", "traffic_signals": null, "traffic_signals:direction": null, "button_operated": null, "check_date:tactile_paving": null, "crossing": null, "source": null, "tactile_paving": null, "traffic_signals:sound": null, "traffic_signals:vibration": null, "direction": null, "traffic_calming": null, "description": null, "man_made": null, "ele": null, "ele:DHHN92": null, "barrier": null, "note": null, "bicycle": null, "stop": null, "red_turn:right:bicycle": null, "red_turn:right": null, "old_name": null, "u": 80219605, "v": 31768087, "key": 0 }, "geometry": { "type": "Point", "coordinates": [ 7.1345707, 50.7001934 ] } },
{ "type": "Feature", "properties": { "element": "node", "id": 80219605, "highway": "traffic_signals", "traffic_signals": null, "traffic_signals:direction": null, "button_operated": null, "check_date:tactile_paving": null, "crossing": null, "source": null, "tactile_paving": null, "traffic_signals:sound": null, "traffic_signals:vibration": null, "direction": null, "traffic_calming": null, "description": null, "man_made": null, "ele": null, "ele:DHHN92": null, "barrier": null, "note": null, "bicycle": null, "stop": null, "red_turn:right:bicycle": null, "red_turn:right": null, "old_name": null, "u": 31768087, "v": 80219605, "key": 0 }, "geometry": { "type": "Point", "coordinates": [ 7.1345707, 50.7001934 ] } },
{ "type": "Feature", "properties": { "element": "node", "id": 80224479, "highway": "traffic_signals", "traffic_signals": null, "traffic_signals:direction": null, "button_operated": null, "check_date:tactile_paving": null, "crossing": null, "source": null, "tactile_paving": null, "traffic_signals:sound": null, "traffic_signals:vibration": null, "direction": null, "traffic_calming": null, "description": null, "man_made": null, "ele": null, "ele:DHHN92": null, "barrier": null, "note": null, "bicycle": null, "stop": null, "red_turn:right:bicycle": null, "red_turn:right": null, "old_name": null, "u": 80224479, "v": 80224481, "key": 0 }, "geometry": { "type": "Point", "coordinates": [ 7.0922588, 50.7205149 ] } },
{ "type": "Feature", "properties": { "element": "node", "id": 80224479, "highway": "traffic_signals", "traffic_signals": null, "traffic_signals:direction": null, "button_operated": null, "check_date:tactile_paving": null, "crossing": null, "source": null, "tactile_paving": null, "traffic_signals:sound": null, "traffic_signals:vibration": null, "direction": null, "traffic_calming": null, "description": null, "man_made": null, "ele": null, "ele:DHHN92": null, "barrier": null, "note": null, "bicycle": null, "stop": null, "red_turn:right:bicycle": null, "red_turn:right": null, "old_name": null, "u": 1577149863, "v": 80224479, "key": 0 }, "geometry": { "type": "Point", "coordinates": [ 7.0922588, 50.7205149 ] } },
{ "type": "Feature", "properties": { "element": "node", "id": 80224479, "highway": "traffic_signals", "traffic_signals": null, "traffic_signals:direction": null, "button_operated": null, "check_date:tactile_paving": null, "crossing": null, "source": null, "tactile_paving": null, "traffic_signals:sound": null, "traffic_signals:vibration": null, "direction": null, "traffic_calming": null, "description": null, "man_made": null, "ele": null, "ele:DHHN92": null, "barrier": null, "note": null, "bicycle": null, "stop": null, "red_turn:right:bicycle": null, "red_turn:right": null, "old_name": null, "u": 80224479, "v": 1577149863, "key": 0 }, "geometry": { "type": "Point", "coordinates": [ 7.0922588, 50.7205149 ] } },
{ "type": "Feature", "properties": { "element": "node", "id": 80224479, "highway": "traffic_signals", "traffic_signals": null, "traffic_signals:direction": null, "button_operated": null, "check_date:tactile_paving": null, "crossing": null, "source": null, "tactile_paving": null, "traffic_signals:sound": null, "traffic_signals:vibration": null, "direction": null, "traffic_calming": null, "description": null, "man_made": null, "ele": null, "ele:DHHN92": null, "barrier": null, "note": null, "bicycle": null, "stop": null, "red_turn:right:bicycle": null, "red_turn:right": null, "old_name": null, "u": 764413391, "v": 80224479, "key": 0 }, "geometry": { "type": "Point", "coordinates": [ 7.0922588, 50.7205149 ] } },
{ "type": "Feature", "properties": { "element": "node", "id": 80224479, "highway": "traffic_signals", "traffic_signals": null, "traffic_signals:direction": null, "button_operated": null, "check_date:tactile_paving": null, "crossing": null, "source": null, "tactile_paving": null, "traffic_signals:sound": null, "traffic_signals:vibration": null, "direction": null, "traffic_calming": null, "description": null, "man_made": null, "ele": null, "ele:DHHN92": null, "barrier": null, "note": null, "bicycle": null, "stop": null, "red_turn:right:bicycle": null, "red_turn:right": null, "old_name": null, "u": 82620728, "v": 80224479, "key": 0 }, "geometry": { "type": "Point", "coordinates": [ 7.0922588, 50.7205149 ] } },
{ "type": "Feature", "properties": { "element": "node", "id": 80224479, "highway": "traffic_signals", "traffic_signals": null, "traffic_signals:direction": null, "button_operated": null, "check_date:tactile_paving": null, "crossing": null, "source": null, "tactile_paving": null, "traffic_signals:sound": null, "traffic_signals:vibration": null, "direction": null, "traffic_calming": null, "description": null, "man_made": null, "ele": null, "ele:DHHN92": null, "barrier": null, "note": null, "bicycle": null, "stop": null, "red_turn:right:bicycle": null, "red_turn:right": null, "old_name": null, "u": 80224479, "v": 82620728, "key": 0 }, "geometry": { "type": "Point", "coordinates": [ 7.0922588, 50.7205149 ] } },
{ "type": "Feature", "properties": { "element": "node", "id": 81182714, "highway": "traffic_signals", "traffic_signals": null, "traffic_signals:direction": null, "button_operated": null, "check_date:tactile_paving": null, "crossing": null, "source": null, "tactile_paving": null, "traffic_signals:sound": null, "traffic_signals:vibration": null, "direction": null, "traffic_calming": null, "description": null, "man_made": null, "ele": null, "ele:DHHN92": null, "barrier": null, "note": null, "bicycle": null, "stop": null, "red_turn:right:bicycle": null, "red_turn:right": null, "old_name": null, "u": 81182714, "v": 1436259743, "key": 0 }, "geometry": { "type": "Point", "coordinates": [ 7.1026215, 50.7164545 ] } },
{ "type": "Feature", "properties": { "element": "node", "id": 81182714, "highway": "traffic_signals", "traffic_signals": null, "traffic_signals:direction": null, "button_operated": null, "check_date:tactile_paving": null, "crossing": null, "source": null, "tactile_paving": null, "traffic_signals:sound": null, "traffic_signals:vibration": null, "direction": null, "traffic_calming": null, "description": null, "man_made": null, "ele": null, "ele:DHHN92": null, "barrier": null, "note": null, "bicycle": null, "stop": null, "red_turn:right:bicycle": null, "red_turn:right": null, "old_name": null, "u": 1436259743, "v": 81182714, "key": 0 }, "geometry": { "type": "Point", "coordinates": [ 7.1026215, 50.7164545 ] } },
{ "type": "Feature", "properties": { "element": "node", "id": 81182714, "highway": "traffic_signals", "traffic_signals": null, "traffic_signals:direction": null, "button_operated": null, "check_date:tactile_paving": null, "crossing": null, "source": null, "tactile_paving": null, "traffic_signals:sound": null, "traffic_signals:vibration": null, "direction": null, "traffic_calming": null, "description": null, "man_made": null, "ele": null, "ele:DHHN92": null, "barrier": null, "note": null, "bicycle": null, "stop": null, "red_turn:right:bicycle": null, "red_turn:right": null, "old_name": null, "u": 31314743, "v": 81182714, "key": 0 }, "geometry": { "type": "Point", "coordinates": [ 7.1026215, 50.7164545 ] } },
{ "type": "Feature", "properties": { "element": "node", "id": 81182714, "highway": "traffic_signals", "traffic_signals": null, "traffic_signals:direction": null, "button_operated": null, "check_date:tactile_paving": null, "crossing": null, "source": null, "tactile_paving": null, "traffic_signals:sound": null, "traffic_signals:vibration": null, "direction": null, "traffic_calming": null, "description": null, "man_made": null, "ele": null, "ele:DHHN92": null, "barrier": null, "note": null, "bicycle": null, "stop": null, "red_turn:right:bicycle": null, "red_turn:right": null, "old_name": null, "u": 81182714, "v": 31314743, "key": 0 }, "geometry": { "type": "Point", "coordinates": [ 7.1026215, 50.7164545 ] } },
{ "type": "Feature", "properties": { "element": "node", "id": 81182714, "highway": "traffic_signals", "traffic_signals": null, "traffic_signals:direction": null, "button_operated": null, "check_date:tactile_paving": null, "crossing": null, "source": null, "tactile_paving": null, "traffic_signals:sound": null, "traffic_signals:vibration": null, "direction": null, "traffic_calming": null, "description": null, "man_made": null, "ele": null, "ele:DHHN92": null, "barrier": null, "note": null, "bicycle": null, "stop": null, "red_turn:right:bicycle": null, "red_turn:right": null, "old_name": null, "u": 590458173, "v": 81182714, "key": 0 }, "geometry": { "type": "Point", "coordinates": [ 7.1026215, 50.7164545 ] } },
{ "type": "Feature", "properties": { "element": "node", "id": 81182714, "highway": "traffic_signals", "traffic_signals": null, "traffic_signals:direction": null, "button_operated": null, "check_date:tactile_paving": null, "crossing": null, "source": null, "tactile_paving": null, "traffic_signals:sound": null, "traffic_signals:vibration": null, "direction": null, "traffic_calming": null, "description": null, "man_made": null, "ele": null, "ele:DHHN92": null, "barrier": null, "note": null, "bicycle": null, "stop": null, "red_turn:right:bicycle": null, "red_turn:right": null, "old_name": null, "u": 81182714, "v": 590458173, "key": 0 }, "geometry": { "type": "Point", "coordinates": [ 7.1026215, 50.7164545 ] } },
{ "type": "Feature", "properties": { "element": "node", "id": 81182714, "highway": "traffic_signals", "traffic_signals": null, "traffic_signals:direction": null, "button_operated": null, "check_date:tactile_paving": null, "crossing": null, "source": null, "tactile_paving": null, "traffic_signals:sound": null, "traffic_signals:vibration": null, "direction": null, "traffic_calming": null, "description": null, "man_made": null, "ele": null, "ele:DHHN92": null, "barrier": null, "note": null, "bicycle": null, "stop": null, "red_turn:right:bicycle": null, "red_turn:right": null, "old_name": null, "u": 1757286019, "v": 81182714, "key": 0 }, "geometry": { "type": "Point", "coordinates": [ 7.1026215, 50.7164545 ] } },
{ "type": "Feature", "properties": { "element": "node", "id": 81182714, "highway": "traffic_signals", "traffic_signals": null, "traffic_signals:direction": null, "button_operated": null, "check_date:tactile_paving": null, "crossing": null, "source": null, "tactile_paving": null, "traffic_signals:sound": null, "traffic_signals:vibration": null, "direction": null, "traffic_calming": null, "description": null, "man_made": null, "ele": null, "ele:DHHN92": null, "barrier": null, "note": null, "bicycle": null, "stop": null, "red_turn:right:bicycle": null, "red_turn:right": null, "old_name": null, "u": 81182714, "v": 1757286019, "key": 0 }, "geometry": { "type": "Point", "coordinates": [ 7.1026215, 50.7164545 ] } },
{ "type": "Feature", "properties": { "element": "node", "id": 81932202, "highway": "traffic_signals", "traffic_signals": null, "traffic_signals:direction": null, "button_operated": null, "check_date:tactile_paving": null, "crossing": null, "source": null, "tactile_paving": null, "traffic_signals:sound": null, "traffic_signals:vibration": null, "direction": null, "traffic_calming": null, "description": null, "man_made": null, "ele": null, "ele:DHHN92": null, "barrier": null, "note": null, "bicycle": null, "stop": null, "red_turn:right:bicycle": null, "red_turn:right": null, "old_name": null, "u": 81932202, "v": 268096075, "key": 0 }, "geometry": { "type": "Point", "coordinates": [ 7.1140958, 50.7044334 ] } },
{ "type": "Feature", "properties": { "element": "node", "id": 81932202, "highway": "traffic_signals", "traffic_signals": null, "traffic_signals:direction": null, "button_operated": null, "check_date:tactile_paving": null, "crossing": null, "source": null, "tactile_paving": null, "traffic_signals:sound": null, "traffic_signals:vibration": null, "direction": null, "traffic_calming": null, "description": null, "man_made": null, "ele": null, "ele:DHHN92": null, "barrier": null, "note": null, "bicycle": null, "stop": null, "red_turn:right:bicycle": null, "red_turn:right": null, "old_name": null, "u": 268096075, "v": 81932202, "key": 0 }, "geometry": { "type": "Point", "coordinates": [ 7.1140958, 50.7044334 ] } },
{ "type": "Feature", "properties": { "element": "node", "id": 81932202, "highway": "traffic_signals", "traffic_signals": null, "traffic_signals:direction": null, "button_operated": null, "check_date:tactile_paving": null, "crossing": null, "source": null, "tactile_paving": null, "traffic_signals:sound": null, "traffic_signals:vibration": null, "direction": null, "traffic_calming": null, "description": null, "man_made": null, "ele": null, "ele:DHHN92": null, "barrier": null, "note": null, "bicycle": null, "stop": null, "red_turn:right:bicycle": null, "red_turn:right": null, "old_name": null, "u": 268096073, "v": 81932202, "key": 0 }, "geometry": { "type": "Point", "coordinates": [ 7.1140958, 50.7044334 ] } },
{ "type": "Feature", "properties": { "element": "node", "id": 81932202, "highway": "traffic_signals", "traffic_signals": null, "traffic_signals:direction": null, "button_operated": null, "check_date:tactile_paving": null, "crossing": null, "source": null, "tactile_paving": null, "traffic_signals:sound": null, "traffic_signals:vibration": null, "direction": null, "traffic_calming": null, "description": null, "man_made": null, "ele": null, "ele:DHHN92": null, "barrier": null, "note": null, "bicycle": null, "stop": null, "red_turn:right:bicycle": null, "red_turn:right": null, "old_name": null, "u": 81932202, "v": 268096073, "key": 0 }, "geometry": { "type": "Point", "coordinates": [ 7.1140958, 50.7044334 ] } },
{ "type": "Feature", "properties": { "element": "node", "id": 81932202, "highway": "traffic_signals", "traffic_signals": null, "traffic_signals:direction": null, "button_operated": null, "check_date:tactile_paving": null, "crossing": null, "source": null, "tactile_paving": null, "traffic_signals:sound": null, "traffic_signals:vibration": null, "direction": null, "traffic_calming": null, "description": null, "man_made": null, "ele": null, "ele:DHHN92": null, "barrier": null, "note": null, "bicycle": null, "stop": null, "red_turn:right:bicycle": null, "red_turn:right": null, "old_name": null, "u": 1416484151, "v": 81932202, "key": 0 }, "geometry": { "type": "Point", "coordinates": [ 7.1140958, 50.7044334 ] } },
{ "type": "Feature", "properties": { "element": "node", "id": 81932202, "highway": "traffic_signals", "traffic_signals": null, "traffic_signals:direction": null, "button_operated": null, "check_date:tactile_paving": null, "crossing": null, "source": null, "tactile_paving": null, "traffic_signals:sound": null, "traffic_signals:vibration": null, "direction": null, "traffic_calming": null, "description": null, "man_made": null, "ele": null, "ele:DHHN92": null, "barrier": null, "note": null, "bicycle": null, "stop": null, "red_turn:right:bicycle": null, "red_turn:right": null, "old_name": null, "u": 81932202, "v": 1416484151, "key": 0 }, "geometry": { "type": "Point", "coordinates": [ 7.1140958, 50.7044334 ] } },
{ "type": "Feature", "properties": { "element": "node", "id": 81932202, "highway": "traffic_signals", "traffic_signals": null, "traffic_signals:direction": null, "button_operated": null, "check_date:tactile_paving": null, "crossing": null, "source": null, "tactile_paving": null, "traffic_signals:sound": null, "traffic_signals:vibration": null, "direction": null, "traffic_calming": null, "description": null, "man_made": null, "ele": null, "ele:DHHN92": null, "barrier": null, "note": null, "bicycle": null, "stop": null, "red_turn:right:bicycle": null, "red_turn:right": null, "old_name": null, "u": 270793349, "v": 81932202, "key": 0 }, "geometry": { "type": "Point", "coordinates": [ 7.1140958, 50.7044334 ] } },
{ "type": "Feature", "properties": { "element": "node", "id": 83360539, "highway": "traffic_signals", "traffic_signals": null, "traffic_signals:direction": null, "button_operated": null, "check_date:tactile_paving": null, "crossing": null, "source": null, "tactile_paving": null, "traffic_signals:sound": null, "traffic_signals:vibration": null, "direction": null, "traffic_calming": null, "description": null, "man_made": null, "ele": null, "ele:DHHN92": null, "barrier": null, "note": null, "bicycle": null, "stop": null, "red_turn:right:bicycle": null, "red_turn:right": null, "old_name": null, "u": 83360539, "v": 31314499, "key": 0 }, "geometry": { "type": "Point", "coordinates": [ 7.0885121, 50.7220272 ] } },
{ "type": "Feature", "properties": { "element": "node", "id": 83360539, "highway": "traffic_signals", "traffic_signals": null, "traffic_signals:direction": null, "button_operated": null, "check_date:tactile_paving": null, "crossing": null, "source": null, "tactile_paving": null, "traffic_signals:sound": null, "traffic_signals:vibration": null, "direction": null, "traffic_calming": null, "description": null, "man_made": null, "ele": null, "ele:DHHN92": null, "barrier": null, "note": null, "bicycle": null, "stop": null, "red_turn:right:bicycle": null, "red_turn:right": null, "old_name": null, "u": 31314499, "v": 83360539, "key": 0 }, "geometry": { "type": "Point", "coordinates": [ 7.0885121, 50.7220272 ] } },
{ "type": "Feature", "properties": { "element": "node", "id": 83360539, "highway": "traffic_signals", "traffic_signals": null, "traffic_signals:direction": null, "button_operated": null, "check_date:tactile_paving": null, "crossing": null, "source": null, "tactile_paving": null, "traffic_signals:sound": null, "traffic_signals:vibration": null, "direction": null, "traffic_calming": null, "description": null, "man_made": null, "ele": null, "ele:DHHN92": null, "barrier": null, "note": null, "bicycle": null, "stop": null, "red_turn:right:bicycle": null, "red_turn:right": null, "old_name": null, "u": 83360539, "v": 1577149885, "key": 0 }, "geometry": { "type": "Point", "coordinates": [ 7.0885121, 50.7220272 ] } },
{ "type": "Feature", "properties": { "element": "node", "id": 83360539, "highway": "traffic_signals", "traffic_signals": null, "traffic_signals:direction": null, "button_operated": null, "check_date:tactile_paving": null, "crossing": null, "source": null, "tactile_paving": null, "traffic_signals:sound": null, "traffic_signals:vibration": null, "direction": null, "traffic_calming": null, "description": null, "man_made": null, "ele": null, "ele:DHHN92": null, "barrier": null, "note": null, "bicycle": null, "stop": null, "red_turn:right:bicycle": null, "red_turn:right": null, "old_name": null, "u": 1577149885, "v": 83360539, "key": 0 }, "geometry": { "type": "Point", "coordinates": [ 7.0885121, 50.7220272 ] } },
{ "type": "Feature", "properties": { "element": "node", "id": 83360539, "highway": "traffic_signals", "traffic_signals": null, "traffic_signals:direction": null, "button_operated": null, "check_date:tactile_paving": null, "crossing": null, "source": null, "tactile_paving": null, "traffic_signals:sound": null, "traffic_signals:vibration": null, "direction": null, "traffic_calming": null, "description": null, "man_made": null, "ele": null, "ele:DHHN92": null, "barrier": null, "note": null, "bicycle": null, "stop": null, "red_turn:right:bicycle": null, "red_turn:right": null, "old_name": null, "u": 83360539, "v": 26889627, "key": 0 }, "geometry": { "type": "Point", "coordinates": [ 7.0885121, 50.7220272 ] } },
{ "type": "Feature", "properties": { "element": "node", "id": 83360539, "highway": "traffic_signals", "traffic_signals": null, "traffic_signals:direction": null, "button_operated": null, "check_date:tactile_paving": null, "crossing": null, "source": null, "tactile_paving": null, "traffic_signals:sound": null, "traffic_signals:vibration": null, "direction": null, "traffic_calming": null, "description": null, "man_made": null, "ele": null, "ele:DHHN92": null, "barrier": null, "note": null, "bicycle": null, "stop": null, "red_turn:right:bicycle": null, "red_turn:right": null, "old_name": null, "u": 26889627, "v": 83360539, "key": 0 }, "geometry": { "type": "Point", "coordinates": [ 7.0885121, 50.7220272 ] } },
{ "type": "Feature", "properties": { "element": "node", "id": 83360539, "highway": "traffic_signals", "traffic_signals": null, "traffic_signals:direction": null, "button_operated": null, "check_date:tactile_paving": null, "crossing": null, "source": null, "tactile_paving": null, "traffic_signals:sound": null, "traffic_signals:vibration": null, "direction": null, "traffic_calming": null, "description": null, "man_made": null, "ele": null, "ele:DHHN92": null, "barrier": null, "note": null, "bicycle": null, "stop": null, "red_turn:right:bicycle": null, "red_turn:right": null, "old_name": null, "u": 83360539, "v": 83026636, "key": 0 }, "geometry": { "type": "Point", "coordinates": [ 7.0885121, 50.7220272 ] } },
{ "type": "Feature", "properties": { "element": "node", "id": 83360539, "highway": "traffic_signals", "traffic_signals": null, "traffic_signals:direction": null, "button_operated": null, "check_date:tactile_paving": null, "crossing": null, "source": null, "tactile_paving": null, "traffic_signals:sound": null, "traffic_signals:vibration": null, "direction": null, "traffic_calming": null, "description": null, "man_made": null, "ele": null, "ele:DHHN92": null, "barrier": null, "note": null, "bicycle": null, "stop": null, "red_turn:right:bicycle": null, "red_turn:right": null, "old_name": null, "u": 83026636, "v": 83360539, "key": 0 }, "geometry": { "type": "Point", "coordinates": [ 7.0885121, 50.7220272 ] } },
{ "type": "Feature", "properties": { "element": "node", "id": 83744874, "highway": "traffic_signals", "traffic_signals": null, "traffic_signals:direction": null, "button_operated": null, "check_date:tactile_paving": null, "crossing": null, "source": null, "tactile_paving": null, "traffic_signals:sound": null, "traffic_signals:vibration": null, "direction": null, "traffic_calming": null, "description": null, "man_made": null, "ele": null, "ele:DHHN92": null, "barrier": null, "note": null, "bicycle": null, "stop": null, "red_turn:right:bicycle": null, "red_turn:right": null, "old_name": null, "u": 590453252, "v": 83744874, "key": 0 }, "geometry": { "type": "Point", "coordinates": [ 7.0921635, 50.7178757 ] } },
{ "type": "Feature", "properties": { "element": "node", "id": 83744874, "highway": "traffic_signals", "traffic_signals": null, "traffic_signals:direction": null, "button_operated": null, "check_date:tactile_paving": null, "crossing": null, "source": null, "tactile_paving": null, "traffic_signals:sound": null, "traffic_signals:vibration": null, "direction": null, "traffic_calming": null, "description": null, "man_made": null, "ele": null, "ele:DHHN92": null, "barrier": null, "note": null, "bicycle": null, "stop": null, "red_turn:right:bicycle": null, "red_turn:right": null, "old_name": null, "u": 83744874, "v": 590453252, "key": 0 }, "geometry": { "type": "Point", "coordinates": [ 7.0921635, 50.7178757 ] } },
{ "type": "Feature", "properties": { "element": "node", "id": 83744874, "highway": "traffic_signals", "traffic_signals": null, "traffic_signals:direction": null, "button_operated": null, "check_date:tactile_paving": null, "crossing": null, "source": null, "tactile_paving": null, "traffic_signals:sound": null, "traffic_signals:vibration": null, "direction": null, "traffic_calming": null, "description": null, "man_made": null, "ele": null, "ele:DHHN92": null, "barrier": null, "note": null, "bicycle": null, "stop": null, "red_turn:right:bicycle": null, "red_turn:right": null, "old_name": null, "u": 10005968004, "v": 83744874, "key": 0 }, "geometry": { "type": "Point", "coordinates": [ 7.0921635, 50.7178757 ] } },
{ "type": "Feature", "properties": { "element": "node", "id": 83744874, "highway": "traffic_signals", "traffic_signals": null, "traffic_signals:direction": null, "button_operated": null, "check_date:tactile_paving": null, "crossing": null, "source": null, "tactile_paving": null, "traffic_signals:sound": null, "traffic_signals:vibration": null, "direction": null, "traffic_calming": null, "description": null, "man_made": null, "ele": null, "ele:DHHN92": null, "barrier": null, "note": null, "bicycle": null, "stop": null, "red_turn:right:bicycle": null, "red_turn:right": null, "old_name": null, "u": 83744874, "v": 10005968004, "key": 0 }, "geometry": { "type": "Point", "coordinates": [ 7.0921635, 50.7178757 ] } },
{ "type": "Feature", "properties": { "element": "node", "id": 83744874, "highway": "traffic_signals", "traffic_signals": null, "traffic_signals:direction": null, "button_operated": null, "check_date:tactile_paving": null, "crossing": null, "source": null, "tactile_paving": null, "traffic_signals:sound": null, "traffic_signals:vibration": null, "direction": null, "traffic_calming": null, "description": null, "man_made": null, "ele": null, "ele:DHHN92": null, "barrier": null, "note": null, "bicycle": null, "stop": null, "red_turn:right:bicycle": null, "red_turn:right": null, "old_name": null, "u": 590453279, "v": 83744874, "key": 0 }, "geometry": { "type": "Point", "coordinates": [ 7.0921635, 50.7178757 ] } },
{ "type": "Feature", "properties": { "element": "node", "id": 83744874, "highway": "traffic_signals", "traffic_signals": null, "traffic_signals:direction": null, "button_operated": null, "check_date:tactile_paving": null, "crossing": null, "source": null, "tactile_paving": null, "traffic_signals:sound": null, "traffic_signals:vibration": null, "direction": null, "traffic_calming": null, "description": null, "man_made": null, "ele": null, "ele:DHHN92": null, "barrier": null, "note": null, "bicycle": null, "stop": null, "red_turn:right:bicycle": null, "red_turn:right": null, "old_name": null, "u": 83744874, "v": 590453279, "key": 0 }, "geometry": { "type": "Point", "coordinates": [ 7.0921635, 50.7178757 ] } },
{ "type": "Feature", "properties": { "element": "node", "id": 87239719, "highway": "traffic_signals", "traffic_signals": null, "traffic_signals:direction": null, "button_operated": null, "check_date:tactile_paving": null, "crossing": null, "source": null, "tactile_paving": null, "traffic_signals:sound": null, "traffic_signals:vibration": null, "direction": null, "traffic_calming": null, "description": null, "man_made": null, "ele": null, "ele:DHHN92": null, "barrier": null, "note": null, "bicycle": null, "stop": null, "red_turn:right:bicycle": null, "red_turn:right": null, "old_name": null, "u": 87239719, "v": 26721140, "key": 0 }, "geometry": { "type": "Point", "coordinates": [ 7.0790168, 50.7538009 ] } },
{ "type": "Feature", "properties": { "element": "node", "id": 87239719, "highway": "traffic_signals", "traffic_signals": null, "traffic_signals:direction": null, "button_operated": null, "check_date:tactile_paving": null, "crossing": null, "source": null, "tactile_paving": null, "traffic_signals:sound": null, "traffic_signals:vibration": null, "direction": null, "traffic_calming": null, "description": null, "man_made": null, "ele": null, "ele:DHHN92": null, "barrier": null, "note": null, "bicycle": null, "stop": null, "red_turn:right:bicycle": null, "red_turn:right": null, "old_name": null, "u": 87239760, "v": 87239719, "key": 0 }, "geometry": { "type": "Point", "coordinates": [ 7.0790168, 50.7538009 ] } },
{ "type": "Feature", "properties": { "element": "node", "id": 87239719, "highway": "traffic_signals", "traffic_signals": null, "traffic_signals:direction": null, "button_operated": null, "check_date:tactile_paving": null, "crossing": null, "source": null, "tactile_paving": null, "traffic_signals:sound": null, "traffic_signals:vibration": null, "direction": null, "traffic_calming": null, "description": null, "man_made": null, "ele": null, "ele:DHHN92": null, "barrier": null, "note": null, "bicycle": null, "stop": null, "red_turn:right:bicycle": null, "red_turn:right": null, "old_name": null, "u": 87239719, "v": 87239654, "key": 0 }, "geometry": { "type": "Point", "coordinates": [ 7.0790168, 50.7538009 ] } },
{ "type": "Feature", "properties": { "element": "node", "id": 87239719, "highway": "traffic_signals", "traffic_signals": null, "traffic_signals:direction": null, "button_operated": null, "check_date:tactile_paving": null, "crossing": null, "source": null, "tactile_paving": null, "traffic_signals:sound": null, "traffic_signals:vibration": null, "direction": null, "traffic_calming": null, "description": null, "man_made": null, "ele": null, "ele:DHHN92": null, "barrier": null, "note": null, "bicycle": null, "stop": null, "red_turn:right:bicycle": null, "red_turn:right": null, "old_name": null, "u": 87239654, "v": 87239719, "key": 0 }, "geometry": { "type": "Point", "coordinates": [ 7.0790168, 50.7538009 ] } },
{ "type": "Feature", "properties": { "element": "node", "id": 87239719, "highway": "traffic_signals", "traffic_signals": null, "traffic_signals:direction": null, "button_operated": null, "check_date:tactile_paving": null, "crossing": null, "source": null, "tactile_paving": null, "traffic_signals:sound": null, "traffic_signals:vibration": null, "direction": null, "traffic_calming": null, "description": null, "man_made": null, "ele": null, "ele:DHHN92": null, "barrier": null, "note": null, "bicycle": null, "stop": null, "red_turn:right:bicycle": null, "red_turn:right": null, "old_name": null, "u": 87239719, "v": 87316079, "key": 0 }, "geometry": { "type": "Point", "coordinates": [ 7.0790168, 50.7538009 ] } },
{ "type": "Feature", "properties": { "element": "node", "id": 87239719, "highway": "traffic_signals", "traffic_signals": null, "traffic_signals:direction": null, "button_operated": null, "check_date:tactile_paving": null, "crossing": null, "source": null, "tactile_paving": null, "traffic_signals:sound": null, "traffic_signals:vibration": null, "direction": null, "traffic_calming": null, "description": null, "man_made": null, "ele": null, "ele:DHHN92": null, "barrier": null, "note": null, "bicycle": null, "stop": null, "red_turn:right:bicycle": null, "red_turn:right": null, "old_name": null, "u": 87316079, "v": 87239719, "key": 0 }, "geometry": { "type": "Point", "coordinates": [ 7.0790168, 50.7538009 ] } },
{ "type": "Feature", "properties": { "element": "node", "id": 87311954, "highway": "traffic_signals", "traffic_signals": null, "traffic_signals:direction": null, "button_operated": null, "check_date:tactile_paving": null, "crossing": null, "source": null, "tactile_paving": null, "traffic_signals:sound": null, "traffic_signals:vibration": null, "direction": null, "traffic_calming": null, "description": null, "man_made": null, "ele": null, "ele:DHHN92": null, "barrier": null, "note": null, "bicycle": null, "stop": null, "red_turn:right:bicycle": null, "red_turn:right": null, "old_name": null, "u": 339140486, "v": 87311954, "key": 0 }, "geometry": { "type": "Point", "coordinates": [ 7.0750908, 50.7562638 ] } },
{ "type": "Feature", "properties": { "element": "node", "id": 87311954, "highway": "traffic_signals", "traffic_signals": null, "traffic_signals:direction": null, "button_operated": null, "check_date:tactile_paving": null, "crossing": null, "source": null, "tactile_paving": null, "traffic_signals:sound": null, "traffic_signals:vibration": null, "direction": null, "traffic_calming": null, "description": null, "man_made": null, "ele": null, "ele:DHHN92": null, "barrier": null, "note": null, "bicycle": null, "stop": null, "red_turn:right:bicycle": null, "red_turn:right": null, "old_name": null, "u": 87311954, "v": 87239760, "key": 0 }, "geometry": { "type": "Point", "coordinates": [ 7.0750908, 50.7562638 ] } },
{ "type": "Feature", "properties": { "element": "node", "id": 87311954, "highway": "traffic_signals", "traffic_signals": null, "traffic_signals:direction": null, "button_operated": null, "check_date:tactile_paving": null, "crossing": null, "source": null, "tactile_paving": null, "traffic_signals:sound": null, "traffic_signals:vibration": null, "direction": null, "traffic_calming": null, "description": null, "man_made": null, "ele": null, "ele:DHHN92": null, "barrier": null, "note": null, "bicycle": null, "stop": null, "red_turn:right:bicycle": null, "red_turn:right": null, "old_name": null, "u": 87312037, "v": 87311954, "key": 0 }, "geometry": { "type": "Point", "coordinates": [ 7.0750908, 50.7562638 ] } },
{ "type": "Feature", "properties": { "element": "node", "id": 87311954, "highway": "traffic_signals", "traffic_signals": null, "traffic_signals:direction": null, "button_operated": null, "check_date:tactile_paving": null, "crossing": null, "source": null, "tactile_paving": null, "traffic_signals:sound": null, "traffic_signals:vibration": null, "direction": null, "traffic_calming": null, "description": null, "man_made": null, "ele": null, "ele:DHHN92": null, "barrier": null, "note": null, "bicycle": null, "stop": null, "red_turn:right:bicycle": null, "red_turn:right": null, "old_name": null, "u": 87311954, "v": 87312037, "key": 0 }, "geometry": { "type": "Point", "coordinates": [ 7.0750908, 50.7562638 ] } },
{ "type": "Feature", "properties": { "element": "node", "id": 87312037, "highway": "traffic_signals", "traffic_signals": null, "traffic_signals:direction": null, "button_operated": null, "check_date:tactile_paving": null, "crossing": null, "source": null, "tactile_paving": null, "traffic_signals:sound": null, "traffic_signals:vibration": null, "direction": null, "traffic_calming": null, "description": null, "man_made": null, "ele": null, "ele:DHHN92": null, "barrier": null, "note": null, "bicycle": null, "stop": null, "red_turn:right:bicycle": null, "red_turn:right": null, "old_name": null, "u": 87312037, "v": 87313200, "key": 0 }, "geometry": { "type": "Point", "coordinates": [ 7.0751676, 50.7563459 ] } },
{ "type": "Feature", "properties": { "element": "node", "id": 87312037, "highway": "traffic_signals", "traffic_signals": null, "traffic_signals:direction": null, "button_operated": null, "check_date:tactile_paving": null, "crossing": null, "source": null, "tactile_paving": null, "traffic_signals:sound": null, "traffic_signals:vibration": null, "direction": null, "traffic_calming": null, "description": null, "man_made": null, "ele": null, "ele:DHHN92": null, "barrier": null, "note": null, "bicycle": null, "stop": null, "red_turn:right:bicycle": null, "red_turn:right": null, "old_name": null, "u": 87311974, "v": 87312037, "key": 0 }, "geometry": { "type": "Point", "coordinates": [ 7.0751676, 50.7563459 ] } },
{ "type": "Feature", "properties": { "element": "node", "id": 87312037, "highway": "traffic_signals", "traffic_signals": null, "traffic_signals:direction": null, "button_operated": null, "check_date:tactile_paving": null, "crossing": null, "source": null, "tactile_paving": null, "traffic_signals:sound": null, "traffic_signals:vibration": null, "direction": null, "traffic_calming": null, "description": null, "man_made": null, "ele": null, "ele:DHHN92": null, "barrier": null, "note": null, "bicycle": null, "stop": null, "red_turn:right:bicycle": null, "red_turn:right": null, "old_name": null, "u": 87312037, "v": 87311954, "key": 0 }, "geometry": { "type": "Point", "coordinates": [ 7.0751676, 50.7563459 ] } },
{ "type": "Feature", "properties": { "element": "node", "id": 87312037, "highway": "traffic_signals", "traffic_signals": null, "traffic_signals:direction": null, "button_operated": null, "check_date:tactile_paving": null, "crossing": null, "source": null, "tactile_paving": null, "traffic_signals:sound": null, "traffic_signals:vibration": null, "direction": null, "traffic_calming": null, "description": null, "man_made": null, "ele": null, "ele:DHHN92": null, "barrier": null, "note": null, "bicycle": null, "stop": null, "red_turn:right:bicycle": null, "red_turn:right": null, "old_name": null, "u": 87311954, "v": 87312037, "key": 0 }, "geometry": { "type": "Point", "coordinates": [ 7.0751676, 50.7563459 ] } },
{ "type": "Feature", "properties": { "element": "node", "id": 87313200, "highway": "traffic_signals", "traffic_signals": null, "traffic_signals:direction": null, "button_operated": null, "check_date:tactile_paving": null, "crossing": null, "source": null, "tactile_paving": null, "traffic_signals:sound": null, "traffic_signals:vibration": null, "direction": null, "traffic_calming": null, "description": null, "man_made": null, "ele": null, "ele:DHHN92": null, "barrier": null, "note": null, "bicycle": null, "stop": null, "red_turn:right:bicycle": null, "red_turn:right": null, "old_name": null, "u": 87312037, "v": 87313200, "key": 0 }, "geometry": { "type": "Point", "coordinates": [ 7.0730404, 50.7570524 ] } },
{ "type": "Feature", "properties": { "element": "node", "id": 87313200, "highway": "traffic_signals", "traffic_signals": null, "traffic_signals:direction": null, "button_operated": null, "check_date:tactile_paving": null, "crossing": null, "source": null, "tactile_paving": null, "traffic_signals:sound": null, "traffic_signals:vibration": null, "direction": null, "traffic_calming": null, "description": null, "man_made": null, "ele": null, "ele:DHHN92": null, "barrier": null, "note": null, "bicycle": null, "stop": null, "red_turn:right:bicycle": null, "red_turn:right": null, "old_name": null, "u": 87313200, "v": 339140486, "key": 0 }, "geometry": { "type": "Point", "coordinates": [ 7.0730404, 50.7570524 ] } },
{ "type": "Feature", "properties": { "element": "node", "id": 87313200, "highway": "traffic_signals", "traffic_signals": null, "traffic_signals:direction": null, "button_operated": null, "check_date:tactile_paving": null, "crossing": null, "source": null, "tactile_paving": null, "traffic_signals:sound": null, "traffic_signals:vibration": null, "direction": null, "traffic_calming": null, "description": null, "man_made": null, "ele": null, "ele:DHHN92": null, "barrier": null, "note": null, "bicycle": null, "stop": null, "red_turn:right:bicycle": null, "red_turn:right": null, "old_name": null, "u": 339140486, "v": 87313200, "key": 0 }, "geometry": { "type": "Point", "coordinates": [ 7.0730404, 50.7570524 ] } },
{ "type": "Feature", "properties": { "element": "node", "id": 87313200, "highway": "traffic_signals", "traffic_signals": null, "traffic_signals:direction": null, "button_operated": null, "check_date:tactile_paving": null, "crossing": null, "source": null, "tactile_paving": null, "traffic_signals:sound": null, "traffic_signals:vibration": null, "direction": null, "traffic_calming": null, "description": null, "man_made": null, "ele": null, "ele:DHHN92": null, "barrier": null, "note": null, "bicycle": null, "stop": null, "red_turn:right:bicycle": null, "red_turn:right": null, "old_name": null, "u": 87313200, "v": 26721131, "key": 0 }, "geometry": { "type": "Point", "coordinates": [ 7.0730404, 50.7570524 ] } },
{ "type": "Feature", "properties": { "element": "node", "id": 87316079, "highway": "traffic_signals", "traffic_signals": null, "traffic_signals:direction": null, "button_operated": null, "check_date:tactile_paving": null, "crossing": null, "source": null, "tactile_paving": null, "traffic_signals:sound": null, "traffic_signals:vibration": null, "direction": null, "traffic_calming": null, "description": null, "man_made": null, "ele": null, "ele:DHHN92": null, "barrier": null, "note": null, "bicycle": null, "stop": null, "red_turn:right:bicycle": null, "red_turn:right": null, "old_name": null, "u": 1736529894, "v": 87316079, "key": 0 }, "geometry": { "type": "Point", "coordinates": [ 7.0790939, 50.7538789 ] } },
{ "type": "Feature", "properties": { "element": "node", "id": 87316079, "highway": "traffic_signals", "traffic_signals": null, "traffic_signals:direction": null, "button_operated": null, "check_date:tactile_paving": null, "crossing": null, "source": null, "tactile_paving": null, "traffic_signals:sound": null, "traffic_signals:vibration": null, "direction": null, "traffic_calming": null, "description": null, "man_made": null, "ele": null, "ele:DHHN92": null, "barrier": null, "note": null, "bicycle": null, "stop": null, "red_turn:right:bicycle": null, "red_turn:right": null, "old_name": null, "u": 87239719, "v": 87316079, "key": 0 }, "geometry": { "type": "Point", "coordinates": [ 7.0790939, 50.7538789 ] } },
{ "type": "Feature", "properties": { "element": "node", "id": 87316079, "highway": "traffic_signals", "traffic_signals": null, "traffic_signals:direction": null, "button_operated": null, "check_date:tactile_paving": null, "crossing": null, "source": null, "tactile_paving": null, "traffic_signals:sound": null, "traffic_signals:vibration": null, "direction": null, "traffic_calming": null, "description": null, "man_made": null, "ele": null, "ele:DHHN92": null, "barrier": null, "note": null, "bicycle": null, "stop": null, "red_turn:right:bicycle": null, "red_turn:right": null, "old_name": null, "u": 87316079, "v": 87239719, "key": 0 }, "geometry": { "type": "Point", "coordinates": [ 7.0790939, 50.7538789 ] } },
{ "type": "Feature", "properties": { "element": "node", "id": 87316079, "highway": "traffic_signals", "traffic_signals": null, "traffic_signals:direction": null, "button_operated": null, "check_date:tactile_paving": null, "crossing": null, "source": null, "tactile_paving": null, "traffic_signals:sound": null, "traffic_signals:vibration": null, "direction": null, "traffic_calming": null, "description": null, "man_made": null, "ele": null, "ele:DHHN92": null, "barrier": null, "note": null, "bicycle": null, "stop": null, "red_turn:right:bicycle": null, "red_turn:right": null, "old_name": null, "u": 87316079, "v": 87311974, "key": 0 }, "geometry": { "type": "Point", "coordinates": [ 7.0790939, 50.7538789 ] } },
{ "type": "Feature", "properties": { "element": "node", "id": 90634334, "highway": "traffic_signals", "traffic_signals": null, "traffic_signals:direction": null, "button_operated": null, "check_date:tactile_paving": null, "crossing": null, "source": null, "tactile_paving": null, "traffic_signals:sound": null, "traffic_signals:vibration": null, "direction": null, "traffic_calming": null, "description": null, "man_made": null, "ele": null, "ele:DHHN92": null, "barrier": null, "note": null, "bicycle": null, "stop": null, "red_turn:right:bicycle": null, "red_turn:right": null, "old_name": null, "u": 90634334, "v": 150990725, "key": 0 }, "geometry": { "type": "Point", "coordinates": [ 7.1344061, 50.7424064 ] } },
{ "type": "Feature", "properties": { "element": "node", "id": 90634334, "highway": "traffic_signals", "traffic_signals": null, "traffic_signals:direction": null, "button_operated": null, "check_date:tactile_paving": null, "crossing": null, "source": null, "tactile_paving": null, "traffic_signals:sound": null, "traffic_signals:vibration": null, "direction": null, "traffic_calming": null, "description": null, "man_made": null, "ele": null, "ele:DHHN92": null, "barrier": null, "note": null, "bicycle": null, "stop": null, "red_turn:right:bicycle": null, "red_turn:right": null, "old_name": null, "u": 150990725, "v": 90634334, "key": 0 }, "geometry": { "type": "Point", "coordinates": [ 7.1344061, 50.7424064 ] } },
{ "type": "Feature", "properties": { "element": "node", "id": 90634334, "highway": "traffic_signals", "traffic_signals": null, "traffic_signals:direction": null, "button_operated": null, "check_date:tactile_paving": null, "crossing": null, "source": null, "tactile_paving": null, "traffic_signals:sound": null, "traffic_signals:vibration": null, "direction": null, "traffic_calming": null, "description": null, "man_made": null, "ele": null, "ele:DHHN92": null, "barrier": null, "note": null, "bicycle": null, "stop": null, "red_turn:right:bicycle": null, "red_turn:right": null, "old_name": null, "u": 90634334, "v": 203047511, "key": 0 }, "geometry": { "type": "Point", "coordinates": [ 7.1344061, 50.7424064 ] } },
{ "type": "Feature", "properties": { "element": "node", "id": 90634334, "highway": "traffic_signals", "traffic_signals": null, "traffic_signals:direction": null, "button_operated": null, "check_date:tactile_paving": null, "crossing": null, "source": null, "tactile_paving": null, "traffic_signals:sound": null, "traffic_signals:vibration": null, "direction": null, "traffic_calming": null, "description": null, "man_made": null, "ele": null, "ele:DHHN92": null, "barrier": null, "note": null, "bicycle": null, "stop": null, "red_turn:right:bicycle": null, "red_turn:right": null, "old_name": null, "u": 203047511, "v": 90634334, "key": 0 }, "geometry": { "type": "Point", "coordinates": [ 7.1344061, 50.7424064 ] } },
{ "type": "Feature", "properties": { "element": "node", "id": 90634334, "highway": "traffic_signals", "traffic_signals": null, "traffic_signals:direction": null, "button_operated": null, "check_date:tactile_paving": null, "crossing": null, "source": null, "tactile_paving": null, "traffic_signals:sound": null, "traffic_signals:vibration": null, "direction": null, "traffic_calming": null, "description": null, "man_made": null, "ele": null, "ele:DHHN92": null, "barrier": null, "note": null, "bicycle": null, "stop": null, "red_turn:right:bicycle": null, "red_turn:right": null, "old_name": null, "u": 254057857, "v": 90634334, "key": 0 }, "geometry": { "type": "Point", "coordinates": [ 7.1344061, 50.7424064 ] } },
{ "type": "Feature", "properties": { "element": "node", "id": 90634334, "highway": "traffic_signals", "traffic_signals": null, "traffic_signals:direction": null, "button_operated": null, "check_date:tactile_paving": null, "crossing": null, "source": null, "tactile_paving": null, "traffic_signals:sound": null, "traffic_signals:vibration": null, "direction": null, "traffic_calming": null, "description": null, "man_made": null, "ele": null, "ele:DHHN92": null, "barrier": null, "note": null, "bicycle": null, "stop": null, "red_turn:right:bicycle": null, "red_turn:right": null, "old_name": null, "u": 90634334, "v": 254057857, "key": 0 }, "geometry": { "type": "Point", "coordinates": [ 7.1344061, 50.7424064 ] } },
{ "type": "Feature", "properties": { "element": "node", "id": 90634334, "highway": "traffic_signals", "traffic_signals": null, "traffic_signals:direction": null, "button_operated": null, "check_date:tactile_paving": null, "crossing": null, "source": null, "tactile_paving": null, "traffic_signals:sound": null, "traffic_signals:vibration": null, "direction": null, "traffic_calming": null, "description": null, "man_made": null, "ele": null, "ele:DHHN92": null, "barrier": null, "note": null, "bicycle": null, "stop": null, "red_turn:right:bicycle": null, "red_turn:right": null, "old_name": null, "u": 254058055, "v": 90634334, "key": 0 }, "geometry": { "type": "Point", "coordinates": [ 7.1344061, 50.7424064 ] } },
{ "type": "Feature", "properties": { "element": "node", "id": 90634334, "highway": "traffic_signals", "traffic_signals": null, "traffic_signals:direction": null, "button_operated": null, "check_date:tactile_paving": null, "crossing": null, "source": null, "tactile_paving": null, "traffic_signals:sound": null, "traffic_signals:vibration": null, "direction": null, "traffic_calming": null, "description": null, "man_made": null, "ele": null, "ele:DHHN92": null, "barrier": null, "note": null, "bicycle": null, "stop": null, "red_turn:right:bicycle": null, "red_turn:right": null, "old_name": null, "u": 90634334, "v": 254058055, "key": 0 }, "geometry": { "type": "Point", "coordinates": [ 7.1344061, 50.7424064 ] } },
{ "type": "Feature", "properties": { "element": "node", "id": 90634334, "highway": "traffic_signals", "traffic_signals": null, "traffic_signals:direction": null, "button_operated": null, "check_date:tactile_paving": null, "crossing": null, "source": null, "tactile_paving": null, "traffic_signals:sound": null, "traffic_signals:vibration": null, "direction": null, "traffic_calming": null, "description": null, "man_made": null, "ele": null, "ele:DHHN92": null, "barrier": null, "note": null, "bicycle": null, "stop": null, "red_turn:right:bicycle": null, "red_turn:right": null, "old_name": null, "u": 90634334, "v": 254057861, "key": 0 }, "geometry": { "type": "Point", "coordinates": [ 7.1344061, 50.7424064 ] } },
{ "type": "Feature", "properties": { "element": "node", "id": 90634334, "highway": "traffic_signals", "traffic_signals": null, "traffic_signals:direction": null, "button_operated": null, "check_date:tactile_paving": null, "crossing": null, "source": null, "tactile_paving": null, "traffic_signals:sound": null, "traffic_signals:vibration": null, "direction": null, "traffic_calming": null, "description": null, "man_made": null, "ele": null, "ele:DHHN92": null, "barrier": null, "note": null, "bicycle": null, "stop": null, "red_turn:right:bicycle": null, "red_turn:right": null, "old_name": null, "u": 254057861, "v": 90634334, "key": 0 }, "geometry": { "type": "Point", "coordinates": [ 7.1344061, 50.7424064 ] } },
{ "type": "Feature", "properties": { "element": "node", "id": 92401976, "highway": "traffic_signals", "traffic_signals": null, "traffic_signals:direction": null, "button_operated": null, "check_date:tactile_paving": null, "crossing": null, "source": null, "tactile_paving": null, "traffic_signals:sound": null, "traffic_signals:vibration": null, "direction": null, "traffic_calming": null, "description": null, "man_made": null, "ele": null, "ele:DHHN92": null, "barrier": null, "note": null, "bicycle": null, "stop": null, "red_turn:right:bicycle": null, "red_turn:right": null, "old_name": null, "u": 92401976, "v": 475785150, "key": 0 }, "geometry": { "type": "Point", "coordinates": [ 7.114029, 50.7224426 ] } },
{ "type": "Feature", "properties": { "element": "node", "id": 92401976, "highway": "traffic_signals", "traffic_signals": null, "traffic_signals:direction": null, "button_operated": null, "check_date:tactile_paving": null, "crossing": null, "source": null, "tactile_paving": null, "traffic_signals:sound": null, "traffic_signals:vibration": null, "direction": null, "traffic_calming": null, "description": null, "man_made": null, "ele": null, "ele:DHHN92": null, "barrier": null, "note": null, "bicycle": null, "stop": null, "red_turn:right:bicycle": null, "red_turn:right": null, "old_name": null, "u": 26671369, "v": 92401976, "key": 0 }, "geometry": { "type": "Point", "coordinates": [ 7.114029, 50.7224426 ] } },
{ "type": "Feature", "properties": { "element": "node", "id": 92401976, "highway": "traffic_signals", "traffic_signals": null, "traffic_signals:direction": null, "button_operated": null, "check_date:tactile_paving": null, "crossing": null, "source": null, "tactile_paving": null, "traffic_signals:sound": null, "traffic_signals:vibration": null, "direction": null, "traffic_calming": null, "description": null, "man_made": null, "ele": null, "ele:DHHN92": null, "barrier": null, "note": null, "bicycle": null, "stop": null, "red_turn:right:bicycle": null, "red_turn:right": null, "old_name": null, "u": 570697593, "v": 92401976, "key": 0 }, "geometry": { "type": "Point", "coordinates": [ 7.114029, 50.7224426 ] } },
{ "type": "Feature", "properties": { "element": "node", "id": 92401976, "highway": "traffic_signals", "traffic_signals": null, "traffic_signals:direction": null, "button_operated": null, "check_date:tactile_paving": null, "crossing": null, "source": null, "tactile_paving": null, "traffic_signals:sound": null, "traffic_signals:vibration": null, "direction": null, "traffic_calming": null, "description": null, "man_made": null, "ele": null, "ele:DHHN92": null, "barrier": null, "note": null, "bicycle": null, "stop": null, "red_turn:right:bicycle": null, "red_turn:right": null, "old_name": null, "u": 92401976, "v": 570697593, "key": 0 }, "geometry": { "type": "Point", "coordinates": [ 7.114029, 50.7224426 ] } },
{ "type": "Feature", "properties": { "element": "node", "id": 96143220, "highway": "traffic_signals", "traffic_signals": null, "traffic_signals:direction": null, "button_operated": null, "check_date:tactile_paving": null, "crossing": null, "source": null, "tactile_paving": null, "traffic_signals:sound": null, "traffic_signals:vibration": null, "direction": null, "traffic_calming": null, "description": null, "man_made": null, "ele": null, "ele:DHHN92": null, "barrier": null, "note": null, "bicycle": null, "stop": null, "red_turn:right:bicycle": null, "red_turn:right": null, "old_name": null, "u": 96143220, "v": 90634350, "key": 0 }, "geometry": { "type": "Point", "coordinates": [ 7.1283165, 50.7518352 ] } },
{ "type": "Feature", "properties": { "element": "node", "id": 96143220, "highway": "traffic_signals", "traffic_signals": null, "traffic_signals:direction": null, "button_operated": null, "check_date:tactile_paving": null, "crossing": null, "source": null, "tactile_paving": null, "traffic_signals:sound": null, "traffic_signals:vibration": null, "direction": null, "traffic_calming": null, "description": null, "man_made": null, "ele": null, "ele:DHHN92": null, "barrier": null, "note": null, "bicycle": null, "stop": null, "red_turn:right:bicycle": null, "red_turn:right": null, "old_name": null, "u": 96143220, "v": 254054886, "key": 0 }, "geometry": { "type": "Point", "coordinates": [ 7.1283165, 50.7518352 ] } },
{ "type": "Feature", "properties": { "element": "node", "id": 96143220, "highway": "traffic_signals", "traffic_signals": null, "traffic_signals:direction": null, "button_operated": null, "check_date:tactile_paving": null, "crossing": null, "source": null, "tactile_paving": null, "traffic_signals:sound": null, "traffic_signals:vibration": null, "direction": null, "traffic_calming": null, "description": null, "man_made": null, "ele": null, "ele:DHHN92": null, "barrier": null, "note": null, "bicycle": null, "stop": null, "red_turn:right:bicycle": null, "red_turn:right": null, "old_name": null, "u": 254054886, "v": 96143220, "key": 0 }, "geometry": { "type": "Point", "coordinates": [ 7.1283165, 50.7518352 ] } },
{ "type": "Feature", "properties": { "element": "node", "id": 96143220, "highway": "traffic_signals", "traffic_signals": null, "traffic_signals:direction": null, "button_operated": null, "check_date:tactile_paving": null, "crossing": null, "source": null, "tactile_paving": null, "traffic_signals:sound": null, "traffic_signals:vibration": null, "direction": null, "traffic_calming": null, "description": null, "man_made": null, "ele": null, "ele:DHHN92": null, "barrier": null, "note": null, "bicycle": null, "stop": null, "red_turn:right:bicycle": null, "red_turn:right": null, "old_name": null, "u": 96143220, "v": 254054201, "key": 0 }, "geometry": { "type": "Point", "coordinates": [ 7.1283165, 50.7518352 ] } },
{ "type": "Feature", "properties": { "element": "node", "id": 96143220, "highway": "traffic_signals", "traffic_signals": null, "traffic_signals:direction": null, "button_operated": null, "check_date:tactile_paving": null, "crossing": null, "source": null, "tactile_paving": null, "traffic_signals:sound": null, "traffic_signals:vibration": null, "direction": null, "traffic_calming": null, "description": null, "man_made": null, "ele": null, "ele:DHHN92": null, "barrier": null, "note": null, "bicycle": null, "stop": null, "red_turn:right:bicycle": null, "red_turn:right": null, "old_name": null, "u": 254054201, "v": 96143220, "key": 0 }, "geometry": { "type": "Point", "coordinates": [ 7.1283165, 50.7518352 ] } },
{ "type": "Feature", "properties": { "element": "node", "id": 96143220, "highway": "traffic_signals", "traffic_signals": null, "traffic_signals:direction": null, "button_operated": null, "check_date:tactile_paving": null, "crossing": null, "source": null, "tactile_paving": null, "traffic_signals:sound": null, "traffic_signals:vibration": null, "direction": null, "traffic_calming": null, "description": null, "man_made": null, "ele": null, "ele:DHHN92": null, "barrier": null, "note": null, "bicycle": null, "stop": null, "red_turn:right:bicycle": null, "red_turn:right": null, "old_name": null, "u": 254054215, "v": 96143220, "key": 0 }, "geometry": { "type": "Point", "coordinates": [ 7.1283165, 50.7518352 ] } },
{ "type": "Feature", "properties": { "element": "node", "id": 96143220, "highway": "traffic_signals", "traffic_signals": null, "traffic_signals:direction": null, "button_operated": null, "check_date:tactile_paving": null, "crossing": null, "source": null, "tactile_paving": null, "traffic_signals:sound": null, "traffic_signals:vibration": null, "direction": null, "traffic_calming": null, "description": null, "man_made": null, "ele": null, "ele:DHHN92": null, "barrier": null, "note": null, "bicycle": null, "stop": null, "red_turn:right:bicycle": null, "red_turn:right": null, "old_name": null, "u": 96143220, "v": 254054215, "key": 0 }, "geometry": { "type": "Point", "coordinates": [ 7.1283165, 50.7518352 ] } },
{ "type": "Feature", "properties": { "element": "node", "id": 96704094, "highway": "traffic_signals", "traffic_signals": null, "traffic_signals:direction": null, "button_operated": null, "check_date:tactile_paving": null, "crossing": null, "source": null, "tactile_paving": null, "traffic_signals:sound": null, "traffic_signals:vibration": null, "direction": null, "traffic_calming": null, "description": null, "man_made": null, "ele": null, "ele:DHHN92": null, "barrier": null, "note": null, "bicycle": null, "stop": null, "red_turn:right:bicycle": null, "red_turn:right": null, "old_name": null, "u": 495022303, "v": 96704094, "key": 0 }, "geometry": { "type": "Point", "coordinates": [ 7.1461399, 50.7425732 ] } },
{ "type": "Feature", "properties": { "element": "node", "id": 96704094, "highway": "traffic_signals", "traffic_signals": null, "traffic_signals:direction": null, "button_operated": null, "check_date:tactile_paving": null, "crossing": null, "source": null, "tactile_paving": null, "traffic_signals:sound": null, "traffic_signals:vibration": null, "direction": null, "traffic_calming": null, "description": null, "man_made": null, "ele": null, "ele:DHHN92": null, "barrier": null, "note": null, "bicycle": null, "stop": null, "red_turn:right:bicycle": null, "red_turn:right": null, "old_name": null, "u": 96704094, "v": 495022303, "key": 0 }, "geometry": { "type": "Point", "coordinates": [ 7.1461399, 50.7425732 ] } },
{ "type": "Feature", "properties": { "element": "node", "id": 96704094, "highway": "traffic_signals", "traffic_signals": null, "traffic_signals:direction": null, "button_operated": null, "check_date:tactile_paving": null, "crossing": null, "source": null, "tactile_paving": null, "traffic_signals:sound": null, "traffic_signals:vibration": null, "direction": null, "traffic_calming": null, "description": null, "man_made": null, "ele": null, "ele:DHHN92": null, "barrier": null, "note": null, "bicycle": null, "stop": null, "red_turn:right:bicycle": null, "red_turn:right": null, "old_name": null, "u": 355625990, "v": 96704094, "key": 0 }, "geometry": { "type": "Point", "coordinates": [ 7.1461399, 50.7425732 ] } },
{ "type": "Feature", "properties": { "element": "node", "id": 96704094, "highway": "traffic_signals", "traffic_signals": null, "traffic_signals:direction": null, "button_operated": null, "check_date:tactile_paving": null, "crossing": null, "source": null, "tactile_paving": null, "traffic_signals:sound": null, "traffic_signals:vibration": null, "direction": null, "traffic_calming": null, "description": null, "man_made": null, "ele": null, "ele:DHHN92": null, "barrier": null, "note": null, "bicycle": null, "stop": null, "red_turn:right:bicycle": null, "red_turn:right": null, "old_name": null, "u": 96704094, "v": 355625990, "key": 0 }, "geometry": { "type": "Point", "coordinates": [ 7.1461399, 50.7425732 ] } },
{ "type": "Feature", "properties": { "element": "node", "id": 96704094, "highway": "traffic_signals", "traffic_signals": null, "traffic_signals:direction": null, "button_operated": null, "check_date:tactile_paving": null, "crossing": null, "source": null, "tactile_paving": null, "traffic_signals:sound": null, "traffic_signals:vibration": null, "direction": null, "traffic_calming": null, "description": null, "man_made": null, "ele": null, "ele:DHHN92": null, "barrier": null, "note": null, "bicycle": null, "stop": null, "red_turn:right:bicycle": null, "red_turn:right": null, "old_name": null, "u": 96704094, "v": 254045522, "key": 0 }, "geometry": { "type": "Point", "coordinates": [ 7.1461399, 50.7425732 ] } },
{ "type": "Feature", "properties": { "element": "node", "id": 96704094, "highway": "traffic_signals", "traffic_signals": null, "traffic_signals:direction": null, "button_operated": null, "check_date:tactile_paving": null, "crossing": null, "source": null, "tactile_paving": null, "traffic_signals:sound": null, "traffic_signals:vibration": null, "direction": null, "traffic_calming": null, "description": null, "man_made": null, "ele": null, "ele:DHHN92": null, "barrier": null, "note": null, "bicycle": null, "stop": null, "red_turn:right:bicycle": null, "red_turn:right": null, "old_name": null, "u": 254045522, "v": 96704094, "key": 0 }, "geometry": { "type": "Point", "coordinates": [ 7.1461399, 50.7425732 ] } },
{ "type": "Feature", "properties": { "element": "node", "id": 96704094, "highway": "traffic_signals", "traffic_signals": null, "traffic_signals:direction": null, "button_operated": null, "check_date:tactile_paving": null, "crossing": null, "source": null, "tactile_paving": null, "traffic_signals:sound": null, "traffic_signals:vibration": null, "direction": null, "traffic_calming": null, "description": null, "man_made": null, "ele": null, "ele:DHHN92": null, "barrier": null, "note": null, "bicycle": null, "stop": null, "red_turn:right:bicycle": null, "red_turn:right": null, "old_name": null, "u": 96704094, "v": 33078435, "key": 0 }, "geometry": { "type": "Point", "coordinates": [ 7.1461399, 50.7425732 ] } },
{ "type": "Feature", "properties": { "element": "node", "id": 96704094, "highway": "traffic_signals", "traffic_signals": null, "traffic_signals:direction": null, "button_operated": null, "check_date:tactile_paving": null, "crossing": null, "source": null, "tactile_paving": null, "traffic_signals:sound": null, "traffic_signals:vibration": null, "direction": null, "traffic_calming": null, "description": null, "man_made": null, "ele": null, "ele:DHHN92": null, "barrier": null, "note": null, "bicycle": null, "stop": null, "red_turn:right:bicycle": null, "red_turn:right": null, "old_name": null, "u": 33078435, "v": 96704094, "key": 0 }, "geometry": { "type": "Point", "coordinates": [ 7.1461399, 50.7425732 ] } },
{ "type": "Feature", "properties": { "element": "node", "id": 103943783, "highway": "traffic_signals", "traffic_signals": null, "traffic_signals:direction": null, "button_operated": null, "check_date:tactile_paving": null, "crossing": null, "source": null, "tactile_paving": null, "traffic_signals:sound": null, "traffic_signals:vibration": null, "direction": null, "traffic_calming": null, "description": null, "man_made": null, "ele": null, "ele:DHHN92": null, "barrier": null, "note": null, "bicycle": null, "stop": null, "red_turn:right:bicycle": null, "red_turn:right": null, "old_name": null, "u": 9246482799, "v": 103943783, "key": 0 }, "geometry": { "type": "Point", "coordinates": [ 7.1056852, 50.7270237 ] } },
{ "type": "Feature", "properties": { "element": "node", "id": 103943783, "highway": "traffic_signals", "traffic_signals": null, "traffic_signals:direction": null, "button_operated": null, "check_date:tactile_paving": null, "crossing": null, "source": null, "tactile_paving": null, "traffic_signals:sound": null, "traffic_signals:vibration": null, "direction": null, "traffic_calming": null, "description": null, "man_made": null, "ele": null, "ele:DHHN92": null, "barrier": null, "note": null, "bicycle": null, "stop": null, "red_turn:right:bicycle": null, "red_turn:right": null, "old_name": null, "u": 103943783, "v": 32519584, "key": 0 }, "geometry": { "type": "Point", "coordinates": [ 7.1056852, 50.7270237 ] } },
{ "type": "Feature", "properties": { "element": "node", "id": 103943783, "highway": "traffic_signals", "traffic_signals": null, "traffic_signals:direction": null, "button_operated": null, "check_date:tactile_paving": null, "crossing": null, "source": null, "tactile_paving": null, "traffic_signals:sound": null, "traffic_signals:vibration": null, "direction": null, "traffic_calming": null, "description": null, "man_made": null, "ele": null, "ele:DHHN92": null, "barrier": null, "note": null, "bicycle": null, "stop": null, "red_turn:right:bicycle": null, "red_turn:right": null, "old_name": null, "u": 30812887, "v": 103943783, "key": 0 }, "geometry": { "type": "Point", "coordinates": [ 7.1056852, 50.7270237 ] } },
{ "type": "Feature", "properties": { "element": "node", "id": 146896230, "highway": "traffic_signals", "traffic_signals": null, "traffic_signals:direction": null, "button_operated": null, "check_date:tactile_paving": null, "crossing": null, "source": "NRW-Atlas", "tactile_paving": null, "traffic_signals:sound": null, "traffic_signals:vibration": null, "direction": null, "traffic_calming": null, "description": null, "man_made": null, "ele": "60.1", "ele:DHHN92": "60.1", "barrier": null, "note": null, "bicycle": null, "stop": null, "red_turn:right:bicycle": null, "red_turn:right": null, "old_name": null, "u": 146896230, "v": 26515190, "key": 0 }, "geometry": { "type": "Point", "coordinates": [ 7.0671582, 50.7421481 ] } },
{ "type": "Feature", "properties": { "element": "node", "id": 146896230, "highway": "traffic_signals", "traffic_signals": null, "traffic_signals:direction": null, "button_operated": null, "check_date:tactile_paving": null, "crossing": null, "source": "NRW-Atlas", "tactile_paving": null, "traffic_signals:sound": null, "traffic_signals:vibration": null, "direction": null, "traffic_calming": null, "description": null, "man_made": null, "ele": "60.1", "ele:DHHN92": "60.1", "barrier": null, "note": null, "bicycle": null, "stop": null, "red_turn:right:bicycle": null, "red_turn:right": null, "old_name": null, "u": 26515190, "v": 146896230, "key": 0 }, "geometry": { "type": "Point", "coordinates": [ 7.0671582, 50.7421481 ] } },
{ "type": "Feature", "properties": { "element": "node", "id": 146896230, "highway": "traffic_signals", "traffic_signals": null, "traffic_signals:direction": null, "button_operated": null, "check_date:tactile_paving": null, "crossing": null, "source": "NRW-Atlas", "tactile_paving": null, "traffic_signals:sound": null, "traffic_signals:vibration": null, "direction": null, "traffic_calming": null, "description": null, "man_made": null, "ele": "60.1", "ele:DHHN92": "60.1", "barrier": null, "note": null, "bicycle": null, "stop": null, "red_turn:right:bicycle": null, "red_turn:right": null, "old_name": null, "u": 30232533, "v": 146896230, "key": 0 }, "geometry": { "type": "Point", "coordinates": [ 7.0671582, 50.7421481 ] } },
{ "type": "Feature", "properties": { "element": "node", "id": 146896230, "highway": "traffic_signals", "traffic_signals": null, "traffic_signals:direction": null, "button_operated": null, "check_date:tactile_paving": null, "crossing": null, "source": "NRW-Atlas", "tactile_paving": null, "traffic_signals:sound": null, "traffic_signals:vibration": null, "direction": null, "traffic_calming": null, "description": null, "man_made": null, "ele": "60.1", "ele:DHHN92": "60.1", "barrier": null, "note": null, "bicycle": null, "stop": null, "red_turn:right:bicycle": null, "red_turn:right": null, "old_name": null, "u": 146896230, "v": 30232533, "key": 0 }, "geometry": { "type": "Point", "coordinates": [ 7.0671582, 50.7421481 ] } },
{ "type": "Feature", "properties": { "element": "node", "id": 146896230, "highway": "traffic_signals", "traffic_signals": null, "traffic_signals:direction": null, "button_operated": null, "check_date:tactile_paving": null, "crossing": null, "source": "NRW-Atlas", "tactile_paving": null, "traffic_signals:sound": null, "traffic_signals:vibration": null, "direction": null, "traffic_calming": null, "description": null, "man_made": null, "ele": "60.1", "ele:DHHN92": "60.1", "barrier": null, "note": null, "bicycle": null, "stop": null, "red_turn:right:bicycle": null, "red_turn:right": null, "old_name": null, "u": 44550922, "v": 146896230, "key": 0 }, "geometry": { "type": "Point", "coordinates": [ 7.0671582, 50.7421481 ] } },
{ "type": "Feature", "properties": { "element": "node", "id": 146896230, "highway": "traffic_signals", "traffic_signals": null, "traffic_signals:direction": null, "button_operated": null, "check_date:tactile_paving": null, "crossing": null, "source": "NRW-Atlas", "tactile_paving": null, "traffic_signals:sound": null, "traffic_signals:vibration": null, "direction": null, "traffic_calming": null, "description": null, "man_made": null, "ele": "60.1", "ele:DHHN92": "60.1", "barrier": null, "note": null, "bicycle": null, "stop": null, "red_turn:right:bicycle": null, "red_turn:right": null, "old_name": null, "u": 146896230, "v": 44550922, "key": 0 }, "geometry": { "type": "Point", "coordinates": [ 7.0671582, 50.7421481 ] } },
{ "type": "Feature", "properties": { "element": "node", "id": 146896230, "highway": "traffic_signals", "traffic_signals": null, "traffic_signals:direction": null, "button_operated": null, "check_date:tactile_paving": null, "crossing": null, "source": "NRW-Atlas", "tactile_paving": null, "traffic_signals:sound": null, "traffic_signals:vibration": null, "direction": null, "traffic_calming": null, "description": null, "man_made": null, "ele": "60.1", "ele:DHHN92": "60.1", "barrier": null, "note": null, "bicycle": null, "stop": null, "red_turn:right:bicycle": null, "red_turn:right": null, "old_name": null, "u": 242001931, "v": 146896230, "key": 0 }, "geometry": { "type": "Point", "coordinates": [ 7.0671582, 50.7421481 ] } },
{ "type": "Feature", "properties": { "element": "node", "id": 146896230, "highway": "traffic_signals", "traffic_signals": null, "traffic_signals:direction": null, "button_operated": null, "check_date:tactile_paving": null, "crossing": null, "source": "NRW-Atlas", "tactile_paving": null, "traffic_signals:sound": null, "traffic_signals:vibration": null, "direction": null, "traffic_calming": null, "description": null, "man_made": null, "ele": "60.1", "ele:DHHN92": "60.1", "barrier": null, "note": null, "bicycle": null, "stop": null, "red_turn:right:bicycle": null, "red_turn:right": null, "old_name": null, "u": 146896230, "v": 242001931, "key": 0 }, "geometry": { "type": "Point", "coordinates": [ 7.0671582, 50.7421481 ] } },
{ "type": "Feature", "properties": { "element": "node", "id": 181316233, "highway": "traffic_signals", "traffic_signals": null, "traffic_signals:direction": null, "button_operated": null, "check_date:tactile_paving": null, "crossing": null, "source": null, "tactile_paving": null, "traffic_signals:sound": null, "traffic_signals:vibration": null, "direction": null, "traffic_calming": null, "description": null, "man_made": null, "ele": null, "ele:DHHN92": null, "barrier": null, "note": null, "bicycle": null, "stop": null, "red_turn:right:bicycle": null, "red_turn:right": null, "old_name": null, "u": 26667851, "v": 26667839, "key": 0 }, "geometry": { "type": "Point", "coordinates": [ 7.0944287, 50.7326475 ] } },
{ "type": "Feature", "properties": { "element": "node", "id": 196182550, "highway": "traffic_signals", "traffic_signals": null, "traffic_signals:direction": null, "button_operated": null, "check_date:tactile_paving": null, "crossing": null, "source": null, "tactile_paving": null, "traffic_signals:sound": null, "traffic_signals:vibration": null, "direction": null, "traffic_calming": null, "description": null, "man_made": null, "ele": null, "ele:DHHN92": null, "barrier": null, "note": null, "bicycle": null, "stop": null, "red_turn:right:bicycle": null, "red_turn:right": null, "old_name": null, "u": 26408280, "v": 539126390, "key": 0 }, "geometry": { "type": "Point", "coordinates": [ 7.0808055, 50.7528243 ] } },
{ "type": "Feature", "properties": { "element": "node", "id": 203884970, "highway": "traffic_signals", "traffic_signals": null, "traffic_signals:direction": null, "button_operated": null, "check_date:tactile_paving": null, "crossing": null, "source": null, "tactile_paving": null, "traffic_signals:sound": null, "traffic_signals:vibration": null, "direction": null, "traffic_calming": null, "description": null, "man_made": null, "ele": null, "ele:DHHN92": null, "barrier": null, "note": null, "bicycle": null, "stop": null, "red_turn:right:bicycle": null, "red_turn:right": null, "old_name": null, "u": 203884970, "v": 30965090, "key": 0 }, "geometry": { "type": "Point", "coordinates": [ 7.1249789, 50.7471201 ] } },
{ "type": "Feature", "properties": { "element": "node", "id": 203884970, "highway": "traffic_signals", "traffic_signals": null, "traffic_signals:direction": null, "button_operated": null, "check_date:tactile_paving": null, "crossing": null, "source": null, "tactile_paving": null, "traffic_signals:sound": null, "traffic_signals:vibration": null, "direction": null, "traffic_calming": null, "description": null, "man_made": null, "ele": null, "ele:DHHN92": null, "barrier": null, "note": null, "bicycle": null, "stop": null, "red_turn:right:bicycle": null, "red_turn:right": null, "old_name": null, "u": 203884970, "v": 253917132, "key": 0 }, "geometry": { "type": "Point", "coordinates": [ 7.1249789, 50.7471201 ] } },
{ "type": "Feature", "properties": { "element": "node", "id": 203884970, "highway": "traffic_signals", "traffic_signals": null, "traffic_signals:direction": null, "button_operated": null, "check_date:tactile_paving": null, "crossing": null, "source": null, "tactile_paving": null, "traffic_signals:sound": null, "traffic_signals:vibration": null, "direction": null, "traffic_calming": null, "description": null, "man_made": null, "ele": null, "ele:DHHN92": null, "barrier": null, "note": null, "bicycle": null, "stop": null, "red_turn:right:bicycle": null, "red_turn:right": null, "old_name": null, "u": 253917132, "v": 203884970, "key": 0 }, "geometry": { "type": "Point", "coordinates": [ 7.1249789, 50.7471201 ] } },
{ "type": "Feature", "properties": { "element": "node", "id": 203884970, "highway": "traffic_signals", "traffic_signals": null, "traffic_signals:direction": null, "button_operated": null, "check_date:tactile_paving": null, "crossing": null, "source": null, "tactile_paving": null, "traffic_signals:sound": null, "traffic_signals:vibration": null, "direction": null, "traffic_calming": null, "description": null, "man_made": null, "ele": null, "ele:DHHN92": null, "barrier": null, "note": null, "bicycle": null, "stop": null, "red_turn:right:bicycle": null, "red_turn:right": null, "old_name": null, "u": 8259232177, "v": 203884970, "key": 0 }, "geometry": { "type": "Point", "coordinates": [ 7.1249789, 50.7471201 ] } },
{ "type": "Feature", "properties": { "element": "node", "id": 203884970, "highway": "traffic_signals", "traffic_signals": null, "traffic_signals:direction": null, "button_operated": null, "check_date:tactile_paving": null, "crossing": null, "source": null, "tactile_paving": null, "traffic_signals:sound": null, "traffic_signals:vibration": null, "direction": null, "traffic_calming": null, "description": null, "man_made": null, "ele": null, "ele:DHHN92": null, "barrier": null, "note": null, "bicycle": null, "stop": null, "red_turn:right:bicycle": null, "red_turn:right": null, "old_name": null, "u": 203884970, "v": 8259232177, "key": 0 }, "geometry": { "type": "Point", "coordinates": [ 7.1249789, 50.7471201 ] } },
{ "type": "Feature", "properties": { "element": "node", "id": 203884970, "highway": "traffic_signals", "traffic_signals": null, "traffic_signals:direction": null, "button_operated": null, "check_date:tactile_paving": null, "crossing": null, "source": null, "tactile_paving": null, "traffic_signals:sound": null, "traffic_signals:vibration": null, "direction": null, "traffic_calming": null, "description": null, "man_made": null, "ele": null, "ele:DHHN92": null, "barrier": null, "note": null, "bicycle": null, "stop": null, "red_turn:right:bicycle": null, "red_turn:right": null, "old_name": null, "u": 90637468, "v": 203884970, "key": 0 }, "geometry": { "type": "Point", "coordinates": [ 7.1249789, 50.7471201 ] } },
{ "type": "Feature", "properties": { "element": "node", "id": 203884970, "highway": "traffic_signals", "traffic_signals": null, "traffic_signals:direction": null, "button_operated": null, "check_date:tactile_paving": null, "crossing": null, "source": null, "tactile_paving": null, "traffic_signals:sound": null, "traffic_signals:vibration": null, "direction": null, "traffic_calming": null, "description": null, "man_made": null, "ele": null, "ele:DHHN92": null, "barrier": null, "note": null, "bicycle": null, "stop": null, "red_turn:right:bicycle": null, "red_turn:right": null, "old_name": null, "u": 203884970, "v": 90637468, "key": 0 }, "geometry": { "type": "Point", "coordinates": [ 7.1249789, 50.7471201 ] } },
{ "type": "Feature", "properties": { "element": "node", "id": 203884970, "highway": "traffic_signals", "traffic_signals": null, "traffic_signals:direction": null, "button_operated": null, "check_date:tactile_paving": null, "crossing": null, "source": null, "tactile_paving": null, "traffic_signals:sound": null, "traffic_signals:vibration": null, "direction": null, "traffic_calming": null, "description": null, "man_made": null, "ele": null, "ele:DHHN92": null, "barrier": null, "note": null, "bicycle": null, "stop": null, "red_turn:right:bicycle": null, "red_turn:right": null, "old_name": null, "u": 26508638, "v": 203884970, "key": 0 }, "geometry": { "type": "Point", "coordinates": [ 7.1249789, 50.7471201 ] } },
{ "type": "Feature", "properties": { "element": "node", "id": 203927258, "highway": "traffic_signals", "traffic_signals": null, "traffic_signals:direction": null, "button_operated": null, "check_date:tactile_paving": null, "crossing": null, "source": null, "tactile_paving": null, "traffic_signals:sound": null, "traffic_signals:vibration": null, "direction": null, "traffic_calming": null, "description": null, "man_made": null, "ele": null, "ele:DHHN92": null, "barrier": null, "note": null, "bicycle": null, "stop": null, "red_turn:right:bicycle": null, "red_turn:right": null, "old_name": null, "u": 203927258, "v": 203927280, "key": 0 }, "geometry": { "type": "Point", "coordinates": [ 7.129589, 50.7506177 ] } },
{ "type": "Feature", "properties": { "element": "node", "id": 203927258, "highway": "traffic_signals", "traffic_signals": null, "traffic_signals:direction": null, "button_operated": null, "check_date:tactile_paving": null, "crossing": null, "source": null, "tactile_paving": null, "traffic_signals:sound": null, "traffic_signals:vibration": null, "direction": null, "traffic_calming": null, "description": null, "man_made": null, "ele": null, "ele:DHHN92": null, "barrier": null, "note": null, "bicycle": null, "stop": null, "red_turn:right:bicycle": null, "red_turn:right": null, "old_name": null, "u": 203927280, "v": 203927258, "key": 0 }, "geometry": { "type": "Point", "coordinates": [ 7.129589, 50.7506177 ] } },
{ "type": "Feature", "properties": { "element": "node", "id": 203927258, "highway": "traffic_signals", "traffic_signals": null, "traffic_signals:direction": null, "button_operated": null, "check_date:tactile_paving": null, "crossing": null, "source": null, "tactile_paving": null, "traffic_signals:sound": null, "traffic_signals:vibration": null, "direction": null, "traffic_calming": null, "description": null, "man_made": null, "ele": null, "ele:DHHN92": null, "barrier": null, "note": null, "bicycle": null, "stop": null, "red_turn:right:bicycle": null, "red_turn:right": null, "old_name": null, "u": 203927258, "v": 26508638, "key": 0 }, "geometry": { "type": "Point", "coordinates": [ 7.129589, 50.7506177 ] } },
{ "type": "Feature", "properties": { "element": "node", "id": 203927258, "highway": "traffic_signals", "traffic_signals": null, "traffic_signals:direction": null, "button_operated": null, "check_date:tactile_paving": null, "crossing": null, "source": null, "tactile_paving": null, "traffic_signals:sound": null, "traffic_signals:vibration": null, "direction": null, "traffic_calming": null, "description": null, "man_made": null, "ele": null, "ele:DHHN92": null, "barrier": null, "note": null, "bicycle": null, "stop": null, "red_turn:right:bicycle": null, "red_turn:right": null, "old_name": null, "u": 26508638, "v": 203927258, "key": 0 }, "geometry": { "type": "Point", "coordinates": [ 7.129589, 50.7506177 ] } },
{ "type": "Feature", "properties": { "element": "node", "id": 203927258, "highway": "traffic_signals", "traffic_signals": null, "traffic_signals:direction": null, "button_operated": null, "check_date:tactile_paving": null, "crossing": null, "source": null, "tactile_paving": null, "traffic_signals:sound": null, "traffic_signals:vibration": null, "direction": null, "traffic_calming": null, "description": null, "man_made": null, "ele": null, "ele:DHHN92": null, "barrier": null, "note": null, "bicycle": null, "stop": null, "red_turn:right:bicycle": null, "red_turn:right": null, "old_name": null, "u": 203927258, "v": 90634350, "key": 0 }, "geometry": { "type": "Point", "coordinates": [ 7.129589, 50.7506177 ] } },
{ "type": "Feature", "properties": { "element": "node", "id": 203927258, "highway": "traffic_signals", "traffic_signals": null, "traffic_signals:direction": null, "button_operated": null, "check_date:tactile_paving": null, "crossing": null, "source": null, "tactile_paving": null, "traffic_signals:sound": null, "traffic_signals:vibration": null, "direction": null, "traffic_calming": null, "description": null, "man_made": null, "ele": null, "ele:DHHN92": null, "barrier": null, "note": null, "bicycle": null, "stop": null, "red_turn:right:bicycle": null, "red_turn:right": null, "old_name": null, "u": 90634350, "v": 203927258, "key": 0 }, "geometry": { "type": "Point", "coordinates": [ 7.129589, 50.7506177 ] } },
{ "type": "Feature", "properties": { "element": "node", "id": 203927258, "highway": "traffic_signals", "traffic_signals": null, "traffic_signals:direction": null, "button_operated": null, "check_date:tactile_paving": null, "crossing": null, "source": null, "tactile_paving": null, "traffic_signals:sound": null, "traffic_signals:vibration": null, "direction": null, "traffic_calming": null, "description": null, "man_made": null, "ele": null, "ele:DHHN92": null, "barrier": null, "note": null, "bicycle": null, "stop": null, "red_turn:right:bicycle": null, "red_turn:right": null, "old_name": null, "u": 203927258, "v": 5541430696, "key": 0 }, "geometry": { "type": "Point", "coordinates": [ 7.129589, 50.7506177 ] } },
{ "type": "Feature", "properties": { "element": "node", "id": 203927258, "highway": "traffic_signals", "traffic_signals": null, "traffic_signals:direction": null, "button_operated": null, "check_date:tactile_paving": null, "crossing": null, "source": null, "tactile_paving": null, "traffic_signals:sound": null, "traffic_signals:vibration": null, "direction": null, "traffic_calming": null, "description": null, "man_made": null, "ele": null, "ele:DHHN92": null, "barrier": null, "note": null, "bicycle": null, "stop": null, "red_turn:right:bicycle": null, "red_turn:right": null, "old_name": null, "u": 5541430696, "v": 203927258, "key": 0 }, "geometry": { "type": "Point", "coordinates": [ 7.129589, 50.7506177 ] } },
{ "type": "Feature", "properties": { "element": "node", "id": 240135917, "highway": "traffic_signals", "traffic_signals": null, "traffic_signals:direction": null, "button_operated": null, "check_date:tactile_paving": null, "crossing": null, "source": null, "tactile_paving": null, "traffic_signals:sound": null, "traffic_signals:vibration": null, "direction": null, "traffic_calming": null, "description": null, "man_made": null, "ele": null, "ele:DHHN92": null, "barrier": null, "note": null, "bicycle": null, "stop": null, "red_turn:right:bicycle": null, "red_turn:right": null, "old_name": null, "u": 240135917, "v": 1599908215, "key": 0 }, "geometry": { "type": "Point", "coordinates": [ 7.1369674, 50.7011556 ] } },
{ "type": "Feature", "properties": { "element": "node", "id": 240135917, "highway": "traffic_signals", "traffic_signals": null, "traffic_signals:direction": null, "button_operated": null, "check_date:tactile_paving": null, "crossing": null, "source": null, "tactile_paving": null, "traffic_signals:sound": null, "traffic_signals:vibration": null, "direction": null, "traffic_calming": null, "description": null, "man_made": null, "ele": null, "ele:DHHN92": null, "barrier": null, "note": null, "bicycle": null, "stop": null, "red_turn:right:bicycle": null, "red_turn:right": null, "old_name": null, "u": 1599908215, "v": 240135917, "key": 0 }, "geometry": { "type": "Point", "coordinates": [ 7.1369674, 50.7011556 ] } },
{ "type": "Feature", "properties": { "element": "node", "id": 240135917, "highway": "traffic_signals", "traffic_signals": null, "traffic_signals:direction": null, "button_operated": null, "check_date:tactile_paving": null, "crossing": null, "source": null, "tactile_paving": null, "traffic_signals:sound": null, "traffic_signals:vibration": null, "direction": null, "traffic_calming": null, "description": null, "man_made": null, "ele": null, "ele:DHHN92": null, "barrier": null, "note": null, "bicycle": null, "stop": null, "red_turn:right:bicycle": null, "red_turn:right": null, "old_name": null, "u": 1600929834, "v": 240135917, "key": 0 }, "geometry": { "type": "Point", "coordinates": [ 7.1369674, 50.7011556 ] } },
{ "type": "Feature", "properties": { "element": "node", "id": 240135917, "highway": "traffic_signals", "traffic_signals": null, "traffic_signals:direction": null, "button_operated": null, "check_date:tactile_paving": null, "crossing": null, "source": null, "tactile_paving": null, "traffic_signals:sound": null, "traffic_signals:vibration": null, "direction": null, "traffic_calming": null, "description": null, "man_made": null, "ele": null, "ele:DHHN92": null, "barrier": null, "note": null, "bicycle": null, "stop": null, "red_turn:right:bicycle": null, "red_turn:right": null, "old_name": null, "u": 240135917, "v": 318809570, "key": 0 }, "geometry": { "type": "Point", "coordinates": [ 7.1369674, 50.7011556 ] } },
{ "type": "Feature", "properties": { "element": "node", "id": 246824973, "highway": "traffic_signals", "traffic_signals": null, "traffic_signals:direction": null, "button_operated": null, "check_date:tactile_paving": null, "crossing": null, "source": null, "tactile_paving": null, "traffic_signals:sound": null, "traffic_signals:vibration": null, "direction": null, "traffic_calming": null, "description": null, "man_made": null, "ele": null, "ele:DHHN92": null, "barrier": null, "note": null, "bicycle": null, "stop": null, "red_turn:right:bicycle": null, "red_turn:right": null, "old_name": null, "u": 246824973, "v": 31943541, "key": 0 }, "geometry": { "type": "Point", "coordinates": [ 7.1263354, 50.739954 ] } },
{ "type": "Feature", "properties": { "element": "node", "id": 246824973, "highway": "traffic_signals", "traffic_signals": null, "traffic_signals:direction": null, "button_operated": null, "check_date:tactile_paving": null, "crossing": null, "source": null, "tactile_paving": null, "traffic_signals:sound": null, "traffic_signals:vibration": null, "direction": null, "traffic_calming": null, "description": null, "man_made": null, "ele": null, "ele:DHHN92": null, "barrier": null, "note": null, "bicycle": null, "stop": null, "red_turn:right:bicycle": null, "red_turn:right": null, "old_name": null, "u": 31943541, "v": 246824973, "key": 0 }, "geometry": { "type": "Point", "coordinates": [ 7.1263354, 50.739954 ] } },
{ "type": "Feature", "properties": { "element": "node", "id": 246824973, "highway": "traffic_signals", "traffic_signals": null, "traffic_signals:direction": null, "button_operated": null, "check_date:tactile_paving": null, "crossing": null, "source": null, "tactile_paving": null, "traffic_signals:sound": null, "traffic_signals:vibration": null, "direction": null, "traffic_calming": null, "description": null, "man_made": null, "ele": null, "ele:DHHN92": null, "barrier": null, "note": null, "bicycle": null, "stop": null, "red_turn:right:bicycle": null, "red_turn:right": null, "old_name": null, "u": 246824973, "v": 31943627, "key": 0 }, "geometry": { "type": "Point", "coordinates": [ 7.1263354, 50.739954 ] } },
{ "type": "Feature", "properties": { "element": "node", "id": 246824973, "highway": "traffic_signals", "traffic_signals": null, "traffic_signals:direction": null, "button_operated": null, "check_date:tactile_paving": null, "crossing": null, "source": null, "tactile_paving": null, "traffic_signals:sound": null, "traffic_signals:vibration": null, "direction": null, "traffic_calming": null, "description": null, "man_made": null, "ele": null, "ele:DHHN92": null, "barrier": null, "note": null, "bicycle": null, "stop": null, "red_turn:right:bicycle": null, "red_turn:right": null, "old_name": null, "u": 31943627, "v": 246824973, "key": 0 }, "geometry": { "type": "Point", "coordinates": [ 7.1263354, 50.739954 ] } },
{ "type": "Feature", "properties": { "element": "node", "id": 246824973, "highway": "traffic_signals", "traffic_signals": null, "traffic_signals:direction": null, "button_operated": null, "check_date:tactile_paving": null, "crossing": null, "source": null, "tactile_paving": null, "traffic_signals:sound": null, "traffic_signals:vibration": null, "direction": null, "traffic_calming": null, "description": null, "man_made": null, "ele": null, "ele:DHHN92": null, "barrier": null, "note": null, "bicycle": null, "stop": null, "red_turn:right:bicycle": null, "red_turn:right": null, "old_name": null, "u": 246824973, "v": 31180357, "key": 0 }, "geometry": { "type": "Point", "coordinates": [ 7.1263354, 50.739954 ] } },
{ "type": "Feature", "properties": { "element": "node", "id": 246824973, "highway": "traffic_signals", "traffic_signals": null, "traffic_signals:direction": null, "button_operated": null, "check_date:tactile_paving": null, "crossing": null, "source": null, "tactile_paving": null, "traffic_signals:sound": null, "traffic_signals:vibration": null, "direction": null, "traffic_calming": null, "description": null, "man_made": null, "ele": null, "ele:DHHN92": null, "barrier": null, "note": null, "bicycle": null, "stop": null, "red_turn:right:bicycle": null, "red_turn:right": null, "old_name": null, "u": 31180357, "v": 246824973, "key": 0 }, "geometry": { "type": "Point", "coordinates": [ 7.1263354, 50.739954 ] } },
{ "type": "Feature", "properties": { "element": "node", "id": 246825113, "highway": "traffic_signals", "traffic_signals": null, "traffic_signals:direction": "forward", "button_operated": null, "check_date:tactile_paving": null, "crossing": null, "source": null, "tactile_paving": null, "traffic_signals:sound": null, "traffic_signals:vibration": null, "direction": null, "traffic_calming": null, "description": null, "man_made": null, "ele": null, "ele:DHHN92": null, "barrier": null, "note": null, "bicycle": null, "stop": null, "red_turn:right:bicycle": null, "red_turn:right": null, "old_name": null, "u": 31180357, "v": 32310162, "key": 0 }, "geometry": { "type": "Point", "coordinates": [ 7.1254812, 50.7417879 ] } },
{ "type": "Feature", "properties": { "element": "node", "id": 246825113, "highway": "traffic_signals", "traffic_signals": null, "traffic_signals:direction": "forward", "button_operated": null, "check_date:tactile_paving": null, "crossing": null, "source": null, "tactile_paving": null, "traffic_signals:sound": null, "traffic_signals:vibration": null, "direction": null, "traffic_calming": null, "description": null, "man_made": null, "ele": null, "ele:DHHN92": null, "barrier": null, "note": null, "bicycle": null, "stop": null, "red_turn:right:bicycle": null, "red_turn:right": null, "old_name": null, "u": 32310162, "v": 31180357, "key": 0 }, "geometry": { "type": "Point", "coordinates": [ 7.1254812, 50.7417879 ] } },
{ "type": "Feature", "properties": { "element": "node", "id": 252188303, "highway": "traffic_signals", "traffic_signals": null, "traffic_signals:direction": null, "button_operated": "yes", "check_date:tactile_paving": null, "crossing": "traffic_signals", "source": null, "tactile_paving": "no", "traffic_signals:sound": "yes", "traffic_signals:vibration": "no", "direction": null, "traffic_calming": null, "description": null, "man_made": null, "ele": null, "ele:DHHN92": null, "barrier": null, "note": null, "bicycle": null, "stop": null, "red_turn:right:bicycle": null, "red_turn:right": null, "old_name": null, "u": 26868464, "v": 83026636, "key": 0 }, "geometry": { "type": "Point", "coordinates": [ 7.0899416, 50.7241096 ] } },
{ "type": "Feature", "properties": { "element": "node", "id": 252188303, "highway": "traffic_signals", "traffic_signals": null, "traffic_signals:direction": null, "button_operated": "yes", "check_date:tactile_paving": null, "crossing": "traffic_signals", "source": null, "tactile_paving": "no", "traffic_signals:sound": "yes", "traffic_signals:vibration": "no", "direction": null, "traffic_calming": null, "description": null, "man_made": null, "ele": null, "ele:DHHN92": null, "barrier": null, "note": null, "bicycle": null, "stop": null, "red_turn:right:bicycle": null, "red_turn:right": null, "old_name": null, "u": 83026636, "v": 26868464, "key": 0 }, "geometry": { "type": "Point", "coordinates": [ 7.0899416, 50.7241096 ] } },
{ "type": "Feature", "properties": { "element": "node", "id": 253067427, "highway": "traffic_signals", "traffic_signals": null, "traffic_signals:direction": null, "button_operated": null, "check_date:tactile_paving": null, "crossing": null, "source": null, "tactile_paving": null, "traffic_signals:sound": null, "traffic_signals:vibration": null, "direction": null, "traffic_calming": null, "description": null, "man_made": null, "ele": null, "ele:DHHN92": null, "barrier": null, "note": null, "bicycle": null, "stop": null, "red_turn:right:bicycle": null, "red_turn:right": null, "old_name": null, "u": 316078410, "v": 1768416467, "key": 0 }, "geometry": { "type": "Point", "coordinates": [ 7.1469683, 50.7275468 ] } },
{ "type": "Feature", "properties": { "element": "node", "id": 253067427, "highway": "traffic_signals", "traffic_signals": null, "traffic_signals:direction": null, "button_operated": null, "check_date:tactile_paving": null, "crossing": null, "source": null, "tactile_paving": null, "traffic_signals:sound": null, "traffic_signals:vibration": null, "direction": null, "traffic_calming": null, "description": null, "man_made": null, "ele": null, "ele:DHHN92": null, "barrier": null, "note": null, "bicycle": null, "stop": null, "red_turn:right:bicycle": null, "red_turn:right": null, "old_name": null, "u": 1768416467, "v": 316078410, "key": 0 }, "geometry": { "type": "Point", "coordinates": [ 7.1469683, 50.7275468 ] } },
{ "type": "Feature", "properties": { "element": "node", "id": 253081595, "highway": "traffic_signals", "traffic_signals": null, "traffic_signals:direction": null, "button_operated": "yes", "check_date:tactile_paving": null, "crossing": "traffic_signals", "source": null, "tactile_paving": "no", "traffic_signals:sound": "yes", "traffic_signals:vibration": "no", "direction": null, "traffic_calming": null, "description": null, "man_made": null, "ele": null, "ele:DHHN92": null, "barrier": null, "note": null, "bicycle": null, "stop": null, "red_turn:right:bicycle": null, "red_turn:right": null, "old_name": null, "u": 30450745, "v": 27411461, "key": 0 }, "geometry": { "type": "Point", "coordinates": [ 7.1071839, 50.737405 ] } },
{ "type": "Feature", "properties": { "element": "node", "id": 253108288, "highway": "traffic_signals", "traffic_signals": null, "traffic_signals:direction": null, "button_operated": null, "check_date:tactile_paving": null, "crossing": null, "source": null, "tactile_paving": null, "traffic_signals:sound": null, "traffic_signals:vibration": null, "direction": null, "traffic_calming": null, "description": null, "man_made": null, "ele": null, "ele:DHHN92": null, "barrier": null, "note": null, "bicycle": null, "stop": null, "red_turn:right:bicycle": null, "red_turn:right": null, "old_name": null, "u": 253108288, "v": 31369791, "key": 0 }, "geometry": { "type": "Point", "coordinates": [ 7.1120207, 50.7249228 ] } },
{ "type": "Feature", "properties": { "element": "node", "id": 253108288, "highway": "traffic_signals", "traffic_signals": null, "traffic_signals:direction": null, "button_operated": null, "check_date:tactile_paving": null, "crossing": null, "source": null, "tactile_paving": null, "traffic_signals:sound": null, "traffic_signals:vibration": null, "direction": null, "traffic_calming": null, "description": null, "man_made": null, "ele": null, "ele:DHHN92": null, "barrier": null, "note": null, "bicycle": null, "stop": null, "red_turn:right:bicycle": null, "red_turn:right": null, "old_name": null, "u": 253108288, "v": 253108289, "key": 0 }, "geometry": { "type": "Point", "coordinates": [ 7.1120207, 50.7249228 ] } },
{ "type": "Feature", "properties": { "element": "node", "id": 253108288, "highway": "traffic_signals", "traffic_signals": null, "traffic_signals:direction": null, "button_operated": null, "check_date:tactile_paving": null, "crossing": null, "source": null, "tactile_paving": null, "traffic_signals:sound": null, "traffic_signals:vibration": null, "direction": null, "traffic_calming": null, "description": null, "man_made": null, "ele": null, "ele:DHHN92": null, "barrier": null, "note": null, "bicycle": null, "stop": null, "red_turn:right:bicycle": null, "red_turn:right": null, "old_name": null, "u": 253108289, "v": 253108288, "key": 0 }, "geometry": { "type": "Point", "coordinates": [ 7.1120207, 50.7249228 ] } },
{ "type": "Feature", "properties": { "element": "node", "id": 253108288, "highway": "traffic_signals", "traffic_signals": null, "traffic_signals:direction": null, "button_operated": null, "check_date:tactile_paving": null, "crossing": null, "source": null, "tactile_paving": null, "traffic_signals:sound": null, "traffic_signals:vibration": null, "direction": null, "traffic_calming": null, "description": null, "man_made": null, "ele": null, "ele:DHHN92": null, "barrier": null, "note": null, "bicycle": null, "stop": null, "red_turn:right:bicycle": null, "red_turn:right": null, "old_name": null, "u": 31369798, "v": 253108288, "key": 0 }, "geometry": { "type": "Point", "coordinates": [ 7.1120207, 50.7249228 ] } },
{ "type": "Feature", "properties": { "element": "node", "id": 253108289, "highway": "traffic_signals", "traffic_signals": null, "traffic_signals:direction": null, "button_operated": null, "check_date:tactile_paving": null, "crossing": null, "source": null, "tactile_paving": null, "traffic_signals:sound": null, "traffic_signals:vibration": null, "direction": null, "traffic_calming": null, "description": null, "man_made": null, "ele": null, "ele:DHHN92": null, "barrier": null, "note": null, "bicycle": null, "stop": null, "red_turn:right:bicycle": null, "red_turn:right": null, "old_name": null, "u": 253087296, "v": 253108289, "key": 0 }, "geometry": { "type": "Point", "coordinates": [ 7.1121429, 50.7249566 ] } },
{ "type": "Feature", "properties": { "element": "node", "id": 253108289, "highway": "traffic_signals", "traffic_signals": null, "traffic_signals:direction": null, "button_operated": null, "check_date:tactile_paving": null, "crossing": null, "source": null, "tactile_paving": null, "traffic_signals:sound": null, "traffic_signals:vibration": null, "direction": null, "traffic_calming": null, "description": null, "man_made": null, "ele": null, "ele:DHHN92": null, "barrier": null, "note": null, "bicycle": null, "stop": null, "red_turn:right:bicycle": null, "red_turn:right": null, "old_name": null, "u": 253108288, "v": 253108289, "key": 0 }, "geometry": { "type": "Point", "coordinates": [ 7.1121429, 50.7249566 ] } },
{ "type": "Feature", "properties": { "element": "node", "id": 253108289, "highway": "traffic_signals", "traffic_signals": null, "traffic_signals:direction": null, "button_operated": null, "check_date:tactile_paving": null, "crossing": null, "source": null, "tactile_paving": null, "traffic_signals:sound": null, "traffic_signals:vibration": null, "direction": null, "traffic_calming": null, "description": null, "man_made": null, "ele": null, "ele:DHHN92": null, "barrier": null, "note": null, "bicycle": null, "stop": null, "red_turn:right:bicycle": null, "red_turn:right": null, "old_name": null, "u": 253108289, "v": 253108288, "key": 0 }, "geometry": { "type": "Point", "coordinates": [ 7.1121429, 50.7249566 ] } },
{ "type": "Feature", "properties": { "element": "node", "id": 253108289, "highway": "traffic_signals", "traffic_signals": null, "traffic_signals:direction": null, "button_operated": null, "check_date:tactile_paving": null, "crossing": null, "source": null, "tactile_paving": null, "traffic_signals:sound": null, "traffic_signals:vibration": null, "direction": null, "traffic_calming": null, "description": null, "man_made": null, "ele": null, "ele:DHHN92": null, "barrier": null, "note": null, "bicycle": null, "stop": null, "red_turn:right:bicycle": null, "red_turn:right": null, "old_name": null, "u": 253108289, "v": 26862094, "key": 0 }, "geometry": { "type": "Point", "coordinates": [ 7.1121429, 50.7249566 ] } },
{ "type": "Feature", "properties": { "element": "node", "id": 253848149, "highway": "traffic_signals", "traffic_signals": null, "traffic_signals:direction": null, "button_operated": "yes", "check_date:tactile_paving": null, "crossing": "traffic_signals", "source": null, "tactile_paving": "yes", "traffic_signals:sound": "yes", "traffic_signals:vibration": "no", "direction": null, "traffic_calming": null, "description": null, "man_made": null, "ele": null, "ele:DHHN92": null, "barrier": null, "note": null, "bicycle": null, "stop": null, "red_turn:right:bicycle": null, "red_turn:right": null, "old_name": null, "u": 26667851, "v": 26667839, "key": 0 }, "geometry": { "type": "Point", "coordinates": [ 7.0950004, 50.7327463 ] } },
{ "type": "Feature", "properties": { "element": "node", "id": 253917132, "highway": "traffic_signals", "traffic_signals": null, "traffic_signals:direction": null, "button_operated": null, "check_date:tactile_paving": null, "crossing": null, "source": "survey", "tactile_paving": null, "traffic_signals:sound": null, "traffic_signals:vibration": null, "direction": null, "traffic_calming": null, "description": null, "man_made": null, "ele": null, "ele:DHHN92": null, "barrier": null, "note": null, "bicycle": null, "stop": null, "red_turn:right:bicycle": null, "red_turn:right": null, "old_name": null, "u": 605243131, "v": 253917132, "key": 0 }, "geometry": { "type": "Point", "coordinates": [ 7.1251549, 50.7470539 ] } },
{ "type": "Feature", "properties": { "element": "node", "id": 253917132, "highway": "traffic_signals", "traffic_signals": null, "traffic_signals:direction": null, "button_operated": null, "check_date:tactile_paving": null, "crossing": null, "source": "survey", "tactile_paving": null, "traffic_signals:sound": null, "traffic_signals:vibration": null, "direction": null, "traffic_calming": null, "description": null, "man_made": null, "ele": null, "ele:DHHN92": null, "barrier": null, "note": null, "bicycle": null, "stop": null, "red_turn:right:bicycle": null, "red_turn:right": null, "old_name": null, "u": 253917132, "v": 605243131, "key": 0 }, "geometry": { "type": "Point", "coordinates": [ 7.1251549, 50.7470539 ] } },
{ "type": "Feature", "properties": { "element": "node", "id": 253917132, "highway": "traffic_signals", "traffic_signals": null, "traffic_signals:direction": null, "button_operated": null, "check_date:tactile_paving": null, "crossing": null, "source": "survey", "tactile_paving": null, "traffic_signals:sound": null, "traffic_signals:vibration": null, "direction": null, "traffic_calming": null, "description": null, "man_made": null, "ele": null, "ele:DHHN92": null, "barrier": null, "note": null, "bicycle": null, "stop": null, "red_turn:right:bicycle": null, "red_turn:right": null, "old_name": null, "u": 6793689724, "v": 253917132, "key": 0 }, "geometry": { "type": "Point", "coordinates": [ 7.1251549, 50.7470539 ] } },
{ "type": "Feature", "properties": { "element": "node", "id": 253917132, "highway": "traffic_signals", "traffic_signals": null, "traffic_signals:direction": null, "button_operated": null, "check_date:tactile_paving": null, "crossing": null, "source": "survey", "tactile_paving": null, "traffic_signals:sound": null, "traffic_signals:vibration": null, "direction": null, "traffic_calming": null, "description": null, "man_made": null, "ele": null, "ele:DHHN92": null, "barrier": null, "note": null, "bicycle": null, "stop": null, "red_turn:right:bicycle": null, "red_turn:right": null, "old_name": null, "u": 203884970, "v": 253917132, "key": 0 }, "geometry": { "type": "Point", "coordinates": [ 7.1251549, 50.7470539 ] } },
{ "type": "Feature", "properties": { "element": "node", "id": 253917132, "highway": "traffic_signals", "traffic_signals": null, "traffic_signals:direction": null, "button_operated": null, "check_date:tactile_paving": null, "crossing": null, "source": "survey", "tactile_paving": null, "traffic_signals:sound": null, "traffic_signals:vibration": null, "direction": null, "traffic_calming": null, "description": null, "man_made": null, "ele": null, "ele:DHHN92": null, "barrier": null, "note": null, "bicycle": null, "stop": null, "red_turn:right:bicycle": null, "red_turn:right": null, "old_name": null, "u": 253917132, "v": 203884970, "key": 0 }, "geometry": { "type": "Point", "coordinates": [ 7.1251549, 50.7470539 ] } },
{ "type": "Feature", "properties": { "element": "node", "id": 253917132, "highway": "traffic_signals", "traffic_signals": null, "traffic_signals:direction": null, "button_operated": null, "check_date:tactile_paving": null, "crossing": null, "source": "survey", "tactile_paving": null, "traffic_signals:sound": null, "traffic_signals:vibration": null, "direction": null, "traffic_calming": null, "description": null, "man_made": null, "ele": null, "ele:DHHN92": null, "barrier": null, "note": null, "bicycle": null, "stop": null, "red_turn:right:bicycle": null, "red_turn:right": null, "old_name": null, "u": 253917132, "v": 26508638, "key": 0 }, "geometry": { "type": "Point", "coordinates": [ 7.1251549, 50.7470539 ] } },
{ "type": "Feature", "properties": { "element": "node", "id": 254308987, "highway": "traffic_signals", "traffic_signals": null, "traffic_signals:direction": null, "button_operated": null, "check_date:tactile_paving": null, "crossing": "traffic_signals", "source": null, "tactile_paving": null, "traffic_signals:sound": null, "traffic_signals:vibration": null, "direction": null, "traffic_calming": null, "description": null, "man_made": null, "ele": null, "ele:DHHN92": null, "barrier": null, "note": null, "bicycle": null, "stop": null, "red_turn:right:bicycle": null, "red_turn:right": null, "old_name": null, "u": 31768433, "v": 27381036, "key": 0 }, "geometry": { "type": "Point", "coordinates": [ 7.0669096, 50.711672 ] } },
{ "type": "Feature", "properties": { "element": "node", "id": 254308987, "highway": "traffic_signals", "traffic_signals": null, "traffic_signals:direction": null, "button_operated": null, "check_date:tactile_paving": null, "crossing": "traffic_signals", "source": null, "tactile_paving": null, "traffic_signals:sound": null, "traffic_signals:vibration": null, "direction": null, "traffic_calming": null, "description": null, "man_made": null, "ele": null, "ele:DHHN92": null, "barrier": null, "note": null, "bicycle": null, "stop": null, "red_turn:right:bicycle": null, "red_turn:right": null, "old_name": null, "u": 27381036, "v": 31768433, "key": 0 }, "geometry": { "type": "Point", "coordinates": [ 7.0669096, 50.711672 ] } },
{ "type": "Feature", "properties": { "element": "node", "id": 256488789, "highway": "traffic_signals", "traffic_signals": null, "traffic_signals:direction": null, "button_operated": null, "check_date:tactile_paving": null, "crossing": null, "source": null, "tactile_paving": null, "traffic_signals:sound": null, "traffic_signals:vibration": null, "direction": null, "traffic_calming": null, "description": null, "man_made": null, "ele": null, "ele:DHHN92": null, "barrier": null, "note": null, "bicycle": null, "stop": null, "red_turn:right:bicycle": null, "red_turn:right": null, "old_name": null, "u": 26402269, "v": 26402249, "key": 0 }, "geometry": { "type": "Point", "coordinates": [ 7.0842664, 50.7328909 ] } },
{ "type": "Feature", "properties": { "element": "node", "id": 308851944, "highway": "traffic_signals", "traffic_signals": null, "traffic_signals:direction": null, "button_operated": null, "check_date:tactile_paving": null, "crossing": null, "source": null, "tactile_paving": null, "traffic_signals:sound": null, "traffic_signals:vibration": null, "direction": null, "traffic_calming": null, "description": null, "man_made": null, "ele": null, "ele:DHHN92": null, "barrier": null, "note": null, "bicycle": null, "stop": null, "red_turn:right:bicycle": null, "red_turn:right": null, "old_name": null, "u": 1600929854, "v": 1600929852, "key": 0 }, "geometry": { "type": "Point", "coordinates": [ 7.1349893, 50.7032313 ] } },
{ "type": "Feature", "properties": { "element": "node", "id": 308851945, "highway": "traffic_signals", "traffic_signals": null, "traffic_signals:direction": null, "button_operated": null, "check_date:tactile_paving": null, "crossing": null, "source": null, "tactile_paving": null, "traffic_signals:sound": null, "traffic_signals:vibration": null, "direction": null, "traffic_calming": null, "description": null, "man_made": null, "ele": null, "ele:DHHN92": null, "barrier": null, "note": null, "bicycle": null, "stop": null, "red_turn:right:bicycle": null, "red_turn:right": null, "old_name": null, "u": 1600929834, "v": 1600929853, "key": 0 }, "geometry": { "type": "Point", "coordinates": [ 7.1350939, 50.7031294 ] } },
{ "type": "Feature", "properties": { "element": "node", "id": 311788485, "highway": "traffic_signals", "traffic_signals": null, "traffic_signals:direction": null, "button_operated": null, "check_date:tactile_paving": null, "crossing": null, "source": null, "tactile_paving": null, "traffic_signals:sound": null, "traffic_signals:vibration": null, "direction": null, "traffic_calming": null, "description": null, "man_made": null, "ele": null, "ele:DHHN92": null, "barrier": null, "note": null, "bicycle": null, "stop": null, "red_turn:right:bicycle": null, "red_turn:right": null, "old_name": null, "u": 311788484, "v": 311788485, "key": 0 }, "geometry": { "type": "Point", "coordinates": [ 7.1019246, 50.7399051 ] } },
{ "type": "Feature", "properties": { "element": "node", "id": 311788485, "highway": "traffic_signals", "traffic_signals": null, "traffic_signals:direction": null, "button_operated": null, "check_date:tactile_paving": null, "crossing": null, "source": null, "tactile_paving": null, "traffic_signals:sound": null, "traffic_signals:vibration": null, "direction": null, "traffic_calming": null, "description": null, "man_made": null, "ele": null, "ele:DHHN92": null, "barrier": null, "note": null, "bicycle": null, "stop": null, "red_turn:right:bicycle": null, "red_turn:right": null, "old_name": null, "u": 26474348, "v": 311788485, "key": 0 }, "geometry": { "type": "Point", "coordinates": [ 7.1019246, 50.7399051 ] } },
{ "type": "Feature", "properties": { "element": "node", "id": 311788485, "highway": "traffic_signals", "traffic_signals": null, "traffic_signals:direction": null, "button_operated": null, "check_date:tactile_paving": null, "crossing": null, "source": null, "tactile_paving": null, "traffic_signals:sound": null, "traffic_signals:vibration": null, "direction": null, "traffic_calming": null, "description": null, "man_made": null, "ele": null, "ele:DHHN92": null, "barrier": null, "note": null, "bicycle": null, "stop": null, "red_turn:right:bicycle": null, "red_turn:right": null, "old_name": null, "u": 311788485, "v": 26474348, "key": 0 }, "geometry": { "type": "Point", "coordinates": [ 7.1019246, 50.7399051 ] } },
{ "type": "Feature", "properties": { "element": "node", "id": 311788485, "highway": "traffic_signals", "traffic_signals": null, "traffic_signals:direction": null, "button_operated": null, "check_date:tactile_paving": null, "crossing": null, "source": null, "tactile_paving": null, "traffic_signals:sound": null, "traffic_signals:vibration": null, "direction": null, "traffic_calming": null, "description": null, "man_made": null, "ele": null, "ele:DHHN92": null, "barrier": null, "note": null, "bicycle": null, "stop": null, "red_turn:right:bicycle": null, "red_turn:right": null, "old_name": null, "u": 26474350, "v": 311788485, "key": 0 }, "geometry": { "type": "Point", "coordinates": [ 7.1019246, 50.7399051 ] } },
{ "type": "Feature", "properties": { "element": "node", "id": 311788485, "highway": "traffic_signals", "traffic_signals": null, "traffic_signals:direction": null, "button_operated": null, "check_date:tactile_paving": null, "crossing": null, "source": null, "tactile_paving": null, "traffic_signals:sound": null, "traffic_signals:vibration": null, "direction": null, "traffic_calming": null, "description": null, "man_made": null, "ele": null, "ele:DHHN92": null, "barrier": null, "note": null, "bicycle": null, "stop": null, "red_turn:right:bicycle": null, "red_turn:right": null, "old_name": null, "u": 311788485, "v": 27411475, "key": 0 }, "geometry": { "type": "Point", "coordinates": [ 7.1019246, 50.7399051 ] } },
{ "type": "Feature", "properties": { "element": "node", "id": 311788485, "highway": "traffic_signals", "traffic_signals": null, "traffic_signals:direction": null, "button_operated": null, "check_date:tactile_paving": null, "crossing": null, "source": null, "tactile_paving": null, "traffic_signals:sound": null, "traffic_signals:vibration": null, "direction": null, "traffic_calming": null, "description": null, "man_made": null, "ele": null, "ele:DHHN92": null, "barrier": null, "note": null, "bicycle": null, "stop": null, "red_turn:right:bicycle": null, "red_turn:right": null, "old_name": null, "u": 311788485, "v": 26474350, "key": 0 }, "geometry": { "type": "Point", "coordinates": [ 7.1019246, 50.7399051 ] } },
{ "type": "Feature", "properties": { "element": "node", "id": 318808001, "highway": "traffic_signals", "traffic_signals": null, "traffic_signals:direction": null, "button_operated": null, "check_date:tactile_paving": null, "crossing": null, "source": null, "tactile_paving": null, "traffic_signals:sound": null, "traffic_signals:vibration": null, "direction": null, "traffic_calming": null, "description": null, "man_made": null, "ele": null, "ele:DHHN92": null, "barrier": null, "note": null, "bicycle": null, "stop": null, "red_turn:right:bicycle": null, "red_turn:right": null, "old_name": null, "u": 987590162, "v": 583063207, "key": 0 }, "geometry": { "type": "Point", "coordinates": [ 7.145192, 50.706603 ] } },
{ "type": "Feature", "properties": { "element": "node", "id": 318809570, "highway": "traffic_signals", "traffic_signals": null, "traffic_signals:direction": null, "button_operated": null, "check_date:tactile_paving": null, "crossing": null, "source": null, "tactile_paving": null, "traffic_signals:sound": null, "traffic_signals:vibration": null, "direction": null, "traffic_calming": null, "description": null, "man_made": null, "ele": null, "ele:DHHN92": null, "barrier": null, "note": null, "bicycle": null, "stop": null, "red_turn:right:bicycle": null, "red_turn:right": null, "old_name": null, "u": 240135917, "v": 318809570, "key": 0 }, "geometry": { "type": "Point", "coordinates": [ 7.1371623, 50.7012788 ] } },
{ "type": "Feature", "properties": { "element": "node", "id": 318809570, "highway": "traffic_signals", "traffic_signals": null, "traffic_signals:direction": null, "button_operated": null, "check_date:tactile_paving": null, "crossing": null, "source": null, "tactile_paving": null, "traffic_signals:sound": null, "traffic_signals:vibration": null, "direction": null, "traffic_calming": null, "description": null, "man_made": null, "ele": null, "ele:DHHN92": null, "barrier": null, "note": null, "bicycle": null, "stop": null, "red_turn:right:bicycle": null, "red_turn:right": null, "old_name": null, "u": 318809570, "v": 11132227, "key": 0 }, "geometry": { "type": "Point", "coordinates": [ 7.1371623, 50.7012788 ] } },
{ "type": "Feature", "properties": { "element": "node", "id": 321209905, "highway": "traffic_signals", "traffic_signals": null, "traffic_signals:direction": "forward", "button_operated": null, "check_date:tactile_paving": null, "crossing": null, "source": null, "tactile_paving": null, "traffic_signals:sound": null, "traffic_signals:vibration": null, "direction": null, "traffic_calming": null, "description": null, "man_made": null, "ele": null, "ele:DHHN92": null, "barrier": null, "note": null, "bicycle": null, "stop": null, "red_turn:right:bicycle": null, "red_turn:right": null, "old_name": null, "u": 321209904, "v": 655442988, "key": 0 }, "geometry": { "type": "Point", "coordinates": [ 7.1437453, 50.7283762 ] } },
{ "type": "Feature", "properties": { "element": "node", "id": 321209905, "highway": "traffic_signals", "traffic_signals": null, "traffic_signals:direction": "forward", "button_operated": null, "check_date:tactile_paving": null, "crossing": null, "source": null, "tactile_paving": null, "traffic_signals:sound": null, "traffic_signals:vibration": null, "direction": null, "traffic_calming": null, "description": null, "man_made": null, "ele": null, "ele:DHHN92": null, "barrier": null, "note": null, "bicycle": null, "stop": null, "red_turn:right:bicycle": null, "red_turn:right": null, "old_name": null, "u": 655442988, "v": 321209904, "key": 0 }, "geometry": { "type": "Point", "coordinates": [ 7.1437453, 50.7283762 ] } },
{ "type": "Feature", "properties": { "element": "node", "id": 324721741, "highway": "traffic_signals", "traffic_signals": null, "traffic_signals:direction": null, "button_operated": null, "check_date:tactile_paving": null, "crossing": null, "source": null, "tactile_paving": null, "traffic_signals:sound": null, "traffic_signals:vibration": null, "direction": null, "traffic_calming": null, "description": null, "man_made": null, "ele": null, "ele:DHHN92": null, "barrier": null, "note": null, "bicycle": null, "stop": null, "red_turn:right:bicycle": null, "red_turn:right": null, "old_name": null, "u": 292286570, "v": 2587388893, "key": 0 }, "geometry": { "type": "Point", "coordinates": [ 7.1430364, 50.7225798 ] } },
{ "type": "Feature", "properties": { "element": "node", "id": 324721741, "highway": "traffic_signals", "traffic_signals": null, "traffic_signals:direction": null, "button_operated": null, "check_date:tactile_paving": null, "crossing": null, "source": null, "tactile_paving": null, "traffic_signals:sound": null, "traffic_signals:vibration": null, "direction": null, "traffic_calming": null, "description": null, "man_made": null, "ele": null, "ele:DHHN92": null, "barrier": null, "note": null, "bicycle": null, "stop": null, "red_turn:right:bicycle": null, "red_turn:right": null, "old_name": null, "u": 2587388893, "v": 292286570, "key": 0 }, "geometry": { "type": "Point", "coordinates": [ 7.1430364, 50.7225798 ] } },
{ "type": "Feature", "properties": { "element": "node", "id": 339139299, "highway": "traffic_signals", "traffic_signals": null, "traffic_signals:direction": null, "button_operated": null, "check_date:tactile_paving": null, "crossing": null, "source": null, "tactile_paving": null, "traffic_signals:sound": null, "traffic_signals:vibration": null, "direction": null, "traffic_calming": null, "description": null, "man_made": null, "ele": null, "ele:DHHN92": null, "barrier": null, "note": null, "bicycle": null, "stop": null, "red_turn:right:bicycle": null, "red_turn:right": null, "old_name": null, "u": 87239719, "v": 26721140, "key": 0 }, "geometry": { "type": "Point", "coordinates": [ 7.080681, 50.7530068 ] } },
{ "type": "Feature", "properties": { "element": "node", "id": 339140486, "highway": "traffic_signals", "traffic_signals": null, "traffic_signals:direction": null, "button_operated": null, "check_date:tactile_paving": null, "crossing": null, "source": null, "tactile_paving": null, "traffic_signals:sound": null, "traffic_signals:vibration": null, "direction": null, "traffic_calming": null, "description": null, "man_made": null, "ele": null, "ele:DHHN92": null, "barrier": null, "note": null, "bicycle": null, "stop": null, "red_turn:right:bicycle": null, "red_turn:right": null, "old_name": null, "u": 339140486, "v": 87311954, "key": 0 }, "geometry": { "type": "Point", "coordinates": [ 7.0729863, 50.7569643 ] } },
{ "type": "Feature", "properties": { "element": "node", "id": 339140486, "highway": "traffic_signals", "traffic_signals": null, "traffic_signals:direction": null, "button_operated": null, "check_date:tactile_paving": null, "crossing": null, "source": null, "tactile_paving": null, "traffic_signals:sound": null, "traffic_signals:vibration": null, "direction": null, "traffic_calming": null, "description": null, "man_made": null, "ele": null, "ele:DHHN92": null, "barrier": null, "note": null, "bicycle": null, "stop": null, "red_turn:right:bicycle": null, "red_turn:right": null, "old_name": null, "u": 87313200, "v": 339140486, "key": 0 }, "geometry": { "type": "Point", "coordinates": [ 7.0729863, 50.7569643 ] } },
{ "type": "Feature", "properties": { "element": "node", "id": 339140486, "highway": "traffic_signals", "traffic_signals": null, "traffic_signals:direction": null, "button_operated": null, "check_date:tactile_paving": null, "crossing": null, "source": null, "tactile_paving": null, "traffic_signals:sound": null, "traffic_signals:vibration": null, "direction": null, "traffic_calming": null, "description": null, "man_made": null, "ele": null, "ele:DHHN92": null, "barrier": null, "note": null, "bicycle": null, "stop": null, "red_turn:right:bicycle": null, "red_turn:right": null, "old_name": null, "u": 339140486, "v": 87313200, "key": 0 }, "geometry": { "type": "Point", "coordinates": [ 7.0729863, 50.7569643 ] } },
{ "type": "Feature", "properties": { "element": "node", "id": 339140486, "highway": "traffic_signals", "traffic_signals": null, "traffic_signals:direction": null, "button_operated": null, "check_date:tactile_paving": null, "crossing": null, "source": null, "tactile_paving": null, "traffic_signals:sound": null, "traffic_signals:vibration": null, "direction": null, "traffic_calming": null, "description": null, "man_made": null, "ele": null, "ele:DHHN92": null, "barrier": null, "note": null, "bicycle": null, "stop": null, "red_turn:right:bicycle": null, "red_turn:right": null, "old_name": null, "u": 26721133, "v": 339140486, "key": 0 }, "geometry": { "type": "Point", "coordinates": [ 7.0729863, 50.7569643 ] } },
{ "type": "Feature", "properties": { "element": "node", "id": 365148115, "highway": "traffic_signals", "traffic_signals": null, "traffic_signals:direction": null, "button_operated": null, "check_date:tactile_paving": null, "crossing": null, "source": null, "tactile_paving": null, "traffic_signals:sound": null, "traffic_signals:vibration": null, "direction": null, "traffic_calming": null, "description": null, "man_made": null, "ele": null, "ele:DHHN92": null, "barrier": null, "note": null, "bicycle": null, "stop": null, "red_turn:right:bicycle": null, "red_turn:right": null, "old_name": null, "u": 4749416352, "v": 1366976142, "key": 0 }, "geometry": { "type": "Point", "coordinates": [ 7.1065647, 50.7208219 ] } },
{ "type": "Feature", "properties": { "element": "node", "id": 370823143, "highway": "traffic_signals", "traffic_signals": null, "traffic_signals:direction": null, "button_operated": "yes", "check_date:tactile_paving": null, "crossing": "traffic_signals", "source": null, "tactile_paving": "no", "traffic_signals:sound": "no", "traffic_signals:vibration": "no", "direction": null, "traffic_calming": null, "description": null, "man_made": null, "ele": null, "ele:DHHN92": null, "barrier": null, "note": null, "bicycle": null, "stop": null, "red_turn:right:bicycle": null, "red_turn:right": null, "old_name": null, "u": 31315464, "v": 82997124, "key": 0 }, "geometry": { "type": "Point", "coordinates": [ 7.1254365, 50.7099697 ] } },
{ "type": "Feature", "properties": { "element": "node", "id": 370823143, "highway": "traffic_signals", "traffic_signals": null, "traffic_signals:direction": null, "button_operated": "yes", "check_date:tactile_paving": null, "crossing": "traffic_signals", "source": null, "tactile_paving": "no", "traffic_signals:sound": "no", "traffic_signals:vibration": "no", "direction": null, "traffic_calming": null, "description": null, "man_made": null, "ele": null, "ele:DHHN92": null, "barrier": null, "note": null, "bicycle": null, "stop": null, "red_turn:right:bicycle": null, "red_turn:right": null, "old_name": null, "u": 82997124, "v": 31315464, "key": 0 }, "geometry": { "type": "Point", "coordinates": [ 7.1254365, 50.7099697 ] } },
{ "type": "Feature", "properties": { "element": "node", "id": 417813621, "highway": "traffic_signals", "traffic_signals": null, "traffic_signals:direction": null, "button_operated": null, "check_date:tactile_paving": null, "crossing": null, "source": null, "tactile_paving": null, "traffic_signals:sound": null, "traffic_signals:vibration": null, "direction": null, "traffic_calming": null, "description": null, "man_made": null, "ele": null, "ele:DHHN92": null, "barrier": null, "note": null, "bicycle": null, "stop": null, "red_turn:right:bicycle": null, "red_turn:right": null, "old_name": null, "u": 26402308, "v": 30413878, "key": 0 }, "geometry": { "type": "Point", "coordinates": [ 7.0985464, 50.7375367 ] } },
{ "type": "Feature", "properties": { "element": "node", "id": 442612899, "highway": "traffic_signals", "traffic_signals": null, "traffic_signals:direction": null, "button_operated": "yes", "check_date:tactile_paving": null, "crossing": "traffic_signals", "source": null, "tactile_paving": "no", "traffic_signals:sound": "no", "traffic_signals:vibration": "no", "direction": null, "traffic_calming": null, "description": null, "man_made": null, "ele": null, "ele:DHHN92": null, "barrier": null, "note": null, "bicycle": null, "stop": null, "red_turn:right:bicycle": null, "red_turn:right": null, "old_name": null, "u": 1436280482, "v": 1436280470, "key": 0 }, "geometry": { "type": "Point", "coordinates": [ 7.0991791, 50.7205506 ] } },
{ "type": "Feature", "properties": { "element": "node", "id": 442612899, "highway": "traffic_signals", "traffic_signals": null, "traffic_signals:direction": null, "button_operated": "yes", "check_date:tactile_paving": null, "crossing": "traffic_signals", "source": null, "tactile_paving": "no", "traffic_signals:sound": "no", "traffic_signals:vibration": "no", "direction": null, "traffic_calming": null, "description": null, "man_made": null, "ele": null, "ele:DHHN92": null, "barrier": null, "note": null, "bicycle": null, "stop": null, "red_turn:right:bicycle": null, "red_turn:right": null, "old_name": null, "u": 1436280470, "v": 1436280482, "key": 0 }, "geometry": { "type": "Point", "coordinates": [ 7.0991791, 50.7205506 ] } },
{ "type": "Feature", "properties": { "element": "node", "id": 450581931, "highway": "traffic_signals", "traffic_signals": null, "traffic_signals:direction": null, "button_operated": null, "check_date:tactile_paving": null, "crossing": null, "source": null, "tactile_paving": null, "traffic_signals:sound": null, "traffic_signals:vibration": null, "direction": null, "traffic_calming": null, "description": null, "man_made": null, "ele": null, "ele:DHHN92": null, "barrier": null, "note": null, "bicycle": null, "stop": null, "red_turn:right:bicycle": null, "red_turn:right": null, "old_name": null, "u": 1746016296, "v": 987590095, "key": 0 }, "geometry": { "type": "Point", "coordinates": [ 7.1378905, 50.7111411 ] } },
{ "type": "Feature", "properties": { "element": "node", "id": 471888570, "highway": "traffic_signals", "traffic_signals": null, "traffic_signals:direction": null, "button_operated": null, "check_date:tactile_paving": null, "crossing": null, "source": null, "tactile_paving": null, "traffic_signals:sound": null, "traffic_signals:vibration": null, "direction": null, "traffic_calming": null, "description": null, "man_made": null, "ele": null, "ele:DHHN92": null, "barrier": null, "note": null, "bicycle": null, "stop": null, "red_turn:right:bicycle": null, "red_turn:right": null, "old_name": null, "u": 338833559, "v": 2390111619, "key": 0 }, "geometry": { "type": "Point", "coordinates": [ 7.1400405, 50.7448015 ] } },
{ "type": "Feature", "properties": { "element": "node", "id": 494508823, "highway": "traffic_signals", "traffic_signals": null, "traffic_signals:direction": null, "button_operated": "yes", "check_date:tactile_paving": null, "crossing": "traffic_signals", "source": null, "tactile_paving": "no", "traffic_signals:sound": "yes", "traffic_signals:vibration": "no", "direction": null, "traffic_calming": null, "description": null, "man_made": null, "ele": null, "ele:DHHN92": null, "barrier": null, "note": null, "bicycle": null, "stop": null, "red_turn:right:bicycle": null, "red_turn:right": null, "old_name": null, "u": 494508823, "v": 1766321802, "key": 0 }, "geometry": { "type": "Point", "coordinates": [ 7.1319084, 50.7345455 ] } },
{ "type": "Feature", "properties": { "element": "node", "id": 494508823, "highway": "traffic_signals", "traffic_signals": null, "traffic_signals:direction": null, "button_operated": "yes", "check_date:tactile_paving": null, "crossing": "traffic_signals", "source": null, "tactile_paving": "no", "traffic_signals:sound": "yes", "traffic_signals:vibration": "no", "direction": null, "traffic_calming": null, "description": null, "man_made": null, "ele": null, "ele:DHHN92": null, "barrier": null, "note": null, "bicycle": null, "stop": null, "red_turn:right:bicycle": null, "red_turn:right": null, "old_name": null, "u": 1766321802, "v": 494508823, "key": 0 }, "geometry": { "type": "Point", "coordinates": [ 7.1319084, 50.7345455 ] } },
{ "type": "Feature", "properties": { "element": "node", "id": 494508823, "highway": "traffic_signals", "traffic_signals": null, "traffic_signals:direction": null, "button_operated": "yes", "check_date:tactile_paving": null, "crossing": "traffic_signals", "source": null, "tactile_paving": "no", "traffic_signals:sound": "yes", "traffic_signals:vibration": "no", "direction": null, "traffic_calming": null, "description": null, "man_made": null, "ele": null, "ele:DHHN92": null, "barrier": null, "note": null, "bicycle": null, "stop": null, "red_turn:right:bicycle": null, "red_turn:right": null, "old_name": null, "u": 32310173, "v": 494508823, "key": 0 }, "geometry": { "type": "Point", "coordinates": [ 7.1319084, 50.7345455 ] } },
{ "type": "Feature", "properties": { "element": "node", "id": 494508823, "highway": "traffic_signals", "traffic_signals": null, "traffic_signals:direction": null, "button_operated": "yes", "check_date:tactile_paving": null, "crossing": "traffic_signals", "source": null, "tactile_paving": "no", "traffic_signals:sound": "yes", "traffic_signals:vibration": "no", "direction": null, "traffic_calming": null, "description": null, "man_made": null, "ele": null, "ele:DHHN92": null, "barrier": null, "note": null, "bicycle": null, "stop": null, "red_turn:right:bicycle": null, "red_turn:right": null, "old_name": null, "u": 494508823, "v": 32310173, "key": 0 }, "geometry": { "type": "Point", "coordinates": [ 7.1319084, 50.7345455 ] } },
{ "type": "Feature", "properties": { "element": "node", "id": 494508823, "highway": "traffic_signals", "traffic_signals": null, "traffic_signals:direction": null, "button_operated": "yes", "check_date:tactile_paving": null, "crossing": "traffic_signals", "source": null, "tactile_paving": "no", "traffic_signals:sound": "yes", "traffic_signals:vibration": "no", "direction": null, "traffic_calming": null, "description": null, "man_made": null, "ele": null, "ele:DHHN92": null, "barrier": null, "note": null, "bicycle": null, "stop": null, "red_turn:right:bicycle": null, "red_turn:right": null, "old_name": null, "u": 494508823, "v": 253958417, "key": 0 }, "geometry": { "type": "Point", "coordinates": [ 7.1319084, 50.7345455 ] } },
{ "type": "Feature", "properties": { "element": "node", "id": 494508823, "highway": "traffic_signals", "traffic_signals": null, "traffic_signals:direction": null, "button_operated": "yes", "check_date:tactile_paving": null, "crossing": "traffic_signals", "source": null, "tactile_paving": "no", "traffic_signals:sound": "yes", "traffic_signals:vibration": "no", "direction": null, "traffic_calming": null, "description": null, "man_made": null, "ele": null, "ele:DHHN92": null, "barrier": null, "note": null, "bicycle": null, "stop": null, "red_turn:right:bicycle": null, "red_turn:right": null, "old_name": null, "u": 253958417, "v": 494508823, "key": 0 }, "geometry": { "type": "Point", "coordinates": [ 7.1319084, 50.7345455 ] } },
{ "type": "Feature", "properties": { "element": "node", "id": 504471239, "highway": "traffic_signals", "traffic_signals": null, "traffic_signals:direction": null, "button_operated": null, "check_date:tactile_paving": null, "crossing": null, "source": null, "tactile_paving": null, "traffic_signals:sound": null, "traffic_signals:vibration": null, "direction": null, "traffic_calming": null, "description": null, "man_made": null, "ele": null, "ele:DHHN92": null, "barrier": null, "note": null, "bicycle": null, "stop": null, "red_turn:right:bicycle": null, "red_turn:right": null, "old_name": null, "u": 504467286, "v": 26515289, "key": 0 }, "geometry": { "type": "Point", "coordinates": [ 7.0892495, 50.752869 ] } },
{ "type": "Feature", "properties": { "element": "node", "id": 504471249, "highway": "traffic_signals", "traffic_signals": null, "traffic_signals:direction": null, "button_operated": null, "check_date:tactile_paving": null, "crossing": null, "source": null, "tactile_paving": null, "traffic_signals:sound": null, "traffic_signals:vibration": null, "direction": null, "traffic_calming": null, "description": null, "man_made": null, "ele": null, "ele:DHHN92": null, "barrier": null, "note": null, "bicycle": null, "stop": null, "red_turn:right:bicycle": null, "red_turn:right": null, "old_name": null, "u": 26408286, "v": 651826133, "key": 0 }, "geometry": { "type": "Point", "coordinates": [ 7.0885356, 50.753207 ] } },
{ "type": "Feature", "properties": { "element": "node", "id": 504485470, "highway": "traffic_signals", "traffic_signals": null, "traffic_signals:direction": null, "button_operated": null, "check_date:tactile_paving": null, "crossing": null, "source": null, "tactile_paving": null, "traffic_signals:sound": null, "traffic_signals:vibration": null, "direction": null, "traffic_calming": null, "description": null, "man_made": null, "ele": null, "ele:DHHN92": null, "barrier": null, "note": null, "bicycle": null, "stop": null, "red_turn:right:bicycle": null, "red_turn:right": null, "old_name": null, "u": 1086257782, "v": 292898648, "key": 0 }, "geometry": { "type": "Point", "coordinates": [ 7.0853772, 50.7554916 ] } },
{ "type": "Feature", "properties": { "element": "node", "id": 523074297, "highway": "traffic_signals", "traffic_signals": null, "traffic_signals:direction": "forward", "button_operated": null, "check_date:tactile_paving": null, "crossing": null, "source": null, "tactile_paving": null, "traffic_signals:sound": null, "traffic_signals:vibration": null, "direction": null, "traffic_calming": null, "description": null, "man_made": null, "ele": null, "ele:DHHN92": null, "barrier": null, "note": null, "bicycle": null, "stop": null, "red_turn:right:bicycle": null, "red_turn:right": null, "old_name": null, "u": 1003650708, "v": 26402249, "key": 0 }, "geometry": { "type": "Point", "coordinates": [ 7.0847027, 50.7331202 ] } },
{ "type": "Feature", "properties": { "element": "node", "id": 523074297, "highway": "traffic_signals", "traffic_signals": null, "traffic_signals:direction": "forward", "button_operated": null, "check_date:tactile_paving": null, "crossing": null, "source": null, "tactile_paving": null, "traffic_signals:sound": null, "traffic_signals:vibration": null, "direction": null, "traffic_calming": null, "description": null, "man_made": null, "ele": null, "ele:DHHN92": null, "barrier": null, "note": null, "bicycle": null, "stop": null, "red_turn:right:bicycle": null, "red_turn:right": null, "old_name": null, "u": 26402249, "v": 1003650708, "key": 0 }, "geometry": { "type": "Point", "coordinates": [ 7.0847027, 50.7331202 ] } },
{ "type": "Feature", "properties": { "element": "node", "id": 529992468, "highway": "traffic_signals", "traffic_signals": null, "traffic_signals:direction": null, "button_operated": null, "check_date:tactile_paving": null, "crossing": null, "source": null, "tactile_paving": null, "traffic_signals:sound": null, "traffic_signals:vibration": null, "direction": null, "traffic_calming": null, "description": null, "man_made": null, "ele": null, "ele:DHHN92": null, "barrier": null, "note": null, "bicycle": null, "stop": null, "red_turn:right:bicycle": null, "red_turn:right": null, "old_name": null, "u": 283012766, "v": 27177389, "key": 0 }, "geometry": { "type": "Point", "coordinates": [ 7.0737036, 50.7280995 ] } },
{ "type": "Feature", "properties": { "element": "node", "id": 566610958, "highway": "traffic_signals", "traffic_signals": null, "traffic_signals:direction": null, "button_operated": null, "check_date:tactile_paving": null, "crossing": null, "source": null, "tactile_paving": null, "traffic_signals:sound": null, "traffic_signals:vibration": null, "direction": null, "traffic_calming": null, "description": "Ampel für querende Stadtbahn", "man_made": null, "ele": null, "ele:DHHN92": null, "barrier": null, "note": null, "bicycle": null, "stop": null, "red_turn:right:bicycle": null, "red_turn:right": null, "old_name": null, "u": 1600929854, "v": 34184970, "key": 0 }, "geometry": { "type": "Point", "coordinates": [ 7.1341554, 50.7042197 ] } },
{ "type": "Feature", "properties": { "element": "node", "id": 566923961, "highway": "traffic_signals", "traffic_signals": null, "traffic_signals:direction": null, "button_operated": null, "check_date:tactile_paving": null, "crossing": null, "source": null, "tactile_paving": null, "traffic_signals:sound": null, "traffic_signals:vibration": null, "direction": null, "traffic_calming": null, "description": null, "man_made": null, "ele": null, "ele:DHHN92": null, "barrier": null, "note": null, "bicycle": null, "stop": null, "red_turn:right:bicycle": null, "red_turn:right": null, "old_name": null, "u": 26670347, "v": 82998360, "key": 0 }, "geometry": { "type": "Point", "coordinates": [ 7.1272383, 50.7105919 ] } },
{ "type": "Feature", "properties": { "element": "node", "id": 567928113, "highway": "traffic_signals", "traffic_signals": null, "traffic_signals:direction": "forward", "button_operated": null, "check_date:tactile_paving": null, "crossing": null, "source": null, "tactile_paving": null, "traffic_signals:sound": null, "traffic_signals:vibration": null, "direction": null, "traffic_calming": null, "description": null, "man_made": null, "ele": null, "ele:DHHN92": null, "barrier": null, "note": null, "bicycle": null, "stop": null, "red_turn:right:bicycle": null, "red_turn:right": null, "old_name": null, "u": 30812819, "v": 1544299627, "key": 0 }, "geometry": { "type": "Point", "coordinates": [ 7.1072081, 50.7275982 ] } },
{ "type": "Feature", "properties": { "element": "node", "id": 567928113, "highway": "traffic_signals", "traffic_signals": null, "traffic_signals:direction": "forward", "button_operated": null, "check_date:tactile_paving": null, "crossing": null, "source": null, "tactile_paving": null, "traffic_signals:sound": null, "traffic_signals:vibration": null, "direction": null, "traffic_calming": null, "description": null, "man_made": null, "ele": null, "ele:DHHN92": null, "barrier": null, "note": null, "bicycle": null, "stop": null, "red_turn:right:bicycle": null, "red_turn:right": null, "old_name": null, "u": 1544299627, "v": 30812819, "key": 0 }, "geometry": { "type": "Point", "coordinates": [ 7.1072081, 50.7275982 ] } },
{ "type": "Feature", "properties": { "element": "node", "id": 570612161, "highway": "traffic_signals", "traffic_signals": null, "traffic_signals:direction": null, "button_operated": null, "check_date:tactile_paving": null, "crossing": null, "source": null, "tactile_paving": null, "traffic_signals:sound": null, "traffic_signals:vibration": null, "direction": null, "traffic_calming": null, "description": null, "man_made": null, "ele": null, "ele:DHHN92": null, "barrier": null, "note": null, "bicycle": null, "stop": null, "red_turn:right:bicycle": null, "red_turn:right": null, "old_name": null, "u": 475785150, "v": 570612161, "key": 0 }, "geometry": { "type": "Point", "coordinates": [ 7.1133333, 50.723302 ] } },
{ "type": "Feature", "properties": { "element": "node", "id": 570612161, "highway": "traffic_signals", "traffic_signals": null, "traffic_signals:direction": null, "button_operated": null, "check_date:tactile_paving": null, "crossing": null, "source": null, "tactile_paving": null, "traffic_signals:sound": null, "traffic_signals:vibration": null, "direction": null, "traffic_calming": null, "description": null, "man_made": null, "ele": null, "ele:DHHN92": null, "barrier": null, "note": null, "bicycle": null, "stop": null, "red_turn:right:bicycle": null, "red_turn:right": null, "old_name": null, "u": 31369788, "v": 570612161, "key": 0 }, "geometry": { "type": "Point", "coordinates": [ 7.1133333, 50.723302 ] } },
{ "type": "Feature", "properties": { "element": "node", "id": 570612161, "highway": "traffic_signals", "traffic_signals": null, "traffic_signals:direction": null, "button_operated": null, "check_date:tactile_paving": null, "crossing": null, "source": null, "tactile_paving": null, "traffic_signals:sound": null, "traffic_signals:vibration": null, "direction": null, "traffic_calming": null, "description": null, "man_made": null, "ele": null, "ele:DHHN92": null, "barrier": null, "note": null, "bicycle": null, "stop": null, "red_turn:right:bicycle": null, "red_turn:right": null, "old_name": null, "u": 570612161, "v": 253087296, "key": 0 }, "geometry": { "type": "Point", "coordinates": [ 7.1133333, 50.723302 ] } },
{ "type": "Feature", "properties": { "element": "node", "id": 570697593, "highway": "traffic_signals", "traffic_signals": null, "traffic_signals:direction": null, "button_operated": null, "check_date:tactile_paving": null, "crossing": null, "source": null, "tactile_paving": null, "traffic_signals:sound": null, "traffic_signals:vibration": null, "direction": null, "traffic_calming": null, "description": null, "man_made": null, "ele": null, "ele:DHHN92": null, "barrier": null, "note": null, "bicycle": null, "stop": null, "red_turn:right:bicycle": null, "red_turn:right": null, "old_name": null, "u": 31369788, "v": 570697593, "key": 0 }, "geometry": { "type": "Point", "coordinates": [ 7.113922, 50.722404 ] } },
{ "type": "Feature", "properties": { "element": "node", "id": 570697593, "highway": "traffic_signals", "traffic_signals": null, "traffic_signals:direction": null, "button_operated": null, "check_date:tactile_paving": null, "crossing": null, "source": null, "tactile_paving": null, "traffic_signals:sound": null, "traffic_signals:vibration": null, "direction": null, "traffic_calming": null, "description": null, "man_made": null, "ele": null, "ele:DHHN92": null, "barrier": null, "note": null, "bicycle": null, "stop": null, "red_turn:right:bicycle": null, "red_turn:right": null, "old_name": null, "u": 570697593, "v": 31369780, "key": 0 }, "geometry": { "type": "Point", "coordinates": [ 7.113922, 50.722404 ] } },
{ "type": "Feature", "properties": { "element": "node", "id": 570697593, "highway": "traffic_signals", "traffic_signals": null, "traffic_signals:direction": null, "button_operated": null, "check_date:tactile_paving": null, "crossing": null, "source": null, "tactile_paving": null, "traffic_signals:sound": null, "traffic_signals:vibration": null, "direction": null, "traffic_calming": null, "description": null, "man_made": null, "ele": null, "ele:DHHN92": null, "barrier": null, "note": null, "bicycle": null, "stop": null, "red_turn:right:bicycle": null, "red_turn:right": null, "old_name": null, "u": 570697593, "v": 92401976, "key": 0 }, "geometry": { "type": "Point", "coordinates": [ 7.113922, 50.722404 ] } },
{ "type": "Feature", "properties": { "element": "node", "id": 570697593, "highway": "traffic_signals", "traffic_signals": null, "traffic_signals:direction": null, "button_operated": null, "check_date:tactile_paving": null, "crossing": null, "source": null, "tactile_paving": null, "traffic_signals:sound": null, "traffic_signals:vibration": null, "direction": null, "traffic_calming": null, "description": null, "man_made": null, "ele": null, "ele:DHHN92": null, "barrier": null, "note": null, "bicycle": null, "stop": null, "red_turn:right:bicycle": null, "red_turn:right": null, "old_name": null, "u": 92401976, "v": 570697593, "key": 0 }, "geometry": { "type": "Point", "coordinates": [ 7.113922, 50.722404 ] } },
{ "type": "Feature", "properties": { "element": "node", "id": 582932797, "highway": "traffic_signals", "traffic_signals": null, "traffic_signals:direction": null, "button_operated": null, "check_date:tactile_paving": null, "crossing": null, "source": null, "tactile_paving": null, "traffic_signals:sound": null, "traffic_signals:vibration": null, "direction": null, "traffic_calming": null, "description": null, "man_made": null, "ele": null, "ele:DHHN92": null, "barrier": null, "note": null, "bicycle": null, "stop": null, "red_turn:right:bicycle": null, "red_turn:right": null, "old_name": null, "u": 292286570, "v": 2587388893, "key": 0 }, "geometry": { "type": "Point", "coordinates": [ 7.143877, 50.7223512 ] } },
{ "type": "Feature", "properties": { "element": "node", "id": 582932797, "highway": "traffic_signals", "traffic_signals": null, "traffic_signals:direction": null, "button_operated": null, "check_date:tactile_paving": null, "crossing": null, "source": null, "tactile_paving": null, "traffic_signals:sound": null, "traffic_signals:vibration": null, "direction": null, "traffic_calming": null, "description": null, "man_made": null, "ele": null, "ele:DHHN92": null, "barrier": null, "note": null, "bicycle": null, "stop": null, "red_turn:right:bicycle": null, "red_turn:right": null, "old_name": null, "u": 2587388893, "v": 292286570, "key": 0 }, "geometry": { "type": "Point", "coordinates": [ 7.143877, 50.7223512 ] } },
{ "type": "Feature", "properties": { "element": "node", "id": 586823003, "highway": "traffic_signals", "traffic_signals": null, "traffic_signals:direction": null, "button_operated": null, "check_date:tactile_paving": null, "crossing": null, "source": null, "tactile_paving": null, "traffic_signals:sound": null, "traffic_signals:vibration": null, "direction": null, "traffic_calming": null, "description": null, "man_made": null, "ele": null, "ele:DHHN92": null, "barrier": null, "note": null, "bicycle": null, "stop": null, "red_turn:right:bicycle": null, "red_turn:right": null, "old_name": null, "u": 26671369, "v": 92401976, "key": 0 }, "geometry": { "type": "Point", "coordinates": [ 7.1175495, 50.7192772 ] } },
{ "type": "Feature", "properties": { "element": "node", "id": 648747703, "highway": "traffic_signals", "traffic_signals": null, "traffic_signals:direction": null, "button_operated": null, "check_date:tactile_paving": null, "crossing": null, "source": null, "tactile_paving": null, "traffic_signals:sound": null, "traffic_signals:vibration": null, "direction": null, "traffic_calming": null, "description": null, "man_made": null, "ele": null, "ele:DHHN92": null, "barrier": null, "note": "Ampel für die kreuzende Stadtbahnen", "bicycle": null, "stop": null, "red_turn:right:bicycle": null, "red_turn:right": null, "old_name": null, "u": 26508638, "v": 203884970, "key": 0 }, "geometry": { "type": "Point", "coordinates": [ 7.1267111, 50.7486104 ] } },
{ "type": "Feature", "properties": { "element": "node", "id": 651826133, "highway": "traffic_signals", "traffic_signals": null, "traffic_signals:direction": null, "button_operated": null, "check_date:tactile_paving": null, "crossing": null, "source": null, "tactile_paving": null, "traffic_signals:sound": null, "traffic_signals:vibration": null, "direction": null, "traffic_calming": null, "description": null, "man_made": null, "ele": null, "ele:DHHN92": null, "barrier": null, "note": null, "bicycle": null, "stop": null, "red_turn:right:bicycle": null, "red_turn:right": null, "old_name": null, "u": 651826133, "v": 355228545, "key": 0 }, "geometry": { "type": "Point", "coordinates": [ 7.0936449, 50.74786 ] } },
{ "type": "Feature", "properties": { "element": "node", "id": 651826133, "highway": "traffic_signals", "traffic_signals": null, "traffic_signals:direction": null, "button_operated": null, "check_date:tactile_paving": null, "crossing": null, "source": null, "tactile_paving": null, "traffic_signals:sound": null, "traffic_signals:vibration": null, "direction": null, "traffic_calming": null, "description": null, "man_made": null, "ele": null, "ele:DHHN92": null, "barrier": null, "note": null, "bicycle": null, "stop": null, "red_turn:right:bicycle": null, "red_turn:right": null, "old_name": null, "u": 651826133, "v": 355228544, "key": 0 }, "geometry": { "type": "Point", "coordinates": [ 7.0936449, 50.74786 ] } },
{ "type": "Feature", "properties": { "element": "node", "id": 651826133, "highway": "traffic_signals", "traffic_signals": null, "traffic_signals:direction": null, "button_operated": null, "check_date:tactile_paving": null, "crossing": null, "source": null, "tactile_paving": null, "traffic_signals:sound": null, "traffic_signals:vibration": null, "direction": null, "traffic_calming": null, "description": null, "man_made": null, "ele": null, "ele:DHHN92": null, "barrier": null, "note": null, "bicycle": null, "stop": null, "red_turn:right:bicycle": null, "red_turn:right": null, "old_name": null, "u": 26408286, "v": 651826133, "key": 0 }, "geometry": { "type": "Point", "coordinates": [ 7.0936449, 50.74786 ] } },
{ "type": "Feature", "properties": { "element": "node", "id": 677194865, "highway": "traffic_signals", "traffic_signals": null, "traffic_signals:direction": "forward", "button_operated": null, "check_date:tactile_paving": null, "crossing": null, "source": null, "tactile_paving": null, "traffic_signals:sound": null, "traffic_signals:vibration": null, "direction": null, "traffic_calming": null, "description": null, "man_made": null, "ele": null, "ele:DHHN92": null, "barrier": null, "note": null, "bicycle": null, "stop": null, "red_turn:right:bicycle": null, "red_turn:right": null, "old_name": null, "u": 9067271648, "v": 31768433, "key": 0 }, "geometry": { "type": "Point", "coordinates": [ 7.0675556, 50.7145726 ] } },
{ "type": "Feature", "properties": { "element": "node", "id": 677194865, "highway": "traffic_signals", "traffic_signals": null, "traffic_signals:direction": "forward", "button_operated": null, "check_date:tactile_paving": null, "crossing": null, "source": null, "tactile_paving": null, "traffic_signals:sound": null, "traffic_signals:vibration": null, "direction": null, "traffic_calming": null, "description": null, "man_made": null, "ele": null, "ele:DHHN92": null, "barrier": null, "note": null, "bicycle": null, "stop": null, "red_turn:right:bicycle": null, "red_turn:right": null, "old_name": null, "u": 31768433, "v": 9067271648, "key": 0 }, "geometry": { "type": "Point", "coordinates": [ 7.0675556, 50.7145726 ] } },
{ "type": "Feature", "properties": { "element": "node", "id": 1071345119, "highway": "traffic_signals", "traffic_signals": null, "traffic_signals:direction": null, "button_operated": null, "check_date:tactile_paving": null, "crossing": null, "source": null, "tactile_paving": null, "traffic_signals:sound": null, "traffic_signals:vibration": null, "direction": null, "traffic_calming": null, "description": null, "man_made": null, "ele": null, "ele:DHHN92": null, "barrier": null, "note": null, "bicycle": null, "stop": null, "red_turn:right:bicycle": null, "red_turn:right": null, "old_name": null, "u": 321216359, "v": 311788483, "key": 0 }, "geometry": { "type": "Point", "coordinates": [ 7.1037745, 50.7375136 ] } },
{ "type": "Feature", "properties": { "element": "node", "id": 1071345197, "highway": "traffic_signals", "traffic_signals": null, "traffic_signals:direction": null, "button_operated": null, "check_date:tactile_paving": null, "crossing": null, "source": null, "tactile_paving": null, "traffic_signals:sound": null, "traffic_signals:vibration": null, "direction": null, "traffic_calming": null, "description": null, "man_made": null, "ele": null, "ele:DHHN92": null, "barrier": null, "note": null, "bicycle": null, "stop": null, "red_turn:right:bicycle": null, "red_turn:right": null, "old_name": null, "u": 26606350, "v": 1071345101, "key": 0 }, "geometry": { "type": "Point", "coordinates": [ 7.1034226, 50.7373756 ] } },
{ "type": "Feature", "properties": { "element": "node", "id": 1071399457, "highway": "traffic_signals", "traffic_signals": null, "traffic_signals:direction": null, "button_operated": null, "check_date:tactile_paving": null, "crossing": null, "source": null, "tactile_paving": null, "traffic_signals:sound": null, "traffic_signals:vibration": null, "direction": null, "traffic_calming": null, "description": null, "man_made": null, "ele": null, "ele:DHHN92": null, "barrier": null, "note": null, "bicycle": null, "stop": null, "red_turn:right:bicycle": null, "red_turn:right": null, "old_name": null, "u": 26606332, "v": 26606336, "key": 0 }, "geometry": { "type": "Point", "coordinates": [ 7.0977251, 50.7372845 ] } },
{ "type": "Feature", "properties": { "element": "node", "id": 1071399483, "highway": "traffic_signals", "traffic_signals": null, "traffic_signals:direction": null, "button_operated": null, "check_date:tactile_paving": null, "crossing": null, "source": null, "tactile_paving": null, "traffic_signals:sound": null, "traffic_signals:vibration": null, "direction": null, "traffic_calming": null, "description": null, "man_made": null, "ele": null, "ele:DHHN92": null, "barrier": null, "note": null, "bicycle": null, "stop": null, "red_turn:right:bicycle": null, "red_turn:right": null, "old_name": null, "u": 26508617, "v": 26402308, "key": 0 }, "geometry": { "type": "Point", "coordinates": [ 7.101322, 50.7375223 ] } },
{ "type": "Feature", "properties": { "element": "node", "id": 1095501970, "highway": "traffic_signals", "traffic_signals": null, "traffic_signals:direction": null, "button_operated": null, "check_date:tactile_paving": null, "crossing": null, "source": null, "tactile_paving": null, "traffic_signals:sound": null, "traffic_signals:vibration": null, "direction": null, "traffic_calming": null, "description": null, "man_made": null, "ele": null, "ele:DHHN92": null, "barrier": null, "note": null, "bicycle": null, "stop": null, "red_turn:right:bicycle": null, "red_turn:right": null, "old_name": null, "u": 343293150, "v": 636094706, "key": 0 }, "geometry": { "type": "Point", "coordinates": [ 7.0860855, 50.7560299 ] } },
{ "type": "Feature", "properties": { "element": "node", "id": 1095501970, "highway": "traffic_signals", "traffic_signals": null, "traffic_signals:direction": null, "button_operated": null, "check_date:tactile_paving": null, "crossing": null, "source": null, "tactile_paving": null, "traffic_signals:sound": null, "traffic_signals:vibration": null, "direction": null, "traffic_calming": null, "description": null, "man_made": null, "ele": null, "ele:DHHN92": null, "barrier": null, "note": null, "bicycle": null, "stop": null, "red_turn:right:bicycle": null, "red_turn:right": null, "old_name": null, "u": 636094706, "v": 343293150, "key": 0 }, "geometry": { "type": "Point", "coordinates": [ 7.0860855, 50.7560299 ] } },
{ "type": "Feature", "properties": { "element": "node", "id": 1135426119, "highway": "traffic_signals", "traffic_signals": null, "traffic_signals:direction": null, "button_operated": null, "check_date:tactile_paving": null, "crossing": null, "source": null, "tactile_paving": null, "traffic_signals:sound": null, "traffic_signals:vibration": null, "direction": null, "traffic_calming": null, "description": null, "man_made": null, "ele": null, "ele:DHHN92": null, "barrier": null, "note": null, "bicycle": null, "stop": null, "red_turn:right:bicycle": null, "red_turn:right": null, "old_name": null, "u": 987590095, "v": 987590156, "key": 0 }, "geometry": { "type": "Point", "coordinates": [ 7.1446374, 50.7067876 ] } },
{ "type": "Feature", "properties": { "element": "node", "id": 1135426244, "highway": "traffic_signals", "traffic_signals": null, "traffic_signals:direction": null, "button_operated": null, "check_date:tactile_paving": null, "crossing": null, "source": null, "tactile_paving": null, "traffic_signals:sound": null, "traffic_signals:vibration": null, "direction": null, "traffic_calming": null, "description": null, "man_made": null, "ele": null, "ele:DHHN92": null, "barrier": null, "note": null, "bicycle": null, "stop": null, "red_turn:right:bicycle": null, "red_turn:right": null, "old_name": null, "u": 31560552, "v": 987590145, "key": 0 }, "geometry": { "type": "Point", "coordinates": [ 7.1447683, 50.7065085 ] } },
{ "type": "Feature", "properties": { "element": "node", "id": 1232179029, "highway": "traffic_signals", "traffic_signals": null, "traffic_signals:direction": null, "button_operated": "no", "check_date:tactile_paving": null, "crossing": "traffic_signals", "source": null, "tactile_paving": "no", "traffic_signals:sound": "yes", "traffic_signals:vibration": "no", "direction": null, "traffic_calming": null, "description": null, "man_made": null, "ele": null, "ele:DHHN92": null, "barrier": null, "note": null, "bicycle": "yes", "stop": null, "red_turn:right:bicycle": null, "red_turn:right": null, "old_name": null, "u": 253741529, "v": 30965091, "key": 0 }, "geometry": { "type": "Point", "coordinates": [ 7.1229501, 50.7438089 ] } },
{ "type": "Feature", "properties": { "element": "node", "id": 1365874921, "highway": "traffic_signals", "traffic_signals": null, "traffic_signals:direction": null, "button_operated": null, "check_date:tactile_paving": null, "crossing": null, "source": null, "tactile_paving": null, "traffic_signals:sound": null, "traffic_signals:vibration": null, "direction": null, "traffic_calming": null, "description": null, "man_made": null, "ele": null, "ele:DHHN92": null, "barrier": null, "note": null, "bicycle": null, "stop": null, "red_turn:right:bicycle": null, "red_turn:right": null, "old_name": null, "u": 9067271648, "v": 26379133, "key": 0 }, "geometry": { "type": "Point", "coordinates": [ 7.0668725, 50.7174325 ] } },
{ "type": "Feature", "properties": { "element": "node", "id": 1365874932, "highway": "traffic_signals", "traffic_signals": null, "traffic_signals:direction": null, "button_operated": null, "check_date:tactile_paving": null, "crossing": null, "source": null, "tactile_paving": null, "traffic_signals:sound": null, "traffic_signals:vibration": null, "direction": null, "traffic_calming": null, "description": null, "man_made": null, "ele": null, "ele:DHHN92": null, "barrier": null, "note": null, "bicycle": null, "stop": null, "red_turn:right:bicycle": null, "red_turn:right": null, "old_name": null, "u": 1366910214, "v": 9067271648, "key": 0 }, "geometry": { "type": "Point", "coordinates": [ 7.0665462, 50.7176037 ] } },
{ "type": "Feature", "properties": { "element": "node", "id": 1366910226, "highway": "traffic_signals", "traffic_signals": null, "traffic_signals:direction": null, "button_operated": null, "check_date:tactile_paving": null, "crossing": null, "source": null, "tactile_paving": null, "traffic_signals:sound": null, "traffic_signals:vibration": null, "direction": null, "traffic_calming": null, "description": null, "man_made": null, "ele": null, "ele:DHHN92": null, "barrier": null, "note": null, "bicycle": null, "stop": null, "red_turn:right:bicycle": null, "red_turn:right": null, "old_name": null, "u": 9067271648, "v": 26379133, "key": 0 }, "geometry": { "type": "Point", "coordinates": [ 7.0650047, 50.7195022 ] } },
{ "type": "Feature", "properties": { "element": "node", "id": 1366976158, "highway": "traffic_signals", "traffic_signals": null, "traffic_signals:direction": null, "button_operated": null, "check_date:tactile_paving": null, "crossing": null, "source": null, "tactile_paving": null, "traffic_signals:sound": null, "traffic_signals:vibration": null, "direction": null, "traffic_calming": null, "description": null, "man_made": null, "ele": null, "ele:DHHN92": null, "barrier": null, "note": null, "bicycle": null, "stop": null, "red_turn:right:bicycle": null, "red_turn:right": null, "old_name": null, "u": 646442366, "v": 32519577, "key": 0 }, "geometry": { "type": "Point", "coordinates": [ 7.1071813, 50.7208758 ] } },
{ "type": "Feature", "properties": { "element": "node", "id": 1397479252, "highway": "traffic_signals", "traffic_signals": null, "traffic_signals:direction": null, "button_operated": null, "check_date:tactile_paving": null, "crossing": null, "source": null, "tactile_paving": null, "traffic_signals:sound": null, "traffic_signals:vibration": null, "direction": null, "traffic_calming": null, "description": null, "man_made": null, "ele": null, "ele:DHHN92": null, "barrier": null, "note": null, "bicycle": null, "stop": null, "red_turn:right:bicycle": null, "red_turn:right": null, "old_name": null, "u": 253054673, "v": 1397479275, "key": 0 }, "geometry": { "type": "Point", "coordinates": [ 7.1227258, 50.7436942 ] } },
{ "type": "Feature", "properties": { "element": "node", "id": 1397479303, "highway": "traffic_signals", "traffic_signals": null, "traffic_signals:direction": null, "button_operated": null, "check_date:tactile_paving": null, "crossing": null, "source": null, "tactile_paving": null, "traffic_signals:sound": null, "traffic_signals:vibration": null, "direction": null, "traffic_calming": null, "description": null, "man_made": null, "ele": null, "ele:DHHN92": null, "barrier": null, "note": null, "bicycle": null, "stop": null, "red_turn:right:bicycle": null, "red_turn:right": null, "old_name": null, "u": 30965089, "v": 362693036, "key": 0 }, "geometry": { "type": "Point", "coordinates": [ 7.1224576, 50.7439352 ] } },
{ "type": "Feature", "properties": { "element": "node", "id": 1397479317, "highway": "traffic_signals", "traffic_signals": null, "traffic_signals:direction": null, "button_operated": null, "check_date:tactile_paving": null, "crossing": null, "source": null, "tactile_paving": null, "traffic_signals:sound": null, "traffic_signals:vibration": null, "direction": null, "traffic_calming": null, "description": null, "man_made": null, "ele": null, "ele:DHHN92": null, "barrier": null, "note": null, "bicycle": null, "stop": null, "red_turn:right:bicycle": null, "red_turn:right": null, "old_name": null, "u": 203884970, "v": 30965090, "key": 0 }, "geometry": { "type": "Point", "coordinates": [ 7.1226921, 50.7440161 ] } },
{ "type": "Feature", "properties": { "element": "node", "id": 1436327198, "highway": "traffic_signals", "traffic_signals": null, "traffic_signals:direction": null, "button_operated": null, "check_date:tactile_paving": null, "crossing": null, "source": null, "tactile_paving": null, "traffic_signals:sound": null, "traffic_signals:vibration": null, "direction": null, "traffic_calming": null, "description": null, "man_made": null, "ele": null, "ele:DHHN92": null, "barrier": null, "note": null, "bicycle": null, "stop": null, "red_turn:right:bicycle": null, "red_turn:right": null, "old_name": null, "u": 1436327198, "v": 1879256301, "key": 0 }, "geometry": { "type": "Point", "coordinates": [ 7.1071519, 50.7187663 ] } },
{ "type": "Feature", "properties": { "element": "node", "id": 1436327198, "highway": "traffic_signals", "traffic_signals": null, "traffic_signals:direction": null, "button_operated": null, "check_date:tactile_paving": null, "crossing": null, "source": null, "tactile_paving": null, "traffic_signals:sound": null, "traffic_signals:vibration": null, "direction": null, "traffic_calming": null, "description": null, "man_made": null, "ele": null, "ele:DHHN92": null, "barrier": null, "note": null, "bicycle": null, "stop": null, "red_turn:right:bicycle": null, "red_turn:right": null, "old_name": null, "u": 1879256301, "v": 1436327198, "key": 0 }, "geometry": { "type": "Point", "coordinates": [ 7.1071519, 50.7187663 ] } },
{ "type": "Feature", "properties": { "element": "node", "id": 1436327198, "highway": "traffic_signals", "traffic_signals": null, "traffic_signals:direction": null, "button_operated": null, "check_date:tactile_paving": null, "crossing": null, "source": null, "tactile_paving": null, "traffic_signals:sound": null, "traffic_signals:vibration": null, "direction": null, "traffic_calming": null, "description": null, "man_made": null, "ele": null, "ele:DHHN92": null, "barrier": null, "note": null, "bicycle": null, "stop": null, "red_turn:right:bicycle": null, "red_turn:right": null, "old_name": null, "u": 1436327198, "v": 31447320, "key": 0 }, "geometry": { "type": "Point", "coordinates": [ 7.1071519, 50.7187663 ] } },
{ "type": "Feature", "properties": { "element": "node", "id": 1436327198, "highway": "traffic_signals", "traffic_signals": null, "traffic_signals:direction": null, "button_operated": null, "check_date:tactile_paving": null, "crossing": null, "source": null, "tactile_paving": null, "traffic_signals:sound": null, "traffic_signals:vibration": null, "direction": null, "traffic_calming": null, "description": null, "man_made": null, "ele": null, "ele:DHHN92": null, "barrier": null, "note": null, "bicycle": null, "stop": null, "red_turn:right:bicycle": null, "red_turn:right": null, "old_name": null, "u": 31447320, "v": 1436327198, "key": 0 }, "geometry": { "type": "Point", "coordinates": [ 7.1071519, 50.7187663 ] } },
{ "type": "Feature", "properties": { "element": "node", "id": 1436327198, "highway": "traffic_signals", "traffic_signals": null, "traffic_signals:direction": null, "button_operated": null, "check_date:tactile_paving": null, "crossing": null, "source": null, "tactile_paving": null, "traffic_signals:sound": null, "traffic_signals:vibration": null, "direction": null, "traffic_calming": null, "description": null, "man_made": null, "ele": null, "ele:DHHN92": null, "barrier": null, "note": null, "bicycle": null, "stop": null, "red_turn:right:bicycle": null, "red_turn:right": null, "old_name": null, "u": 1436293665, "v": 1436327198, "key": 0 }, "geometry": { "type": "Point", "coordinates": [ 7.1071519, 50.7187663 ] } },
{ "type": "Feature", "properties": { "element": "node", "id": 1436327198, "highway": "traffic_signals", "traffic_signals": null, "traffic_signals:direction": null, "button_operated": null, "check_date:tactile_paving": null, "crossing": null, "source": null, "tactile_paving": null, "traffic_signals:sound": null, "traffic_signals:vibration": null, "direction": null, "traffic_calming": null, "description": null, "man_made": null, "ele": null, "ele:DHHN92": null, "barrier": null, "note": null, "bicycle": null, "stop": null, "red_turn:right:bicycle": null, "red_turn:right": null, "old_name": null, "u": 1879256325, "v": 1436327198, "key": 0 }, "geometry": { "type": "Point", "coordinates": [ 7.1071519, 50.7187663 ] } },
{ "type": "Feature", "properties": { "element": "node", "id": 1436327198, "highway": "traffic_signals", "traffic_signals": null, "traffic_signals:direction": null, "button_operated": null, "check_date:tactile_paving": null, "crossing": null, "source": null, "tactile_paving": null, "traffic_signals:sound": null, "traffic_signals:vibration": null, "direction": null, "traffic_calming": null, "description": null, "man_made": null, "ele": null, "ele:DHHN92": null, "barrier": null, "note": null, "bicycle": null, "stop": null, "red_turn:right:bicycle": null, "red_turn:right": null, "old_name": null, "u": 1436327198, "v": 1879256325, "key": 0 }, "geometry": { "type": "Point", "coordinates": [ 7.1071519, 50.7187663 ] } },
{ "type": "Feature", "properties": { "element": "node", "id": 1564118664, "highway": "traffic_signals", "traffic_signals": null, "traffic_signals:direction": null, "button_operated": null, "check_date:tactile_paving": null, "crossing": "traffic_signals", "source": null, "tactile_paving": null, "traffic_signals:sound": null, "traffic_signals:vibration": null, "direction": null, "traffic_calming": null, "description": null, "man_made": null, "ele": null, "ele:DHHN92": null, "barrier": null, "note": null, "bicycle": null, "stop": null, "red_turn:right:bicycle": null, "red_turn:right": null, "old_name": null, "u": 1564118664, "v": 31946839, "key": 0 }, "geometry": { "type": "Point", "coordinates": [ 7.1363999, 50.7307036 ] } },
{ "type": "Feature", "properties": { "element": "node", "id": 1564118664, "highway": "traffic_signals", "traffic_signals": null, "traffic_signals:direction": null, "button_operated": null, "check_date:tactile_paving": null, "crossing": "traffic_signals", "source": null, "tactile_paving": null, "traffic_signals:sound": null, "traffic_signals:vibration": null, "direction": null, "traffic_calming": null, "description": null, "man_made": null, "ele": null, "ele:DHHN92": null, "barrier": null, "note": null, "bicycle": null, "stop": null, "red_turn:right:bicycle": null, "red_turn:right": null, "old_name": null, "u": 31946839, "v": 1564118664, "key": 0 }, "geometry": { "type": "Point", "coordinates": [ 7.1363999, 50.7307036 ] } },
{ "type": "Feature", "properties": { "element": "node", "id": 1564118664, "highway": "traffic_signals", "traffic_signals": null, "traffic_signals:direction": null, "button_operated": null, "check_date:tactile_paving": null, "crossing": "traffic_signals", "source": null, "tactile_paving": null, "traffic_signals:sound": null, "traffic_signals:vibration": null, "direction": null, "traffic_calming": null, "description": null, "man_made": null, "ele": null, "ele:DHHN92": null, "barrier": null, "note": null, "bicycle": null, "stop": null, "red_turn:right:bicycle": null, "red_turn:right": null, "old_name": null, "u": 1564118664, "v": 9997256196, "key": 0 }, "geometry": { "type": "Point", "coordinates": [ 7.1363999, 50.7307036 ] } },
{ "type": "Feature", "properties": { "element": "node", "id": 1564118664, "highway": "traffic_signals", "traffic_signals": null, "traffic_signals:direction": null, "button_operated": null, "check_date:tactile_paving": null, "crossing": "traffic_signals", "source": null, "tactile_paving": null, "traffic_signals:sound": null, "traffic_signals:vibration": null, "direction": null, "traffic_calming": null, "description": null, "man_made": null, "ele": null, "ele:DHHN92": null, "barrier": null, "note": null, "bicycle": null, "stop": null, "red_turn:right:bicycle": null, "red_turn:right": null, "old_name": null, "u": 9997256196, "v": 1564118664, "key": 0 }, "geometry": { "type": "Point", "coordinates": [ 7.1363999, 50.7307036 ] } },
{ "type": "Feature", "properties": { "element": "node", "id": 1564118664, "highway": "traffic_signals", "traffic_signals": null, "traffic_signals:direction": null, "button_operated": null, "check_date:tactile_paving": null, "crossing": "traffic_signals", "source": null, "tactile_paving": null, "traffic_signals:sound": null, "traffic_signals:vibration": null, "direction": null, "traffic_calming": null, "description": null, "man_made": null, "ele": null, "ele:DHHN92": null, "barrier": null, "note": null, "bicycle": null, "stop": null, "red_turn:right:bicycle": null, "red_turn:right": null, "old_name": null, "u": 1564118664, "v": 32310176, "key": 0 }, "geometry": { "type": "Point", "coordinates": [ 7.1363999, 50.7307036 ] } },
{ "type": "Feature", "properties": { "element": "node", "id": 1564118664, "highway": "traffic_signals", "traffic_signals": null, "traffic_signals:direction": null, "button_operated": null, "check_date:tactile_paving": null, "crossing": "traffic_signals", "source": null, "tactile_paving": null, "traffic_signals:sound": null, "traffic_signals:vibration": null, "direction": null, "traffic_calming": null, "description": null, "man_made": null, "ele": null, "ele:DHHN92": null, "barrier": null, "note": null, "bicycle": null, "stop": null, "red_turn:right:bicycle": null, "red_turn:right": null, "old_name": null, "u": 32310176, "v": 1564118664, "key": 0 }, "geometry": { "type": "Point", "coordinates": [ 7.1363999, 50.7307036 ] } },
{ "type": "Feature", "properties": { "element": "node", "id": 1564118775, "highway": "traffic_signals", "traffic_signals": null, "traffic_signals:direction": null, "button_operated": null, "check_date:tactile_paving": null, "crossing": null, "source": null, "tactile_paving": null, "traffic_signals:sound": null, "traffic_signals:vibration": null, "direction": null, "traffic_calming": null, "description": null, "man_made": null, "ele": null, "ele:DHHN92": null, "barrier": null, "note": null, "bicycle": null, "stop": null, "red_turn:right:bicycle": null, "red_turn:right": null, "old_name": null, "u": 253957684, "v": 1564118775, "key": 0 }, "geometry": { "type": "Point", "coordinates": [ 7.1273775, 50.7401995 ] } },
{ "type": "Feature", "properties": { "element": "node", "id": 1564118775, "highway": "traffic_signals", "traffic_signals": null, "traffic_signals:direction": null, "button_operated": null, "check_date:tactile_paving": null, "crossing": null, "source": null, "tactile_paving": null, "traffic_signals:sound": null, "traffic_signals:vibration": null, "direction": null, "traffic_calming": null, "description": null, "man_made": null, "ele": null, "ele:DHHN92": null, "barrier": null, "note": null, "bicycle": null, "stop": null, "red_turn:right:bicycle": null, "red_turn:right": null, "old_name": null, "u": 1564118775, "v": 253957684, "key": 0 }, "geometry": { "type": "Point", "coordinates": [ 7.1273775, 50.7401995 ] } },
{ "type": "Feature", "properties": { "element": "node", "id": 1564118775, "highway": "traffic_signals", "traffic_signals": null, "traffic_signals:direction": null, "button_operated": null, "check_date:tactile_paving": null, "crossing": null, "source": null, "tactile_paving": null, "traffic_signals:sound": null, "traffic_signals:vibration": null, "direction": null, "traffic_calming": null, "description": null, "man_made": null, "ele": null, "ele:DHHN92": null, "barrier": null, "note": null, "bicycle": null, "stop": null, "red_turn:right:bicycle": null, "red_turn:right": null, "old_name": null, "u": 1564118775, "v": 254058317, "key": 0 }, "geometry": { "type": "Point", "coordinates": [ 7.1273775, 50.7401995 ] } },
{ "type": "Feature", "properties": { "element": "node", "id": 1564118775, "highway": "traffic_signals", "traffic_signals": null, "traffic_signals:direction": null, "button_operated": null, "check_date:tactile_paving": null, "crossing": null, "source": null, "tactile_paving": null, "traffic_signals:sound": null, "traffic_signals:vibration": null, "direction": null, "traffic_calming": null, "description": null, "man_made": null, "ele": null, "ele:DHHN92": null, "barrier": null, "note": null, "bicycle": null, "stop": null, "red_turn:right:bicycle": null, "red_turn:right": null, "old_name": null, "u": 254058317, "v": 1564118775, "key": 0 }, "geometry": { "type": "Point", "coordinates": [ 7.1273775, 50.7401995 ] } },
{ "type": "Feature", "properties": { "element": "node", "id": 1564118775, "highway": "traffic_signals", "traffic_signals": null, "traffic_signals:direction": null, "button_operated": null, "check_date:tactile_paving": null, "crossing": null, "source": null, "tactile_paving": null, "traffic_signals:sound": null, "traffic_signals:vibration": null, "direction": null, "traffic_calming": null, "description": null, "man_made": null, "ele": null, "ele:DHHN92": null, "barrier": null, "note": null, "bicycle": null, "stop": null, "red_turn:right:bicycle": null, "red_turn:right": null, "old_name": null, "u": 253957647, "v": 1564118775, "key": 0 }, "geometry": { "type": "Point", "coordinates": [ 7.1273775, 50.7401995 ] } },
{ "type": "Feature", "properties": { "element": "node", "id": 1564118775, "highway": "traffic_signals", "traffic_signals": null, "traffic_signals:direction": null, "button_operated": null, "check_date:tactile_paving": null, "crossing": null, "source": null, "tactile_paving": null, "traffic_signals:sound": null, "traffic_signals:vibration": null, "direction": null, "traffic_calming": null, "description": null, "man_made": null, "ele": null, "ele:DHHN92": null, "barrier": null, "note": null, "bicycle": null, "stop": null, "red_turn:right:bicycle": null, "red_turn:right": null, "old_name": null, "u": 1564118775, "v": 253957647, "key": 0 }, "geometry": { "type": "Point", "coordinates": [ 7.1273775, 50.7401995 ] } },
{ "type": "Feature", "properties": { "element": "node", "id": 1564118787, "highway": "traffic_signals", "traffic_signals": null, "traffic_signals:direction": "backward", "button_operated": null, "check_date:tactile_paving": null, "crossing": null, "source": null, "tactile_paving": null, "traffic_signals:sound": null, "traffic_signals:vibration": null, "direction": null, "traffic_calming": null, "description": null, "man_made": null, "ele": null, "ele:DHHN92": null, "barrier": null, "note": null, "bicycle": null, "stop": null, "red_turn:right:bicycle": null, "red_turn:right": null, "old_name": null, "u": 32310164, "v": 32310162, "key": 0 }, "geometry": { "type": "Point", "coordinates": [ 7.125788, 50.7417795 ] } },
{ "type": "Feature", "properties": { "element": "node", "id": 1564118787, "highway": "traffic_signals", "traffic_signals": null, "traffic_signals:direction": "backward", "button_operated": null, "check_date:tactile_paving": null, "crossing": null, "source": null, "tactile_paving": null, "traffic_signals:sound": null, "traffic_signals:vibration": null, "direction": null, "traffic_calming": null, "description": null, "man_made": null, "ele": null, "ele:DHHN92": null, "barrier": null, "note": null, "bicycle": null, "stop": null, "red_turn:right:bicycle": null, "red_turn:right": null, "old_name": null, "u": 32310162, "v": 32310164, "key": 0 }, "geometry": { "type": "Point", "coordinates": [ 7.125788, 50.7417795 ] } },
{ "type": "Feature", "properties": { "element": "node", "id": 1565052735, "highway": "traffic_signals", "traffic_signals": null, "traffic_signals:direction": null, "button_operated": "no", "check_date:tactile_paving": null, "crossing": "traffic_signals", "source": null, "tactile_paving": "no", "traffic_signals:sound": "yes", "traffic_signals:vibration": "no", "direction": null, "traffic_calming": null, "description": null, "man_made": null, "ele": null, "ele:DHHN92": null, "barrier": null, "note": null, "bicycle": null, "stop": null, "red_turn:right:bicycle": null, "red_turn:right": null, "old_name": null, "u": 26607874, "v": 31728784, "key": 0 }, "geometry": { "type": "Point", "coordinates": [ 7.0932212, 50.7360647 ] } },
{ "type": "Feature", "properties": { "element": "node", "id": 1578407362, "highway": "traffic_signals", "traffic_signals": null, "traffic_signals:direction": null, "button_operated": null, "check_date:tactile_paving": null, "crossing": null, "source": null, "tactile_paving": null, "traffic_signals:sound": null, "traffic_signals:vibration": null, "direction": null, "traffic_calming": null, "description": null, "man_made": null, "ele": null, "ele:DHHN92": null, "barrier": null, "note": null, "bicycle": null, "stop": null, "red_turn:right:bicycle": null, "red_turn:right": null, "old_name": null, "u": 1597786791, "v": 1578407362, "key": 0 }, "geometry": { "type": "Point", "coordinates": [ 7.0991611, 50.7472718 ] } },
{ "type": "Feature", "properties": { "element": "node", "id": 1578407362, "highway": "traffic_signals", "traffic_signals": null, "traffic_signals:direction": null, "button_operated": null, "check_date:tactile_paving": null, "crossing": null, "source": null, "tactile_paving": null, "traffic_signals:sound": null, "traffic_signals:vibration": null, "direction": null, "traffic_calming": null, "description": null, "man_made": null, "ele": null, "ele:DHHN92": null, "barrier": null, "note": null, "bicycle": null, "stop": null, "red_turn:right:bicycle": null, "red_turn:right": null, "old_name": null, "u": 1578407362, "v": 1597786791, "key": 0 }, "geometry": { "type": "Point", "coordinates": [ 7.0991611, 50.7472718 ] } },
{ "type": "Feature", "properties": { "element": "node", "id": 1578407362, "highway": "traffic_signals", "traffic_signals": null, "traffic_signals:direction": null, "button_operated": null, "check_date:tactile_paving": null, "crossing": null, "source": null, "tactile_paving": null, "traffic_signals:sound": null, "traffic_signals:vibration": null, "direction": null, "traffic_calming": null, "description": null, "man_made": null, "ele": null, "ele:DHHN92": null, "barrier": null, "note": null, "bicycle": null, "stop": null, "red_turn:right:bicycle": null, "red_turn:right": null, "old_name": null, "u": 30273942, "v": 1578407362, "key": 0 }, "geometry": { "type": "Point", "coordinates": [ 7.0991611, 50.7472718 ] } },
{ "type": "Feature", "properties": { "element": "node", "id": 1578407362, "highway": "traffic_signals", "traffic_signals": null, "traffic_signals:direction": null, "button_operated": null, "check_date:tactile_paving": null, "crossing": null, "source": null, "tactile_paving": null, "traffic_signals:sound": null, "traffic_signals:vibration": null, "direction": null, "traffic_calming": null, "description": null, "man_made": null, "ele": null, "ele:DHHN92": null, "barrier": null, "note": null, "bicycle": null, "stop": null, "red_turn:right:bicycle": null, "red_turn:right": null, "old_name": null, "u": 1578407362, "v": 30273942, "key": 0 }, "geometry": { "type": "Point", "coordinates": [ 7.0991611, 50.7472718 ] } },
{ "type": "Feature", "properties": { "element": "node", "id": 1578407362, "highway": "traffic_signals", "traffic_signals": null, "traffic_signals:direction": null, "button_operated": null, "check_date:tactile_paving": null, "crossing": null, "source": null, "tactile_paving": null, "traffic_signals:sound": null, "traffic_signals:vibration": null, "direction": null, "traffic_calming": null, "description": null, "man_made": null, "ele": null, "ele:DHHN92": null, "barrier": null, "note": null, "bicycle": null, "stop": null, "red_turn:right:bicycle": null, "red_turn:right": null, "old_name": null, "u": 1578407362, "v": 1597786788, "key": 0 }, "geometry": { "type": "Point", "coordinates": [ 7.0991611, 50.7472718 ] } },
{ "type": "Feature", "properties": { "element": "node", "id": 1578426805, "highway": "traffic_signals", "traffic_signals": null, "traffic_signals:direction": null, "button_operated": null, "check_date:tactile_paving": null, "crossing": null, "source": null, "tactile_paving": null, "traffic_signals:sound": null, "traffic_signals:vibration": null, "direction": null, "traffic_calming": null, "description": null, "man_made": null, "ele": null, "ele:DHHN92": null, "barrier": null, "note": null, "bicycle": null, "stop": null, "red_turn:right:bicycle": null, "red_turn:right": null, "old_name": null, "u": 1578426805, "v": 26474360, "key": 0 }, "geometry": { "type": "Point", "coordinates": [ 7.0957359, 50.7445486 ] } },
{ "type": "Feature", "properties": { "element": "node", "id": 1578426805, "highway": "traffic_signals", "traffic_signals": null, "traffic_signals:direction": null, "button_operated": null, "check_date:tactile_paving": null, "crossing": null, "source": null, "tactile_paving": null, "traffic_signals:sound": null, "traffic_signals:vibration": null, "direction": null, "traffic_calming": null, "description": null, "man_made": null, "ele": null, "ele:DHHN92": null, "barrier": null, "note": null, "bicycle": null, "stop": null, "red_turn:right:bicycle": null, "red_turn:right": null, "old_name": null, "u": 26474360, "v": 1578426805, "key": 0 }, "geometry": { "type": "Point", "coordinates": [ 7.0957359, 50.7445486 ] } },
{ "type": "Feature", "properties": { "element": "node", "id": 1578426805, "highway": "traffic_signals", "traffic_signals": null, "traffic_signals:direction": null, "button_operated": null, "check_date:tactile_paving": null, "crossing": null, "source": null, "tactile_paving": null, "traffic_signals:sound": null, "traffic_signals:vibration": null, "direction": null, "traffic_calming": null, "description": null, "man_made": null, "ele": null, "ele:DHHN92": null, "barrier": null, "note": null, "bicycle": null, "stop": null, "red_turn:right:bicycle": null, "red_turn:right": null, "old_name": null, "u": 30416441, "v": 1578426805, "key": 0 }, "geometry": { "type": "Point", "coordinates": [ 7.0957359, 50.7445486 ] } },
{ "type": "Feature", "properties": { "element": "node", "id": 1578426805, "highway": "traffic_signals", "traffic_signals": null, "traffic_signals:direction": null, "button_operated": null, "check_date:tactile_paving": null, "crossing": null, "source": null, "tactile_paving": null, "traffic_signals:sound": null, "traffic_signals:vibration": null, "direction": null, "traffic_calming": null, "description": null, "man_made": null, "ele": null, "ele:DHHN92": null, "barrier": null, "note": null, "bicycle": null, "stop": null, "red_turn:right:bicycle": null, "red_turn:right": null, "old_name": null, "u": 1578426805, "v": 30416441, "key": 0 }, "geometry": { "type": "Point", "coordinates": [ 7.0957359, 50.7445486 ] } },
{ "type": "Feature", "properties": { "element": "node", "id": 1578426805, "highway": "traffic_signals", "traffic_signals": null, "traffic_signals:direction": null, "button_operated": null, "check_date:tactile_paving": null, "crossing": null, "source": null, "tactile_paving": null, "traffic_signals:sound": null, "traffic_signals:vibration": null, "direction": null, "traffic_calming": null, "description": null, "man_made": null, "ele": null, "ele:DHHN92": null, "barrier": null, "note": null, "bicycle": null, "stop": null, "red_turn:right:bicycle": null, "red_turn:right": null, "old_name": null, "u": 1578426805, "v": 30433409, "key": 0 }, "geometry": { "type": "Point", "coordinates": [ 7.0957359, 50.7445486 ] } },
{ "type": "Feature", "properties": { "element": "node", "id": 1578426805, "highway": "traffic_signals", "traffic_signals": null, "traffic_signals:direction": null, "button_operated": null, "check_date:tactile_paving": null, "crossing": null, "source": null, "tactile_paving": null, "traffic_signals:sound": null, "traffic_signals:vibration": null, "direction": null, "traffic_calming": null, "description": null, "man_made": null, "ele": null, "ele:DHHN92": null, "barrier": null, "note": null, "bicycle": null, "stop": null, "red_turn:right:bicycle": null, "red_turn:right": null, "old_name": null, "u": 30433409, "v": 1578426805, "key": 0 }, "geometry": { "type": "Point", "coordinates": [ 7.0957359, 50.7445486 ] } },
{ "type": "Feature", "properties": { "element": "node", "id": 1578426805, "highway": "traffic_signals", "traffic_signals": null, "traffic_signals:direction": null, "button_operated": null, "check_date:tactile_paving": null, "crossing": null, "source": null, "tactile_paving": null, "traffic_signals:sound": null, "traffic_signals:vibration": null, "direction": null, "traffic_calming": null, "description": null, "man_made": null, "ele": null, "ele:DHHN92": null, "barrier": null, "note": null, "bicycle": null, "stop": null, "red_turn:right:bicycle": null, "red_turn:right": null, "old_name": null, "u": 2194218555, "v": 1578426805, "key": 0 }, "geometry": { "type": "Point", "coordinates": [ 7.0957359, 50.7445486 ] } },
{ "type": "Feature", "properties": { "element": "node", "id": 1578426805, "highway": "traffic_signals", "traffic_signals": null, "traffic_signals:direction": null, "button_operated": null, "check_date:tactile_paving": null, "crossing": null, "source": null, "tactile_paving": null, "traffic_signals:sound": null, "traffic_signals:vibration": null, "direction": null, "traffic_calming": null, "description": null, "man_made": null, "ele": null, "ele:DHHN92": null, "barrier": null, "note": null, "bicycle": null, "stop": null, "red_turn:right:bicycle": null, "red_turn:right": null, "old_name": null, "u": 1578426805, "v": 2194218555, "key": 0 }, "geometry": { "type": "Point", "coordinates": [ 7.0957359, 50.7445486 ] } },
{ "type": "Feature", "properties": { "element": "node", "id": 1578426814, "highway": "traffic_signals", "traffic_signals": null, "traffic_signals:direction": null, "button_operated": null, "check_date:tactile_paving": null, "crossing": null, "source": null, "tactile_paving": null, "traffic_signals:sound": null, "traffic_signals:vibration": null, "direction": null, "traffic_calming": null, "description": null, "man_made": null, "ele": null, "ele:DHHN92": null, "barrier": null, "note": null, "bicycle": null, "stop": null, "red_turn:right:bicycle": null, "red_turn:right": null, "old_name": null, "u": 30450937, "v": 1578426814, "key": 0 }, "geometry": { "type": "Point", "coordinates": [ 7.0998535, 50.7451874 ] } },
{ "type": "Feature", "properties": { "element": "node", "id": 1578426814, "highway": "traffic_signals", "traffic_signals": null, "traffic_signals:direction": null, "button_operated": null, "check_date:tactile_paving": null, "crossing": null, "source": null, "tactile_paving": null, "traffic_signals:sound": null, "traffic_signals:vibration": null, "direction": null, "traffic_calming": null, "description": null, "man_made": null, "ele": null, "ele:DHHN92": null, "barrier": null, "note": null, "bicycle": null, "stop": null, "red_turn:right:bicycle": null, "red_turn:right": null, "old_name": null, "u": 1578426814, "v": 30450937, "key": 0 }, "geometry": { "type": "Point", "coordinates": [ 7.0998535, 50.7451874 ] } },
{ "type": "Feature", "properties": { "element": "node", "id": 1578426814, "highway": "traffic_signals", "traffic_signals": null, "traffic_signals:direction": null, "button_operated": null, "check_date:tactile_paving": null, "crossing": null, "source": null, "tactile_paving": null, "traffic_signals:sound": null, "traffic_signals:vibration": null, "direction": null, "traffic_calming": null, "description": null, "man_made": null, "ele": null, "ele:DHHN92": null, "barrier": null, "note": null, "bicycle": null, "stop": null, "red_turn:right:bicycle": null, "red_turn:right": null, "old_name": null, "u": 1578426814, "v": 30416441, "key": 0 }, "geometry": { "type": "Point", "coordinates": [ 7.0998535, 50.7451874 ] } },
{ "type": "Feature", "properties": { "element": "node", "id": 1578426814, "highway": "traffic_signals", "traffic_signals": null, "traffic_signals:direction": null, "button_operated": null, "check_date:tactile_paving": null, "crossing": null, "source": null, "tactile_paving": null, "traffic_signals:sound": null, "traffic_signals:vibration": null, "direction": null, "traffic_calming": null, "description": null, "man_made": null, "ele": null, "ele:DHHN92": null, "barrier": null, "note": null, "bicycle": null, "stop": null, "red_turn:right:bicycle": null, "red_turn:right": null, "old_name": null, "u": 30416441, "v": 1578426814, "key": 0 }, "geometry": { "type": "Point", "coordinates": [ 7.0998535, 50.7451874 ] } },
{ "type": "Feature", "properties": { "element": "node", "id": 1578426814, "highway": "traffic_signals", "traffic_signals": null, "traffic_signals:direction": null, "button_operated": null, "check_date:tactile_paving": null, "crossing": null, "source": null, "tactile_paving": null, "traffic_signals:sound": null, "traffic_signals:vibration": null, "direction": null, "traffic_calming": null, "description": null, "man_made": null, "ele": null, "ele:DHHN92": null, "barrier": null, "note": null, "bicycle": null, "stop": null, "red_turn:right:bicycle": null, "red_turn:right": null, "old_name": null, "u": 1578426814, "v": 30450852, "key": 0 }, "geometry": { "type": "Point", "coordinates": [ 7.0998535, 50.7451874 ] } },
{ "type": "Feature", "properties": { "element": "node", "id": 1578426814, "highway": "traffic_signals", "traffic_signals": null, "traffic_signals:direction": null, "button_operated": null, "check_date:tactile_paving": null, "crossing": null, "source": null, "tactile_paving": null, "traffic_signals:sound": null, "traffic_signals:vibration": null, "direction": null, "traffic_calming": null, "description": null, "man_made": null, "ele": null, "ele:DHHN92": null, "barrier": null, "note": null, "bicycle": null, "stop": null, "red_turn:right:bicycle": null, "red_turn:right": null, "old_name": null, "u": 30450852, "v": 1578426814, "key": 0 }, "geometry": { "type": "Point", "coordinates": [ 7.0998535, 50.7451874 ] } },
{ "type": "Feature", "properties": { "element": "node", "id": 1578426814, "highway": "traffic_signals", "traffic_signals": null, "traffic_signals:direction": null, "button_operated": null, "check_date:tactile_paving": null, "crossing": null, "source": null, "tactile_paving": null, "traffic_signals:sound": null, "traffic_signals:vibration": null, "direction": null, "traffic_calming": null, "description": null, "man_made": null, "ele": null, "ele:DHHN92": null, "barrier": null, "note": null, "bicycle": null, "stop": null, "red_turn:right:bicycle": null, "red_turn:right": null, "old_name": null, "u": 253115591, "v": 1578426814, "key": 0 }, "geometry": { "type": "Point", "coordinates": [ 7.0998535, 50.7451874 ] } },
{ "type": "Feature", "properties": { "element": "node", "id": 1578426814, "highway": "traffic_signals", "traffic_signals": null, "traffic_signals:direction": null, "button_operated": null, "check_date:tactile_paving": null, "crossing": null, "source": null, "tactile_paving": null, "traffic_signals:sound": null, "traffic_signals:vibration": null, "direction": null, "traffic_calming": null, "description": null, "man_made": null, "ele": null, "ele:DHHN92": null, "barrier": null, "note": null, "bicycle": null, "stop": null, "red_turn:right:bicycle": null, "red_turn:right": null, "old_name": null, "u": 1578426814, "v": 253115591, "key": 0 }, "geometry": { "type": "Point", "coordinates": [ 7.0998535, 50.7451874 ] } },
{ "type": "Feature", "properties": { "element": "node", "id": 1578555839, "highway": "traffic_signals", "traffic_signals": null, "traffic_signals:direction": null, "button_operated": null, "check_date:tactile_paving": null, "crossing": null, "source": null, "tactile_paving": null, "traffic_signals:sound": null, "traffic_signals:vibration": null, "direction": null, "traffic_calming": null, "description": null, "man_made": null, "ele": null, "ele:DHHN92": null, "barrier": null, "note": null, "bicycle": null, "stop": null, "red_turn:right:bicycle": null, "red_turn:right": null, "old_name": null, "u": 30413871, "v": 1578555839, "key": 0 }, "geometry": { "type": "Point", "coordinates": [ 7.0992916, 50.7401131 ] } },
{ "type": "Feature", "properties": { "element": "node", "id": 1578555839, "highway": "traffic_signals", "traffic_signals": null, "traffic_signals:direction": null, "button_operated": null, "check_date:tactile_paving": null, "crossing": null, "source": null, "tactile_paving": null, "traffic_signals:sound": null, "traffic_signals:vibration": null, "direction": null, "traffic_calming": null, "description": null, "man_made": null, "ele": null, "ele:DHHN92": null, "barrier": null, "note": null, "bicycle": null, "stop": null, "red_turn:right:bicycle": null, "red_turn:right": null, "old_name": null, "u": 1578555839, "v": 30413871, "key": 0 }, "geometry": { "type": "Point", "coordinates": [ 7.0992916, 50.7401131 ] } },
{ "type": "Feature", "properties": { "element": "node", "id": 1578555839, "highway": "traffic_signals", "traffic_signals": null, "traffic_signals:direction": null, "button_operated": null, "check_date:tactile_paving": null, "crossing": null, "source": null, "tactile_paving": null, "traffic_signals:sound": null, "traffic_signals:vibration": null, "direction": null, "traffic_calming": null, "description": null, "man_made": null, "ele": null, "ele:DHHN92": null, "barrier": null, "note": null, "bicycle": null, "stop": null, "red_turn:right:bicycle": null, "red_turn:right": null, "old_name": null, "u": 1578555828, "v": 1578555839, "key": 0 }, "geometry": { "type": "Point", "coordinates": [ 7.0992916, 50.7401131 ] } },
{ "type": "Feature", "properties": { "element": "node", "id": 1578555839, "highway": "traffic_signals", "traffic_signals": null, "traffic_signals:direction": null, "button_operated": null, "check_date:tactile_paving": null, "crossing": null, "source": null, "tactile_paving": null, "traffic_signals:sound": null, "traffic_signals:vibration": null, "direction": null, "traffic_calming": null, "description": null, "man_made": null, "ele": null, "ele:DHHN92": null, "barrier": null, "note": null, "bicycle": null, "stop": null, "red_turn:right:bicycle": null, "red_turn:right": null, "old_name": null, "u": 5379087442, "v": 1578555839, "key": 0 }, "geometry": { "type": "Point", "coordinates": [ 7.0992916, 50.7401131 ] } },
{ "type": "Feature", "properties": { "element": "node", "id": 1578555839, "highway": "traffic_signals", "traffic_signals": null, "traffic_signals:direction": null, "button_operated": null, "check_date:tactile_paving": null, "crossing": null, "source": null, "tactile_paving": null, "traffic_signals:sound": null, "traffic_signals:vibration": null, "direction": null, "traffic_calming": null, "description": null, "man_made": null, "ele": null, "ele:DHHN92": null, "barrier": null, "note": null, "bicycle": null, "stop": null, "red_turn:right:bicycle": null, "red_turn:right": null, "old_name": null, "u": 1578555839, "v": 5379087442, "key": 0 }, "geometry": { "type": "Point", "coordinates": [ 7.0992916, 50.7401131 ] } },
{ "type": "Feature", "properties": { "element": "node", "id": 1578555839, "highway": "traffic_signals", "traffic_signals": null, "traffic_signals:direction": null, "button_operated": null, "check_date:tactile_paving": null, "crossing": null, "source": null, "tactile_paving": null, "traffic_signals:sound": null, "traffic_signals:vibration": null, "direction": null, "traffic_calming": null, "description": null, "man_made": null, "ele": null, "ele:DHHN92": null, "barrier": null, "note": null, "bicycle": null, "stop": null, "red_turn:right:bicycle": null, "red_turn:right": null, "old_name": null, "u": 1578555839, "v": 27411476, "key": 0 }, "geometry": { "type": "Point", "coordinates": [ 7.0992916, 50.7401131 ] } },
{ "type": "Feature", "properties": { "element": "node", "id": 1581277820, "highway": "traffic_signals", "traffic_signals": null, "traffic_signals:direction": null, "button_operated": null, "check_date:tactile_paving": null, "crossing": null, "source": null, "tactile_paving": null, "traffic_signals:sound": null, "traffic_signals:vibration": null, "direction": null, "traffic_calming": null, "description": null, "man_made": null, "ele": null, "ele:DHHN92": null, "barrier": null, "note": null, "bicycle": null, "stop": null, "red_turn:right:bicycle": null, "red_turn:right": null, "old_name": null, "u": 1581277820, "v": 29970878, "key": 0 }, "geometry": { "type": "Point", "coordinates": [ 7.0876753, 50.7397145 ] } },
{ "type": "Feature", "properties": { "element": "node", "id": 1581277820, "highway": "traffic_signals", "traffic_signals": null, "traffic_signals:direction": null, "button_operated": null, "check_date:tactile_paving": null, "crossing": null, "source": null, "tactile_paving": null, "traffic_signals:sound": null, "traffic_signals:vibration": null, "direction": null, "traffic_calming": null, "description": null, "man_made": null, "ele": null, "ele:DHHN92": null, "barrier": null, "note": null, "bicycle": null, "stop": null, "red_turn:right:bicycle": null, "red_turn:right": null, "old_name": null, "u": 29970878, "v": 1581277820, "key": 0 }, "geometry": { "type": "Point", "coordinates": [ 7.0876753, 50.7397145 ] } },
{ "type": "Feature", "properties": { "element": "node", "id": 1581277820, "highway": "traffic_signals", "traffic_signals": null, "traffic_signals:direction": null, "button_operated": null, "check_date:tactile_paving": null, "crossing": null, "source": null, "tactile_paving": null, "traffic_signals:sound": null, "traffic_signals:vibration": null, "direction": null, "traffic_calming": null, "description": null, "man_made": null, "ele": null, "ele:DHHN92": null, "barrier": null, "note": null, "bicycle": null, "stop": null, "red_turn:right:bicycle": null, "red_turn:right": null, "old_name": null, "u": 1581277820, "v": 29810427, "key": 0 }, "geometry": { "type": "Point", "coordinates": [ 7.0876753, 50.7397145 ] } },
{ "type": "Feature", "properties": { "element": "node", "id": 1581277820, "highway": "traffic_signals", "traffic_signals": null, "traffic_signals:direction": null, "button_operated": null, "check_date:tactile_paving": null, "crossing": null, "source": null, "tactile_paving": null, "traffic_signals:sound": null, "traffic_signals:vibration": null, "direction": null, "traffic_calming": null, "description": null, "man_made": null, "ele": null, "ele:DHHN92": null, "barrier": null, "note": null, "bicycle": null, "stop": null, "red_turn:right:bicycle": null, "red_turn:right": null, "old_name": null, "u": 1581277820, "v": 601067312, "key": 0 }, "geometry": { "type": "Point", "coordinates": [ 7.0876753, 50.7397145 ] } },
{ "type": "Feature", "properties": { "element": "node", "id": 1581277820, "highway": "traffic_signals", "traffic_signals": null, "traffic_signals:direction": null, "button_operated": null, "check_date:tactile_paving": null, "crossing": null, "source": null, "tactile_paving": null, "traffic_signals:sound": null, "traffic_signals:vibration": null, "direction": null, "traffic_calming": null, "description": null, "man_made": null, "ele": null, "ele:DHHN92": null, "barrier": null, "note": null, "bicycle": null, "stop": null, "red_turn:right:bicycle": null, "red_turn:right": null, "old_name": null, "u": 601067312, "v": 1581277820, "key": 0 }, "geometry": { "type": "Point", "coordinates": [ 7.0876753, 50.7397145 ] } },
{ "type": "Feature", "properties": { "element": "node", "id": 1581277820, "highway": "traffic_signals", "traffic_signals": null, "traffic_signals:direction": null, "button_operated": null, "check_date:tactile_paving": null, "crossing": null, "source": null, "tactile_paving": null, "traffic_signals:sound": null, "traffic_signals:vibration": null, "direction": null, "traffic_calming": null, "description": null, "man_made": null, "ele": null, "ele:DHHN92": null, "barrier": null, "note": null, "bicycle": null, "stop": null, "red_turn:right:bicycle": null, "red_turn:right": null, "old_name": null, "u": 34811958, "v": 1581277820, "key": 0 }, "geometry": { "type": "Point", "coordinates": [ 7.0876753, 50.7397145 ] } },
{ "type": "Feature", "properties": { "element": "node", "id": 1581277820, "highway": "traffic_signals", "traffic_signals": null, "traffic_signals:direction": null, "button_operated": null, "check_date:tactile_paving": null, "crossing": null, "source": null, "tactile_paving": null, "traffic_signals:sound": null, "traffic_signals:vibration": null, "direction": null, "traffic_calming": null, "description": null, "man_made": null, "ele": null, "ele:DHHN92": null, "barrier": null, "note": null, "bicycle": null, "stop": null, "red_turn:right:bicycle": null, "red_turn:right": null, "old_name": null, "u": 1581277820, "v": 10109231717, "key": 0 }, "geometry": { "type": "Point", "coordinates": [ 7.0876753, 50.7397145 ] } },
{ "type": "Feature", "properties": { "element": "node", "id": 1581277825, "highway": "traffic_signals", "traffic_signals": null, "traffic_signals:direction": null, "button_operated": null, "check_date:tactile_paving": null, "crossing": null, "source": null, "tactile_paving": null, "traffic_signals:sound": null, "traffic_signals:vibration": null, "direction": null, "traffic_calming": null, "description": null, "man_made": null, "ele": null, "ele:DHHN92": null, "barrier": null, "note": null, "bicycle": null, "stop": null, "red_turn:right:bicycle": null, "red_turn:right": null, "old_name": null, "u": 10109231721, "v": 1581277825, "key": 0 }, "geometry": { "type": "Point", "coordinates": [ 7.0882779, 50.7409599 ] } },
{ "type": "Feature", "properties": { "element": "node", "id": 1581277825, "highway": "traffic_signals", "traffic_signals": null, "traffic_signals:direction": null, "button_operated": null, "check_date:tactile_paving": null, "crossing": null, "source": null, "tactile_paving": null, "traffic_signals:sound": null, "traffic_signals:vibration": null, "direction": null, "traffic_calming": null, "description": null, "man_made": null, "ele": null, "ele:DHHN92": null, "barrier": null, "note": null, "bicycle": null, "stop": null, "red_turn:right:bicycle": null, "red_turn:right": null, "old_name": null, "u": 10109231717, "v": 1581277825, "key": 0 }, "geometry": { "type": "Point", "coordinates": [ 7.0882779, 50.7409599 ] } },
{ "type": "Feature", "properties": { "element": "node", "id": 1581277825, "highway": "traffic_signals", "traffic_signals": null, "traffic_signals:direction": null, "button_operated": null, "check_date:tactile_paving": null, "crossing": null, "source": null, "tactile_paving": null, "traffic_signals:sound": null, "traffic_signals:vibration": null, "direction": null, "traffic_calming": null, "description": null, "man_made": null, "ele": null, "ele:DHHN92": null, "barrier": null, "note": null, "bicycle": null, "stop": null, "red_turn:right:bicycle": null, "red_turn:right": null, "old_name": null, "u": 1581277825, "v": 1581277830, "key": 0 }, "geometry": { "type": "Point", "coordinates": [ 7.0882779, 50.7409599 ] } },
{ "type": "Feature", "properties": { "element": "node", "id": 1581277825, "highway": "traffic_signals", "traffic_signals": null, "traffic_signals:direction": null, "button_operated": null, "check_date:tactile_paving": null, "crossing": null, "source": null, "tactile_paving": null, "traffic_signals:sound": null, "traffic_signals:vibration": null, "direction": null, "traffic_calming": null, "description": null, "man_made": null, "ele": null, "ele:DHHN92": null, "barrier": null, "note": null, "bicycle": null, "stop": null, "red_turn:right:bicycle": null, "red_turn:right": null, "old_name": null, "u": 1581277825, "v": 29810449, "key": 0 }, "geometry": { "type": "Point", "coordinates": [ 7.0882779, 50.7409599 ] } },
{ "type": "Feature", "properties": { "element": "node", "id": 1581277830, "highway": "traffic_signals", "traffic_signals": null, "traffic_signals:direction": null, "button_operated": null, "check_date:tactile_paving": null, "crossing": null, "source": null, "tactile_paving": null, "traffic_signals:sound": null, "traffic_signals:vibration": null, "direction": null, "traffic_calming": null, "description": null, "man_made": null, "ele": null, "ele:DHHN92": null, "barrier": null, "note": null, "bicycle": null, "stop": null, "red_turn:right:bicycle": null, "red_turn:right": null, "old_name": null, "u": 1581277830, "v": 10109093515, "key": 0 }, "geometry": { "type": "Point", "coordinates": [ 7.0881771, 50.7409814 ] } },
{ "type": "Feature", "properties": { "element": "node", "id": 1581277830, "highway": "traffic_signals", "traffic_signals": null, "traffic_signals:direction": null, "button_operated": null, "check_date:tactile_paving": null, "crossing": null, "source": null, "tactile_paving": null, "traffic_signals:sound": null, "traffic_signals:vibration": null, "direction": null, "traffic_calming": null, "description": null, "man_made": null, "ele": null, "ele:DHHN92": null, "barrier": null, "note": null, "bicycle": null, "stop": null, "red_turn:right:bicycle": null, "red_turn:right": null, "old_name": null, "u": 1581277825, "v": 1581277830, "key": 0 }, "geometry": { "type": "Point", "coordinates": [ 7.0881771, 50.7409814 ] } },
{ "type": "Feature", "properties": { "element": "node", "id": 1581277830, "highway": "traffic_signals", "traffic_signals": null, "traffic_signals:direction": null, "button_operated": null, "check_date:tactile_paving": null, "crossing": null, "source": null, "tactile_paving": null, "traffic_signals:sound": null, "traffic_signals:vibration": null, "direction": null, "traffic_calming": null, "description": null, "man_made": null, "ele": null, "ele:DHHN92": null, "barrier": null, "note": null, "bicycle": null, "stop": null, "red_turn:right:bicycle": null, "red_turn:right": null, "old_name": null, "u": 1581277830, "v": 10109231736, "key": 0 }, "geometry": { "type": "Point", "coordinates": [ 7.0881771, 50.7409814 ] } },
{ "type": "Feature", "properties": { "element": "node", "id": 1581277830, "highway": "traffic_signals", "traffic_signals": null, "traffic_signals:direction": null, "button_operated": null, "check_date:tactile_paving": null, "crossing": null, "source": null, "tactile_paving": null, "traffic_signals:sound": null, "traffic_signals:vibration": null, "direction": null, "traffic_calming": null, "description": null, "man_made": null, "ele": null, "ele:DHHN92": null, "barrier": null, "note": null, "bicycle": null, "stop": null, "red_turn:right:bicycle": null, "red_turn:right": null, "old_name": null, "u": 9994323035, "v": 1581277830, "key": 0 }, "geometry": { "type": "Point", "coordinates": [ 7.0881771, 50.7409814 ] } },
{ "type": "Feature", "properties": { "element": "node", "id": 1581277832, "highway": "traffic_signals", "traffic_signals": null, "traffic_signals:direction": null, "button_operated": null, "check_date:tactile_paving": null, "crossing": null, "source": null, "tactile_paving": null, "traffic_signals:sound": null, "traffic_signals:vibration": null, "direction": null, "traffic_calming": null, "description": null, "man_made": null, "ele": null, "ele:DHHN92": null, "barrier": null, "note": null, "bicycle": null, "stop": null, "red_turn:right:bicycle": null, "red_turn:right": null, "old_name": null, "u": 1581277832, "v": 29810415, "key": 0 }, "geometry": { "type": "Point", "coordinates": [ 7.0900226, 50.7436133 ] } },
{ "type": "Feature", "properties": { "element": "node", "id": 1581277832, "highway": "traffic_signals", "traffic_signals": null, "traffic_signals:direction": null, "button_operated": null, "check_date:tactile_paving": null, "crossing": null, "source": null, "tactile_paving": null, "traffic_signals:sound": null, "traffic_signals:vibration": null, "direction": null, "traffic_calming": null, "description": null, "man_made": null, "ele": null, "ele:DHHN92": null, "barrier": null, "note": null, "bicycle": null, "stop": null, "red_turn:right:bicycle": null, "red_turn:right": null, "old_name": null, "u": 8138644090, "v": 1581277832, "key": 0 }, "geometry": { "type": "Point", "coordinates": [ 7.0900226, 50.7436133 ] } },
{ "type": "Feature", "properties": { "element": "node", "id": 1581277832, "highway": "traffic_signals", "traffic_signals": null, "traffic_signals:direction": null, "button_operated": null, "check_date:tactile_paving": null, "crossing": null, "source": null, "tactile_paving": null, "traffic_signals:sound": null, "traffic_signals:vibration": null, "direction": null, "traffic_calming": null, "description": null, "man_made": null, "ele": null, "ele:DHHN92": null, "barrier": null, "note": null, "bicycle": null, "stop": null, "red_turn:right:bicycle": null, "red_turn:right": null, "old_name": null, "u": 1581277835, "v": 1581277832, "key": 0 }, "geometry": { "type": "Point", "coordinates": [ 7.0900226, 50.7436133 ] } },
{ "type": "Feature", "properties": { "element": "node", "id": 1581277832, "highway": "traffic_signals", "traffic_signals": null, "traffic_signals:direction": null, "button_operated": null, "check_date:tactile_paving": null, "crossing": null, "source": null, "tactile_paving": null, "traffic_signals:sound": null, "traffic_signals:vibration": null, "direction": null, "traffic_calming": null, "description": null, "man_made": null, "ele": null, "ele:DHHN92": null, "barrier": null, "note": null, "bicycle": null, "stop": null, "red_turn:right:bicycle": null, "red_turn:right": null, "old_name": null, "u": 1581277832, "v": 1581277835, "key": 0 }, "geometry": { "type": "Point", "coordinates": [ 7.0900226, 50.7436133 ] } },
{ "type": "Feature", "properties": { "element": "node", "id": 1581277832, "highway": "traffic_signals", "traffic_signals": null, "traffic_signals:direction": null, "button_operated": null, "check_date:tactile_paving": null, "crossing": null, "source": null, "tactile_paving": null, "traffic_signals:sound": null, "traffic_signals:vibration": null, "direction": null, "traffic_calming": null, "description": null, "man_made": null, "ele": null, "ele:DHHN92": null, "barrier": null, "note": null, "bicycle": null, "stop": null, "red_turn:right:bicycle": null, "red_turn:right": null, "old_name": null, "u": 1581277832, "v": 342155957, "key": 0 }, "geometry": { "type": "Point", "coordinates": [ 7.0900226, 50.7436133 ] } },
{ "type": "Feature", "properties": { "element": "node", "id": 1581277835, "highway": "traffic_signals", "traffic_signals": null, "traffic_signals:direction": null, "button_operated": null, "check_date:tactile_paving": null, "crossing": null, "source": null, "tactile_paving": null, "traffic_signals:sound": null, "traffic_signals:vibration": null, "direction": null, "traffic_calming": null, "description": null, "man_made": null, "ele": null, "ele:DHHN92": null, "barrier": null, "note": null, "bicycle": null, "stop": null, "red_turn:right:bicycle": null, "red_turn:right": null, "old_name": null, "u": 1581277835, "v": 342156969, "key": 0 }, "geometry": { "type": "Point", "coordinates": [ 7.0898816, 50.7436612 ] } },
{ "type": "Feature", "properties": { "element": "node", "id": 1581277835, "highway": "traffic_signals", "traffic_signals": null, "traffic_signals:direction": null, "button_operated": null, "check_date:tactile_paving": null, "crossing": null, "source": null, "tactile_paving": null, "traffic_signals:sound": null, "traffic_signals:vibration": null, "direction": null, "traffic_calming": null, "description": null, "man_made": null, "ele": null, "ele:DHHN92": null, "barrier": null, "note": null, "bicycle": null, "stop": null, "red_turn:right:bicycle": null, "red_turn:right": null, "old_name": null, "u": 1581277835, "v": 1581277832, "key": 0 }, "geometry": { "type": "Point", "coordinates": [ 7.0898816, 50.7436612 ] } },
{ "type": "Feature", "properties": { "element": "node", "id": 1581277835, "highway": "traffic_signals", "traffic_signals": null, "traffic_signals:direction": null, "button_operated": null, "check_date:tactile_paving": null, "crossing": null, "source": null, "tactile_paving": null, "traffic_signals:sound": null, "traffic_signals:vibration": null, "direction": null, "traffic_calming": null, "description": null, "man_made": null, "ele": null, "ele:DHHN92": null, "barrier": null, "note": null, "bicycle": null, "stop": null, "red_turn:right:bicycle": null, "red_turn:right": null, "old_name": null, "u": 1581277832, "v": 1581277835, "key": 0 }, "geometry": { "type": "Point", "coordinates": [ 7.0898816, 50.7436612 ] } },
{ "type": "Feature", "properties": { "element": "node", "id": 1581277835, "highway": "traffic_signals", "traffic_signals": null, "traffic_signals:direction": null, "button_operated": null, "check_date:tactile_paving": null, "crossing": null, "source": null, "tactile_paving": null, "traffic_signals:sound": null, "traffic_signals:vibration": null, "direction": null, "traffic_calming": null, "description": null, "man_made": null, "ele": null, "ele:DHHN92": null, "barrier": null, "note": null, "bicycle": null, "stop": null, "red_turn:right:bicycle": null, "red_turn:right": null, "old_name": null, "u": 342155957, "v": 1581277835, "key": 0 }, "geometry": { "type": "Point", "coordinates": [ 7.0898816, 50.7436612 ] } },
{ "type": "Feature", "properties": { "element": "node", "id": 1581277835, "highway": "traffic_signals", "traffic_signals": null, "traffic_signals:direction": null, "button_operated": null, "check_date:tactile_paving": null, "crossing": null, "source": null, "tactile_paving": null, "traffic_signals:sound": null, "traffic_signals:vibration": null, "direction": null, "traffic_calming": null, "description": null, "man_made": null, "ele": null, "ele:DHHN92": null, "barrier": null, "note": null, "bicycle": null, "stop": null, "red_turn:right:bicycle": null, "red_turn:right": null, "old_name": null, "u": 1581277835, "v": 26898795, "key": 0 }, "geometry": { "type": "Point", "coordinates": [ 7.0898816, 50.7436612 ] } },
{ "type": "Feature", "properties": { "element": "node", "id": 1581277835, "highway": "traffic_signals", "traffic_signals": null, "traffic_signals:direction": null, "button_operated": null, "check_date:tactile_paving": null, "crossing": null, "source": null, "tactile_paving": null, "traffic_signals:sound": null, "traffic_signals:vibration": null, "direction": null, "traffic_calming": null, "description": null, "man_made": null, "ele": null, "ele:DHHN92": null, "barrier": null, "note": null, "bicycle": null, "stop": null, "red_turn:right:bicycle": null, "red_turn:right": null, "old_name": null, "u": 26898795, "v": 1581277835, "key": 0 }, "geometry": { "type": "Point", "coordinates": [ 7.0898816, 50.7436612 ] } },
{ "type": "Feature", "properties": { "element": "node", "id": 1581311641, "highway": "traffic_signals", "traffic_signals": null, "traffic_signals:direction": null, "button_operated": null, "check_date:tactile_paving": null, "crossing": null, "source": null, "tactile_paving": null, "traffic_signals:sound": null, "traffic_signals:vibration": null, "direction": null, "traffic_calming": null, "description": null, "man_made": null, "ele": null, "ele:DHHN92": null, "barrier": null, "note": null, "bicycle": null, "stop": null, "red_turn:right:bicycle": null, "red_turn:right": null, "old_name": null, "u": 30810836, "v": 12635612196, "key": 0 }, "geometry": { "type": "Point", "coordinates": [ 7.0962973, 50.7367052 ] } },
{ "type": "Feature", "properties": { "element": "node", "id": 1597786778, "highway": "traffic_signals", "traffic_signals": null, "traffic_signals:direction": null, "button_operated": null, "check_date:tactile_paving": null, "crossing": null, "source": null, "tactile_paving": null, "traffic_signals:sound": null, "traffic_signals:vibration": null, "direction": null, "traffic_calming": null, "description": null, "man_made": null, "ele": null, "ele:DHHN92": null, "barrier": null, "note": null, "bicycle": null, "stop": null, "red_turn:right:bicycle": null, "red_turn:right": null, "old_name": null, "u": 1597786778, "v": 253115588, "key": 0 }, "geometry": { "type": "Point", "coordinates": [ 7.0949254, 50.746434 ] } },
{ "type": "Feature", "properties": { "element": "node", "id": 1597786778, "highway": "traffic_signals", "traffic_signals": null, "traffic_signals:direction": null, "button_operated": null, "check_date:tactile_paving": null, "crossing": null, "source": null, "tactile_paving": null, "traffic_signals:sound": null, "traffic_signals:vibration": null, "direction": null, "traffic_calming": null, "description": null, "man_made": null, "ele": null, "ele:DHHN92": null, "barrier": null, "note": null, "bicycle": null, "stop": null, "red_turn:right:bicycle": null, "red_turn:right": null, "old_name": null, "u": 2194218555, "v": 1597786778, "key": 0 }, "geometry": { "type": "Point", "coordinates": [ 7.0949254, 50.746434 ] } },
{ "type": "Feature", "properties": { "element": "node", "id": 1597786778, "highway": "traffic_signals", "traffic_signals": null, "traffic_signals:direction": null, "button_operated": null, "check_date:tactile_paving": null, "crossing": null, "source": null, "tactile_paving": null, "traffic_signals:sound": null, "traffic_signals:vibration": null, "direction": null, "traffic_calming": null, "description": null, "man_made": null, "ele": null, "ele:DHHN92": null, "barrier": null, "note": null, "bicycle": null, "stop": null, "red_turn:right:bicycle": null, "red_turn:right": null, "old_name": null, "u": 1597786783, "v": 1597786778, "key": 0 }, "geometry": { "type": "Point", "coordinates": [ 7.0949254, 50.746434 ] } },
{ "type": "Feature", "properties": { "element": "node", "id": 1597786778, "highway": "traffic_signals", "traffic_signals": null, "traffic_signals:direction": null, "button_operated": null, "check_date:tactile_paving": null, "crossing": null, "source": null, "tactile_paving": null, "traffic_signals:sound": null, "traffic_signals:vibration": null, "direction": null, "traffic_calming": null, "description": null, "man_made": null, "ele": null, "ele:DHHN92": null, "barrier": null, "note": null, "bicycle": null, "stop": null, "red_turn:right:bicycle": null, "red_turn:right": null, "old_name": null, "u": 1597786778, "v": 1597786788, "key": 0 }, "geometry": { "type": "Point", "coordinates": [ 7.0949254, 50.746434 ] } },
{ "type": "Feature", "properties": { "element": "node", "id": 1597786783, "highway": "traffic_signals", "traffic_signals": null, "traffic_signals:direction": null, "button_operated": null, "check_date:tactile_paving": null, "crossing": null, "source": null, "tactile_paving": null, "traffic_signals:sound": null, "traffic_signals:vibration": null, "direction": null, "traffic_calming": null, "description": null, "man_made": null, "ele": null, "ele:DHHN92": null, "barrier": null, "note": null, "bicycle": null, "stop": null, "red_turn:right:bicycle": null, "red_turn:right": null, "old_name": null, "u": 30433411, "v": 1597786783, "key": 0 }, "geometry": { "type": "Point", "coordinates": [ 7.0947939, 50.7464608 ] } },
{ "type": "Feature", "properties": { "element": "node", "id": 1597786783, "highway": "traffic_signals", "traffic_signals": null, "traffic_signals:direction": null, "button_operated": null, "check_date:tactile_paving": null, "crossing": null, "source": null, "tactile_paving": null, "traffic_signals:sound": null, "traffic_signals:vibration": null, "direction": null, "traffic_calming": null, "description": null, "man_made": null, "ele": null, "ele:DHHN92": null, "barrier": null, "note": null, "bicycle": null, "stop": null, "red_turn:right:bicycle": null, "red_turn:right": null, "old_name": null, "u": 1597786783, "v": 30433411, "key": 0 }, "geometry": { "type": "Point", "coordinates": [ 7.0947939, 50.7464608 ] } },
{ "type": "Feature", "properties": { "element": "node", "id": 1597786783, "highway": "traffic_signals", "traffic_signals": null, "traffic_signals:direction": null, "button_operated": null, "check_date:tactile_paving": null, "crossing": null, "source": null, "tactile_paving": null, "traffic_signals:sound": null, "traffic_signals:vibration": null, "direction": null, "traffic_calming": null, "description": null, "man_made": null, "ele": null, "ele:DHHN92": null, "barrier": null, "note": null, "bicycle": null, "stop": null, "red_turn:right:bicycle": null, "red_turn:right": null, "old_name": null, "u": 1597786783, "v": 2194218555, "key": 0 }, "geometry": { "type": "Point", "coordinates": [ 7.0947939, 50.7464608 ] } },
{ "type": "Feature", "properties": { "element": "node", "id": 1597786783, "highway": "traffic_signals", "traffic_signals": null, "traffic_signals:direction": null, "button_operated": null, "check_date:tactile_paving": null, "crossing": null, "source": null, "tactile_paving": null, "traffic_signals:sound": null, "traffic_signals:vibration": null, "direction": null, "traffic_calming": null, "description": null, "man_made": null, "ele": null, "ele:DHHN92": null, "barrier": null, "note": null, "bicycle": null, "stop": null, "red_turn:right:bicycle": null, "red_turn:right": null, "old_name": null, "u": 1597786783, "v": 1597786778, "key": 0 }, "geometry": { "type": "Point", "coordinates": [ 7.0947939, 50.7464608 ] } },
{ "type": "Feature", "properties": { "element": "node", "id": 1597786783, "highway": "traffic_signals", "traffic_signals": null, "traffic_signals:direction": null, "button_operated": null, "check_date:tactile_paving": null, "crossing": null, "source": null, "tactile_paving": null, "traffic_signals:sound": null, "traffic_signals:vibration": null, "direction": null, "traffic_calming": null, "description": null, "man_made": null, "ele": null, "ele:DHHN92": null, "barrier": null, "note": null, "bicycle": null, "stop": null, "red_turn:right:bicycle": null, "red_turn:right": null, "old_name": null, "u": 1597786788, "v": 1597786783, "key": 0 }, "geometry": { "type": "Point", "coordinates": [ 7.0947939, 50.7464608 ] } },
{ "type": "Feature", "properties": { "element": "node", "id": 1597786783, "highway": "traffic_signals", "traffic_signals": null, "traffic_signals:direction": null, "button_operated": null, "check_date:tactile_paving": null, "crossing": null, "source": null, "tactile_paving": null, "traffic_signals:sound": null, "traffic_signals:vibration": null, "direction": null, "traffic_calming": null, "description": null, "man_made": null, "ele": null, "ele:DHHN92": null, "barrier": null, "note": null, "bicycle": null, "stop": null, "red_turn:right:bicycle": null, "red_turn:right": null, "old_name": null, "u": 355228545, "v": 1597786783, "key": 0 }, "geometry": { "type": "Point", "coordinates": [ 7.0947939, 50.7464608 ] } },
{ "type": "Feature", "properties": { "element": "node", "id": 1597786791, "highway": "traffic_signals", "traffic_signals": null, "traffic_signals:direction": null, "button_operated": "no", "check_date:tactile_paving": null, "crossing": "traffic_signals", "source": null, "tactile_paving": "yes", "traffic_signals:sound": "yes", "traffic_signals:vibration": "no", "direction": null, "traffic_calming": null, "description": null, "man_made": null, "ele": null, "ele:DHHN92": null, "barrier": null, "note": null, "bicycle": null, "stop": null, "red_turn:right:bicycle": null, "red_turn:right": null, "old_name": null, "u": 253115591, "v": 1597786791, "key": 0 }, "geometry": { "type": "Point", "coordinates": [ 7.0991889, 50.7471738 ] } },
{ "type": "Feature", "properties": { "element": "node", "id": 1597786791, "highway": "traffic_signals", "traffic_signals": null, "traffic_signals:direction": null, "button_operated": "no", "check_date:tactile_paving": null, "crossing": "traffic_signals", "source": null, "tactile_paving": "yes", "traffic_signals:sound": "yes", "traffic_signals:vibration": "no", "direction": null, "traffic_calming": null, "description": null, "man_made": null, "ele": null, "ele:DHHN92": null, "barrier": null, "note": null, "bicycle": null, "stop": null, "red_turn:right:bicycle": null, "red_turn:right": null, "old_name": null, "u": 1597786791, "v": 253115591, "key": 0 }, "geometry": { "type": "Point", "coordinates": [ 7.0991889, 50.7471738 ] } },
{ "type": "Feature", "properties": { "element": "node", "id": 1597786791, "highway": "traffic_signals", "traffic_signals": null, "traffic_signals:direction": null, "button_operated": "no", "check_date:tactile_paving": null, "crossing": "traffic_signals", "source": null, "tactile_paving": "yes", "traffic_signals:sound": "yes", "traffic_signals:vibration": "no", "direction": null, "traffic_calming": null, "description": null, "man_made": null, "ele": null, "ele:DHHN92": null, "barrier": null, "note": null, "bicycle": null, "stop": null, "red_turn:right:bicycle": null, "red_turn:right": null, "old_name": null, "u": 253115588, "v": 1597786791, "key": 0 }, "geometry": { "type": "Point", "coordinates": [ 7.0991889, 50.7471738 ] } },
{ "type": "Feature", "properties": { "element": "node", "id": 1597786791, "highway": "traffic_signals", "traffic_signals": null, "traffic_signals:direction": null, "button_operated": "no", "check_date:tactile_paving": null, "crossing": "traffic_signals", "source": null, "tactile_paving": "yes", "traffic_signals:sound": "yes", "traffic_signals:vibration": "no", "direction": null, "traffic_calming": null, "description": null, "man_made": null, "ele": null, "ele:DHHN92": null, "barrier": null, "note": null, "bicycle": null, "stop": null, "red_turn:right:bicycle": null, "red_turn:right": null, "old_name": null, "u": 1597786791, "v": 1578407362, "key": 0 }, "geometry": { "type": "Point", "coordinates": [ 7.0991889, 50.7471738 ] } },
{ "type": "Feature", "properties": { "element": "node", "id": 1597786791, "highway": "traffic_signals", "traffic_signals": null, "traffic_signals:direction": null, "button_operated": "no", "check_date:tactile_paving": null, "crossing": "traffic_signals", "source": null, "tactile_paving": "yes", "traffic_signals:sound": "yes", "traffic_signals:vibration": "no", "direction": null, "traffic_calming": null, "description": null, "man_made": null, "ele": null, "ele:DHHN92": null, "barrier": null, "note": null, "bicycle": null, "stop": null, "red_turn:right:bicycle": null, "red_turn:right": null, "old_name": null, "u": 1578407362, "v": 1597786791, "key": 0 }, "geometry": { "type": "Point", "coordinates": [ 7.0991889, 50.7471738 ] } },
{ "type": "Feature", "properties": { "element": "node", "id": 1746016252, "highway": "traffic_signals", "traffic_signals": null, "traffic_signals:direction": null, "button_operated": null, "check_date:tactile_paving": null, "crossing": null, "source": null, "tactile_paving": null, "traffic_signals:sound": null, "traffic_signals:vibration": null, "direction": null, "traffic_calming": null, "description": null, "man_made": null, "ele": null, "ele:DHHN92": null, "barrier": null, "note": null, "bicycle": null, "stop": null, "red_turn:right:bicycle": null, "red_turn:right": null, "old_name": null, "u": 1746016249, "v": 1746016253, "key": 0 }, "geometry": { "type": "Point", "coordinates": [ 7.1330256, 50.7143436 ] } },
{ "type": "Feature", "properties": { "element": "node", "id": 1750877110, "highway": "traffic_signals", "traffic_signals": null, "traffic_signals:direction": null, "button_operated": null, "check_date:tactile_paving": null, "crossing": null, "source": null, "tactile_paving": null, "traffic_signals:sound": null, "traffic_signals:vibration": null, "direction": "backward", "traffic_calming": null, "description": null, "man_made": null, "ele": null, "ele:DHHN92": null, "barrier": null, "note": null, "bicycle": null, "stop": null, "red_turn:right:bicycle": null, "red_turn:right": null, "old_name": null, "u": 1436347402, "v": 1436327181, "key": 0 }, "geometry": { "type": "Point", "coordinates": [ 7.1084076, 50.7126768 ] } },
{ "type": "Feature", "properties": { "element": "node", "id": 1750877110, "highway": "traffic_signals", "traffic_signals": null, "traffic_signals:direction": null, "button_operated": null, "check_date:tactile_paving": null, "crossing": null, "source": null, "tactile_paving": null, "traffic_signals:sound": null, "traffic_signals:vibration": null, "direction": "backward", "traffic_calming": null, "description": null, "man_made": null, "ele": null, "ele:DHHN92": null, "barrier": null, "note": null, "bicycle": null, "stop": null, "red_turn:right:bicycle": null, "red_turn:right": null, "old_name": null, "u": 1436327181, "v": 1436347402, "key": 0 }, "geometry": { "type": "Point", "coordinates": [ 7.1084076, 50.7126768 ] } },
{ "type": "Feature", "properties": { "element": "node", "id": 1756579600, "highway": "traffic_signals", "traffic_signals": null, "traffic_signals:direction": "backward", "button_operated": null, "check_date:tactile_paving": null, "crossing": null, "source": null, "tactile_paving": null, "traffic_signals:sound": null, "traffic_signals:vibration": null, "direction": null, "traffic_calming": null, "description": null, "man_made": null, "ele": null, "ele:DHHN92": null, "barrier": null, "note": null, "bicycle": null, "stop": null, "red_turn:right:bicycle": "yes", "red_turn:right": null, "old_name": null, "u": 312085150, "v": 31768423, "key": 0 }, "geometry": { "type": "Point", "coordinates": [ 7.1126723, 50.7141067 ] } },
{ "type": "Feature", "properties": { "element": "node", "id": 1756579600, "highway": "traffic_signals", "traffic_signals": null, "traffic_signals:direction": "backward", "button_operated": null, "check_date:tactile_paving": null, "crossing": null, "source": null, "tactile_paving": null, "traffic_signals:sound": null, "traffic_signals:vibration": null, "direction": null, "traffic_calming": null, "description": null, "man_made": null, "ele": null, "ele:DHHN92": null, "barrier": null, "note": null, "bicycle": null, "stop": null, "red_turn:right:bicycle": "yes", "red_turn:right": null, "old_name": null, "u": 31768423, "v": 312085150, "key": 0 }, "geometry": { "type": "Point", "coordinates": [ 7.1126723, 50.7141067 ] } },
{ "type": "Feature", "properties": { "element": "node", "id": 1756664218, "highway": "traffic_signals", "traffic_signals": null, "traffic_signals:direction": null, "button_operated": null, "check_date:tactile_paving": null, "crossing": null, "source": null, "tactile_paving": null, "traffic_signals:sound": null, "traffic_signals:vibration": null, "direction": "backward", "traffic_calming": null, "description": null, "man_made": null, "ele": null, "ele:DHHN92": null, "barrier": null, "note": null, "bicycle": null, "stop": null, "red_turn:right:bicycle": null, "red_turn:right": null, "old_name": null, "u": 324478216, "v": 31314744, "key": 0 }, "geometry": { "type": "Point", "coordinates": [ 7.108154, 50.7167269 ] } },
{ "type": "Feature", "properties": { "element": "node", "id": 1756664218, "highway": "traffic_signals", "traffic_signals": null, "traffic_signals:direction": null, "button_operated": null, "check_date:tactile_paving": null, "crossing": null, "source": null, "tactile_paving": null, "traffic_signals:sound": null, "traffic_signals:vibration": null, "direction": "backward", "traffic_calming": null, "description": null, "man_made": null, "ele": null, "ele:DHHN92": null, "barrier": null, "note": null, "bicycle": null, "stop": null, "red_turn:right:bicycle": null, "red_turn:right": null, "old_name": null, "u": 31314744, "v": 324478216, "key": 0 }, "geometry": { "type": "Point", "coordinates": [ 7.108154, 50.7167269 ] } },
{ "type": "Feature", "properties": { "element": "node", "id": 1768120937, "highway": "traffic_signals", "traffic_signals": null, "traffic_signals:direction": null, "button_operated": null, "check_date:tactile_paving": null, "crossing": null, "source": null, "tactile_paving": null, "traffic_signals:sound": null, "traffic_signals:vibration": null, "direction": null, "traffic_calming": null, "description": null, "man_made": null, "ele": null, "ele:DHHN92": null, "barrier": null, "note": null, "bicycle": null, "stop": null, "red_turn:right:bicycle": null, "red_turn:right": null, "old_name": null, "u": 99365798, "v": 26508623, "key": 0 }, "geometry": { "type": "Point", "coordinates": [ 7.1188231, 50.7390626 ] } },
{ "type": "Feature", "properties": { "element": "node", "id": 1768416553, "highway": "traffic_signals", "traffic_signals": null, "traffic_signals:direction": "backward", "button_operated": null, "check_date:tactile_paving": null, "crossing": null, "source": null, "tactile_paving": null, "traffic_signals:sound": null, "traffic_signals:vibration": null, "direction": null, "traffic_calming": null, "description": null, "man_made": null, "ele": null, "ele:DHHN92": null, "barrier": null, "note": null, "bicycle": null, "stop": null, "red_turn:right:bicycle": null, "red_turn:right": null, "old_name": null, "u": 321209904, "v": 253067840, "key": 0 }, "geometry": { "type": "Point", "coordinates": [ 7.1441099, 50.7285851 ] } },
{ "type": "Feature", "properties": { "element": "node", "id": 1768416553, "highway": "traffic_signals", "traffic_signals": null, "traffic_signals:direction": "backward", "button_operated": null, "check_date:tactile_paving": null, "crossing": null, "source": null, "tactile_paving": null, "traffic_signals:sound": null, "traffic_signals:vibration": null, "direction": null, "traffic_calming": null, "description": null, "man_made": null, "ele": null, "ele:DHHN92": null, "barrier": null, "note": null, "bicycle": null, "stop": null, "red_turn:right:bicycle": null, "red_turn:right": null, "old_name": null, "u": 253067840, "v": 321209904, "key": 0 }, "geometry": { "type": "Point", "coordinates": [ 7.1441099, 50.7285851 ] } },
{ "type": "Feature", "properties": { "element": "node", "id": 1811099766, "highway": "traffic_signals", "traffic_signals": null, "traffic_signals:direction": "forward", "button_operated": null, "check_date:tactile_paving": null, "crossing": null, "source": null, "tactile_paving": null, "traffic_signals:sound": null, "traffic_signals:vibration": null, "direction": null, "traffic_calming": null, "description": null, "man_made": null, "ele": null, "ele:DHHN92": null, "barrier": null, "note": null, "bicycle": null, "stop": null, "red_turn:right:bicycle": null, "red_turn:right": null, "old_name": null, "u": 26667837, "v": 26667835, "key": 0 }, "geometry": { "type": "Point", "coordinates": [ 7.0900548, 50.7314714 ] } },
{ "type": "Feature", "properties": { "element": "node", "id": 1811099766, "highway": "traffic_signals", "traffic_signals": null, "traffic_signals:direction": "forward", "button_operated": null, "check_date:tactile_paving": null, "crossing": null, "source": null, "tactile_paving": null, "traffic_signals:sound": null, "traffic_signals:vibration": null, "direction": null, "traffic_calming": null, "description": null, "man_made": null, "ele": null, "ele:DHHN92": null, "barrier": null, "note": null, "bicycle": null, "stop": null, "red_turn:right:bicycle": null, "red_turn:right": null, "old_name": null, "u": 26667835, "v": 26667837, "key": 0 }, "geometry": { "type": "Point", "coordinates": [ 7.0900548, 50.7314714 ] } },
{ "type": "Feature", "properties": { "element": "node", "id": 1813628056, "highway": "traffic_signals", "traffic_signals": null, "traffic_signals:direction": null, "button_operated": "yes", "check_date:tactile_paving": null, "crossing": "traffic_signals", "source": null, "tactile_paving": "no", "traffic_signals:sound": "no", "traffic_signals:vibration": "no", "direction": null, "traffic_calming": null, "description": null, "man_made": null, "ele": null, "ele:DHHN92": null, "barrier": null, "note": null, "bicycle": null, "stop": null, "red_turn:right:bicycle": null, "red_turn:right": null, "old_name": null, "u": 31768433, "v": 27381036, "key": 0 }, "geometry": { "type": "Point", "coordinates": [ 7.0671871, 50.7129834 ] } },
{ "type": "Feature", "properties": { "element": "node", "id": 1813628056, "highway": "traffic_signals", "traffic_signals": null, "traffic_signals:direction": null, "button_operated": "yes", "check_date:tactile_paving": null, "crossing": "traffic_signals", "source": null, "tactile_paving": "no", "traffic_signals:sound": "no", "traffic_signals:vibration": "no", "direction": null, "traffic_calming": null, "description": null, "man_made": null, "ele": null, "ele:DHHN92": null, "barrier": null, "note": null, "bicycle": null, "stop": null, "red_turn:right:bicycle": null, "red_turn:right": null, "old_name": null, "u": 27381036, "v": 31768433, "key": 0 }, "geometry": { "type": "Point", "coordinates": [ 7.0671871, 50.7129834 ] } },
{ "type": "Feature", "properties": { "element": "node", "id": 1813628070, "highway": "traffic_signals", "traffic_signals": null, "traffic_signals:direction": null, "button_operated": null, "check_date:tactile_paving": null, "crossing": null, "source": null, "tactile_paving": null, "traffic_signals:sound": null, "traffic_signals:vibration": null, "direction": null, "traffic_calming": null, "description": null, "man_made": null, "ele": null, "ele:DHHN92": null, "barrier": null, "note": null, "bicycle": null, "stop": null, "red_turn:right:bicycle": null, "red_turn:right": null, "old_name": null, "u": 1366910214, "v": 9067271648, "key": 0 }, "geometry": { "type": "Point", "coordinates": [ 7.0675366, 50.7148205 ] } },
{ "type": "Feature", "properties": { "element": "node", "id": 1813707164, "highway": "traffic_signals", "traffic_signals": null, "traffic_signals:direction": null, "button_operated": null, "check_date:tactile_paving": null, "crossing": null, "source": null, "tactile_paving": null, "traffic_signals:sound": null, "traffic_signals:vibration": null, "direction": null, "traffic_calming": null, "description": null, "man_made": null, "ele": null, "ele:DHHN92": null, "barrier": null, "note": null, "bicycle": null, "stop": null, "red_turn:right:bicycle": null, "red_turn:right": null, "old_name": null, "u": 1813707175, "v": 31728784, "key": 0 }, "geometry": { "type": "Point", "coordinates": [ 7.0934726, 50.7360561 ] } },
{ "type": "Feature", "properties": { "element": "node", "id": 1813731103, "highway": "traffic_signals", "traffic_signals": null, "traffic_signals:direction": null, "button_operated": null, "check_date:tactile_paving": null, "crossing": null, "source": null, "tactile_paving": null, "traffic_signals:sound": null, "traffic_signals:vibration": null, "direction": null, "traffic_calming": null, "description": null, "man_made": null, "ele": null, "ele:DHHN92": null, "barrier": null, "note": null, "bicycle": null, "stop": null, "red_turn:right:bicycle": null, "red_turn:right": null, "old_name": null, "u": 6818174927, "v": 12635612196, "key": 0 }, "geometry": { "type": "Point", "coordinates": [ 7.0960806, 50.7367497 ] } },
{ "type": "Feature", "properties": { "element": "node", "id": 1813731128, "highway": "traffic_signals", "traffic_signals": null, "traffic_signals:direction": null, "button_operated": null, "check_date:tactile_paving": null, "crossing": null, "source": null, "tactile_paving": null, "traffic_signals:sound": null, "traffic_signals:vibration": null, "direction": null, "traffic_calming": null, "description": null, "man_made": null, "ele": null, "ele:DHHN92": null, "barrier": null, "note": null, "bicycle": null, "stop": null, "red_turn:right:bicycle": null, "red_turn:right": null, "old_name": null, "u": 26606287, "v": 26606306, "key": 0 }, "geometry": { "type": "Point", "coordinates": [ 7.0963282, 50.7370908 ] } },
{ "type": "Feature", "properties": { "element": "node", "id": 1820834741, "highway": "traffic_signals", "traffic_signals": null, "traffic_signals:direction": null, "button_operated": null, "check_date:tactile_paving": null, "crossing": null, "source": null, "tactile_paving": null, "traffic_signals:sound": null, "traffic_signals:vibration": null, "direction": null, "traffic_calming": null, "description": null, "man_made": null, "ele": null, "ele:DHHN92": null, "barrier": null, "note": null, "bicycle": null, "stop": null, "red_turn:right:bicycle": null, "red_turn:right": null, "old_name": null, "u": 26667851, "v": 1820834741, "key": 0 }, "geometry": { "type": "Point", "coordinates": [ 7.0949437, 50.7331081 ] } },
{ "type": "Feature", "properties": { "element": "node", "id": 1820834741, "highway": "traffic_signals", "traffic_signals": null, "traffic_signals:direction": null, "button_operated": null, "check_date:tactile_paving": null, "crossing": null, "source": null, "tactile_paving": null, "traffic_signals:sound": null, "traffic_signals:vibration": null, "direction": null, "traffic_calming": null, "description": null, "man_made": null, "ele": null, "ele:DHHN92": null, "barrier": null, "note": null, "bicycle": null, "stop": null, "red_turn:right:bicycle": null, "red_turn:right": null, "old_name": null, "u": 1820834741, "v": 150982887, "key": 0 }, "geometry": { "type": "Point", "coordinates": [ 7.0949437, 50.7331081 ] } },
{ "type": "Feature", "properties": { "element": "node", "id": 1820834741, "highway": "traffic_signals", "traffic_signals": null, "traffic_signals:direction": null, "button_operated": null, "check_date:tactile_paving": null, "crossing": null, "source": null, "tactile_paving": null, "traffic_signals:sound": null, "traffic_signals:vibration": null, "direction": null, "traffic_calming": null, "description": null, "man_made": null, "ele": null, "ele:DHHN92": null, "barrier": null, "note": null, "bicycle": null, "stop": null, "red_turn:right:bicycle": null, "red_turn:right": null, "old_name": null, "u": 1820834741, "v": 1820834756, "key": 0 }, "geometry": { "type": "Point", "coordinates": [ 7.0949437, 50.7331081 ] } },
{ "type": "Feature", "properties": { "element": "node", "id": 1821079384, "highway": "traffic_signals", "traffic_signals": null, "traffic_signals:direction": null, "button_operated": null, "check_date:tactile_paving": null, "crossing": null, "source": null, "tactile_paving": null, "traffic_signals:sound": null, "traffic_signals:vibration": null, "direction": null, "traffic_calming": null, "description": null, "man_made": null, "ele": null, "ele:DHHN92": null, "barrier": null, "note": null, "bicycle": null, "stop": null, "red_turn:right:bicycle": null, "red_turn:right": null, "old_name": null, "u": 1821079384, "v": 1821079367, "key": 0 }, "geometry": { "type": "Point", "coordinates": [ 7.0926168, 50.7265512 ] } },
{ "type": "Feature", "properties": { "element": "node", "id": 1821079384, "highway": "traffic_signals", "traffic_signals": null, "traffic_signals:direction": null, "button_operated": null, "check_date:tactile_paving": null, "crossing": null, "source": null, "tactile_paving": null, "traffic_signals:sound": null, "traffic_signals:vibration": null, "direction": null, "traffic_calming": null, "description": null, "man_made": null, "ele": null, "ele:DHHN92": null, "barrier": null, "note": null, "bicycle": null, "stop": null, "red_turn:right:bicycle": null, "red_turn:right": null, "old_name": null, "u": 1821079367, "v": 1821079384, "key": 0 }, "geometry": { "type": "Point", "coordinates": [ 7.0926168, 50.7265512 ] } },
{ "type": "Feature", "properties": { "element": "node", "id": 1821079384, "highway": "traffic_signals", "traffic_signals": null, "traffic_signals:direction": null, "button_operated": null, "check_date:tactile_paving": null, "crossing": null, "source": null, "tactile_paving": null, "traffic_signals:sound": null, "traffic_signals:vibration": null, "direction": null, "traffic_calming": null, "description": null, "man_made": null, "ele": null, "ele:DHHN92": null, "barrier": null, "note": null, "bicycle": null, "stop": null, "red_turn:right:bicycle": null, "red_turn:right": null, "old_name": null, "u": 294141668, "v": 1821079384, "key": 0 }, "geometry": { "type": "Point", "coordinates": [ 7.0926168, 50.7265512 ] } },
{ "type": "Feature", "properties": { "element": "node", "id": 1821079384, "highway": "traffic_signals", "traffic_signals": null, "traffic_signals:direction": null, "button_operated": null, "check_date:tactile_paving": null, "crossing": null, "source": null, "tactile_paving": null, "traffic_signals:sound": null, "traffic_signals:vibration": null, "direction": null, "traffic_calming": null, "description": null, "man_made": null, "ele": null, "ele:DHHN92": null, "barrier": null, "note": null, "bicycle": null, "stop": null, "red_turn:right:bicycle": null, "red_turn:right": null, "old_name": null, "u": 1821079384, "v": 294141668, "key": 0 }, "geometry": { "type": "Point", "coordinates": [ 7.0926168, 50.7265512 ] } },
{ "type": "Feature", "properties": { "element": "node", "id": 1821079384, "highway": "traffic_signals", "traffic_signals": null, "traffic_signals:direction": null, "button_operated": null, "check_date:tactile_paving": null, "crossing": null, "source": null, "tactile_paving": null, "traffic_signals:sound": null, "traffic_signals:vibration": null, "direction": null, "traffic_calming": null, "description": null, "man_made": null, "ele": null, "ele:DHHN92": null, "barrier": null, "note": null, "bicycle": null, "stop": null, "red_turn:right:bicycle": null, "red_turn:right": null, "old_name": null, "u": 1821079384, "v": 78614546, "key": 0 }, "geometry": { "type": "Point", "coordinates": [ 7.0926168, 50.7265512 ] } },
{ "type": "Feature", "properties": { "element": "node", "id": 1821079384, "highway": "traffic_signals", "traffic_signals": null, "traffic_signals:direction": null, "button_operated": null, "check_date:tactile_paving": null, "crossing": null, "source": null, "tactile_paving": null, "traffic_signals:sound": null, "traffic_signals:vibration": null, "direction": null, "traffic_calming": null, "description": null, "man_made": null, "ele": null, "ele:DHHN92": null, "barrier": null, "note": null, "bicycle": null, "stop": null, "red_turn:right:bicycle": null, "red_turn:right": null, "old_name": null, "u": 78614546, "v": 1821079384, "key": 0 }, "geometry": { "type": "Point", "coordinates": [ 7.0926168, 50.7265512 ] } },
{ "type": "Feature", "properties": { "element": "node", "id": 1821574839, "highway": "traffic_signals", "traffic_signals": null, "traffic_signals:direction": null, "button_operated": null, "check_date:tactile_paving": null, "crossing": null, "source": null, "tactile_paving": null, "traffic_signals:sound": null, "traffic_signals:vibration": null, "direction": null, "traffic_calming": null, "description": null, "man_made": null, "ele": null, "ele:DHHN92": null, "barrier": null, "note": null, "bicycle": null, "stop": null, "red_turn:right:bicycle": null, "red_turn:right": null, "old_name": null, "u": 2088564901, "v": 26671368, "key": 0 }, "geometry": { "type": "Point", "coordinates": [ 7.1215206, 50.7160759 ] } },
{ "type": "Feature", "properties": { "element": "node", "id": 1821574898, "highway": "traffic_signals", "traffic_signals": null, "traffic_signals:direction": null, "button_operated": null, "check_date:tactile_paving": null, "crossing": null, "source": null, "tactile_paving": null, "traffic_signals:sound": null, "traffic_signals:vibration": null, "direction": null, "traffic_calming": null, "description": null, "man_made": null, "ele": null, "ele:DHHN92": null, "barrier": null, "note": null, "bicycle": null, "stop": null, "red_turn:right:bicycle": null, "red_turn:right": null, "old_name": null, "u": 84401369, "v": 252346519, "key": 0 }, "geometry": { "type": "Point", "coordinates": [ 7.107468, 50.7316554 ] } },
{ "type": "Feature", "properties": { "element": "node", "id": 1821574899, "highway": "traffic_signals", "traffic_signals": null, "traffic_signals:direction": null, "button_operated": null, "check_date:tactile_paving": null, "crossing": null, "source": null, "tactile_paving": null, "traffic_signals:sound": null, "traffic_signals:vibration": null, "direction": null, "traffic_calming": null, "description": null, "man_made": null, "ele": null, "ele:DHHN92": null, "barrier": null, "note": null, "bicycle": null, "stop": null, "red_turn:right:bicycle": null, "red_turn:right": null, "old_name": null, "u": 26670310, "v": 12474398564, "key": 0 }, "geometry": { "type": "Point", "coordinates": [ 7.1070444, 50.7316965 ] } },
{ "type": "Feature", "properties": { "element": "node", "id": 1821574899, "highway": "traffic_signals", "traffic_signals": null, "traffic_signals:direction": null, "button_operated": null, "check_date:tactile_paving": null, "crossing": null, "source": null, "tactile_paving": null, "traffic_signals:sound": null, "traffic_signals:vibration": null, "direction": null, "traffic_calming": null, "description": null, "man_made": null, "ele": null, "ele:DHHN92": null, "barrier": null, "note": null, "bicycle": null, "stop": null, "red_turn:right:bicycle": null, "red_turn:right": null, "old_name": null, "u": 12474398564, "v": 26670310, "key": 0 }, "geometry": { "type": "Point", "coordinates": [ 7.1070444, 50.7316965 ] } },
{ "type": "Feature", "properties": { "element": "node", "id": 1821574900, "highway": "traffic_signals", "traffic_signals": null, "traffic_signals:direction": null, "button_operated": null, "check_date:tactile_paving": null, "crossing": null, "source": null, "tactile_paving": null, "traffic_signals:sound": null, "traffic_signals:vibration": null, "direction": null, "traffic_calming": null, "description": null, "man_made": null, "ele": null, "ele:DHHN92": null, "barrier": null, "note": null, "bicycle": null, "stop": null, "red_turn:right:bicycle": null, "red_turn:right": null, "old_name": null, "u": 30810814, "v": 26670310, "key": 0 }, "geometry": { "type": "Point", "coordinates": [ 7.1071226, 50.7319471 ] } },
{ "type": "Feature", "properties": { "element": "node", "id": 1829479883, "highway": "traffic_signals", "traffic_signals": null, "traffic_signals:direction": null, "button_operated": null, "check_date:tactile_paving": null, "crossing": null, "source": null, "tactile_paving": null, "traffic_signals:sound": null, "traffic_signals:vibration": null, "direction": null, "traffic_calming": null, "description": null, "man_made": null, "ele": null, "ele:DHHN92": null, "barrier": null, "note": null, "bicycle": null, "stop": null, "red_turn:right:bicycle": null, "red_turn:right": null, "old_name": null, "u": 27177389, "v": 26667190, "key": 0 }, "geometry": { "type": "Point", "coordinates": [ 7.073725, 50.7279186 ] } },
{ "type": "Feature", "properties": { "element": "node", "id": 1829479886, "highway": "traffic_signals", "traffic_signals": null, "traffic_signals:direction": null, "button_operated": null, "check_date:tactile_paving": null, "crossing": null, "source": null, "tactile_paving": null, "traffic_signals:sound": null, "traffic_signals:vibration": null, "direction": null, "traffic_calming": null, "description": null, "man_made": null, "ele": null, "ele:DHHN92": null, "barrier": null, "note": null, "bicycle": null, "stop": null, "red_turn:right:bicycle": null, "red_turn:right": null, "old_name": null, "u": 26372997, "v": 27177389, "key": 0 }, "geometry": { "type": "Point", "coordinates": [ 7.0733173, 50.7280601 ] } },
{ "type": "Feature", "properties": { "element": "node", "id": 1829479916, "highway": "traffic_signals", "traffic_signals": null, "traffic_signals:direction": null, "button_operated": null, "check_date:tactile_paving": null, "crossing": null, "source": null, "tactile_paving": null, "traffic_signals:sound": null, "traffic_signals:vibration": null, "direction": null, "traffic_calming": null, "description": null, "man_made": null, "ele": null, "ele:DHHN92": null, "barrier": null, "note": null, "bicycle": null, "stop": null, "red_turn:right:bicycle": null, "red_turn:right": null, "old_name": null, "u": 26373010, "v": 26402267, "key": 0 }, "geometry": { "type": "Point", "coordinates": [ 7.0819611, 50.7320727 ] } },
{ "type": "Feature", "properties": { "element": "node", "id": 1829479917, "highway": "traffic_signals", "traffic_signals": null, "traffic_signals:direction": null, "button_operated": null, "check_date:tactile_paving": null, "crossing": null, "source": null, "tactile_paving": null, "traffic_signals:sound": null, "traffic_signals:vibration": null, "direction": null, "traffic_calming": null, "description": null, "man_made": null, "ele": null, "ele:DHHN92": null, "barrier": null, "note": null, "bicycle": null, "stop": null, "red_turn:right:bicycle": null, "red_turn:right": null, "old_name": null, "u": 26402247, "v": 26402267, "key": 0 }, "geometry": { "type": "Point", "coordinates": [ 7.0820979, 50.7322206 ] } },
{ "type": "Feature", "properties": { "element": "node", "id": 1829479918, "highway": "traffic_signals", "traffic_signals": null, "traffic_signals:direction": null, "button_operated": null, "check_date:tactile_paving": null, "crossing": null, "source": null, "tactile_paving": null, "traffic_signals:sound": null, "traffic_signals:vibration": null, "direction": null, "traffic_calming": null, "description": null, "man_made": null, "ele": null, "ele:DHHN92": null, "barrier": null, "note": null, "bicycle": null, "stop": null, "red_turn:right:bicycle": null, "red_turn:right": null, "old_name": null, "u": 26402247, "v": 26373032, "key": 0 }, "geometry": { "type": "Point", "coordinates": [ 7.082041, 50.7322373 ] } },
{ "type": "Feature", "properties": { "element": "node", "id": 1829511481, "highway": "traffic_signals", "traffic_signals": null, "traffic_signals:direction": null, "button_operated": null, "check_date:tactile_paving": null, "crossing": null, "source": null, "tactile_paving": null, "traffic_signals:sound": null, "traffic_signals:vibration": null, "direction": null, "traffic_calming": null, "description": null, "man_made": null, "ele": null, "ele:DHHN92": null, "barrier": null, "note": null, "bicycle": null, "stop": null, "red_turn:right:bicycle": null, "red_turn:right": null, "old_name": null, "u": 439166630, "v": 439166653, "key": 0 }, "geometry": { "type": "Point", "coordinates": [ 7.0977146, 50.7296245 ] } },
{ "type": "Feature", "properties": { "element": "node", "id": 1829511484, "highway": "traffic_signals", "traffic_signals": null, "traffic_signals:direction": null, "button_operated": null, "check_date:tactile_paving": null, "crossing": null, "source": null, "tactile_paving": null, "traffic_signals:sound": null, "traffic_signals:vibration": null, "direction": null, "traffic_calming": null, "description": null, "man_made": null, "ele": null, "ele:DHHN92": null, "barrier": null, "note": null, "bicycle": null, "stop": null, "red_turn:right:bicycle": null, "red_turn:right": null, "old_name": null, "u": 26898805, "v": 26898807, "key": 0 }, "geometry": { "type": "Point", "coordinates": [ 7.0974456, 50.7297361 ] } },
{ "type": "Feature", "properties": { "element": "node", "id": 1829511486, "highway": "traffic_signals", "traffic_signals": null, "traffic_signals:direction": null, "button_operated": null, "check_date:tactile_paving": null, "crossing": null, "source": null, "tactile_paving": null, "traffic_signals:sound": null, "traffic_signals:vibration": null, "direction": null, "traffic_calming": null, "description": null, "man_made": null, "ele": null, "ele:DHHN92": null, "barrier": null, "note": null, "bicycle": null, "stop": null, "red_turn:right:bicycle": null, "red_turn:right": null, "old_name": null, "u": 26662952, "v": 439166653, "key": 0 }, "geometry": { "type": "Point", "coordinates": [ 7.0977247, 50.7298131 ] } },
{ "type": "Feature", "properties": { "element": "node", "id": 1870123400, "highway": "traffic_signals", "traffic_signals": null, "traffic_signals:direction": null, "button_operated": null, "check_date:tactile_paving": null, "crossing": null, "source": null, "tactile_paving": null, "traffic_signals:sound": null, "traffic_signals:vibration": null, "direction": null, "traffic_calming": null, "description": null, "man_made": null, "ele": null, "ele:DHHN92": null, "barrier": null, "note": null, "bicycle": null, "stop": null, "red_turn:right:bicycle": null, "red_turn:right": null, "old_name": null, "u": 99365798, "v": 26508623, "key": 0 }, "geometry": { "type": "Point", "coordinates": [ 7.1180249, 50.7392285 ] } },
{ "type": "Feature", "properties": { "element": "node", "id": 1870123405, "highway": "traffic_signals", "traffic_signals": null, "traffic_signals:direction": null, "button_operated": null, "check_date:tactile_paving": null, "crossing": null, "source": null, "tactile_paving": null, "traffic_signals:sound": null, "traffic_signals:vibration": null, "direction": null, "traffic_calming": null, "description": null, "man_made": null, "ele": null, "ele:DHHN92": null, "barrier": null, "note": null, "bicycle": null, "stop": null, "red_turn:right:bicycle": null, "red_turn:right": null, "old_name": null, "u": 50077637, "v": 5846619003, "key": 0 }, "geometry": { "type": "Point", "coordinates": [ 7.1171973, 50.7393457 ] } },
{ "type": "Feature", "properties": { "element": "node", "id": 1870123411, "highway": "traffic_signals", "traffic_signals": null, "traffic_signals:direction": null, "button_operated": null, "check_date:tactile_paving": null, "crossing": null, "source": null, "tactile_paving": null, "traffic_signals:sound": null, "traffic_signals:vibration": null, "direction": null, "traffic_calming": null, "description": null, "man_made": null, "ele": null, "ele:DHHN92": null, "barrier": null, "note": null, "bicycle": null, "stop": null, "red_turn:right:bicycle": null, "red_turn:right": null, "old_name": null, "u": 26508623, "v": 26508625, "key": 0 }, "geometry": { "type": "Point", "coordinates": [ 7.1196032, 50.7403823 ] } },
{ "type": "Feature", "properties": { "element": "node", "id": 1870123414, "highway": "traffic_signals", "traffic_signals": null, "traffic_signals:direction": null, "button_operated": null, "check_date:tactile_paving": null, "crossing": null, "source": null, "tactile_paving": null, "traffic_signals:sound": null, "traffic_signals:vibration": null, "direction": null, "traffic_calming": null, "description": null, "man_made": null, "ele": null, "ele:DHHN92": null, "barrier": null, "note": null, "bicycle": null, "stop": null, "red_turn:right:bicycle": null, "red_turn:right": null, "old_name": null, "u": 194143589, "v": 26508677, "key": 0 }, "geometry": { "type": "Point", "coordinates": [ 7.1195538, 50.7405401 ] } },
{ "type": "Feature", "properties": { "element": "node", "id": 1870123416, "highway": "traffic_signals", "traffic_signals": null, "traffic_signals:direction": null, "button_operated": null, "check_date:tactile_paving": null, "crossing": null, "source": null, "tactile_paving": null, "traffic_signals:sound": null, "traffic_signals:vibration": null, "direction": null, "traffic_calming": null, "description": null, "man_made": null, "ele": null, "ele:DHHN92": null, "barrier": null, "note": null, "bicycle": null, "stop": null, "red_turn:right:bicycle": null, "red_turn:right": null, "old_name": null, "u": 253071456, "v": 26508625, "key": 0 }, "geometry": { "type": "Point", "coordinates": [ 7.1198332, 50.7407052 ] } },
{ "type": "Feature", "properties": { "element": "node", "id": 1870123420, "highway": "traffic_signals", "traffic_signals": null, "traffic_signals:direction": "forward", "button_operated": null, "check_date:tactile_paving": null, "crossing": null, "source": null, "tactile_paving": null, "traffic_signals:sound": null, "traffic_signals:vibration": null, "direction": null, "traffic_calming": null, "description": null, "man_made": null, "ele": null, "ele:DHHN92": null, "barrier": null, "note": null, "bicycle": null, "stop": null, "red_turn:right:bicycle": null, "red_turn:right": null, "old_name": null, "u": 31944341, "v": 31944325, "key": 0 }, "geometry": { "type": "Point", "coordinates": [ 7.1204854, 50.7413062 ] } },
{ "type": "Feature", "properties": { "element": "node", "id": 1870948941, "highway": "traffic_signals", "traffic_signals": null, "traffic_signals:direction": "forward", "button_operated": null, "check_date:tactile_paving": null, "crossing": null, "source": null, "tactile_paving": null, "traffic_signals:sound": null, "traffic_signals:vibration": null, "direction": null, "traffic_calming": null, "description": null, "man_made": null, "ele": null, "ele:DHHN92": null, "barrier": null, "note": null, "bicycle": null, "stop": null, "red_turn:right:bicycle": null, "red_turn:right": null, "old_name": null, "u": 203927258, "v": 5541430696, "key": 0 }, "geometry": { "type": "Point", "coordinates": [ 7.1396207, 50.7519986 ] } },
{ "type": "Feature", "properties": { "element": "node", "id": 1870948941, "highway": "traffic_signals", "traffic_signals": null, "traffic_signals:direction": "forward", "button_operated": null, "check_date:tactile_paving": null, "crossing": null, "source": null, "tactile_paving": null, "traffic_signals:sound": null, "traffic_signals:vibration": null, "direction": null, "traffic_calming": null, "description": null, "man_made": null, "ele": null, "ele:DHHN92": null, "barrier": null, "note": null, "bicycle": null, "stop": null, "red_turn:right:bicycle": null, "red_turn:right": null, "old_name": null, "u": 5541430696, "v": 203927258, "key": 0 }, "geometry": { "type": "Point", "coordinates": [ 7.1396207, 50.7519986 ] } },
{ "type": "Feature", "properties": { "element": "node", "id": 1870948951, "highway": "traffic_signals", "traffic_signals": null, "traffic_signals:direction": "forward", "button_operated": null, "check_date:tactile_paving": null, "crossing": null, "source": null, "tactile_paving": null, "traffic_signals:sound": null, "traffic_signals:vibration": null, "direction": null, "traffic_calming": null, "description": null, "man_made": null, "ele": null, "ele:DHHN92": null, "barrier": null, "note": null, "bicycle": null, "stop": null, "red_turn:right:bicycle": null, "red_turn:right": null, "old_name": null, "u": 203927258, "v": 5541430696, "key": 0 }, "geometry": { "type": "Point", "coordinates": [ 7.1432558, 50.7521126 ] } },
{ "type": "Feature", "properties": { "element": "node", "id": 1870948951, "highway": "traffic_signals", "traffic_signals": null, "traffic_signals:direction": "forward", "button_operated": null, "check_date:tactile_paving": null, "crossing": null, "source": null, "tactile_paving": null, "traffic_signals:sound": null, "traffic_signals:vibration": null, "direction": null, "traffic_calming": null, "description": null, "man_made": null, "ele": null, "ele:DHHN92": null, "barrier": null, "note": null, "bicycle": null, "stop": null, "red_turn:right:bicycle": null, "red_turn:right": null, "old_name": null, "u": 5541430696, "v": 203927258, "key": 0 }, "geometry": { "type": "Point", "coordinates": [ 7.1432558, 50.7521126 ] } },
{ "type": "Feature", "properties": { "element": "node", "id": 1879107571, "highway": "traffic_signals", "traffic_signals": "tram_priority", "traffic_signals:direction": null, "button_operated": null, "check_date:tactile_paving": null, "crossing": null, "source": null, "tactile_paving": null, "traffic_signals:sound": null, "traffic_signals:vibration": null, "direction": null, "traffic_calming": null, "description": null, "man_made": null, "ele": null, "ele:DHHN92": null, "barrier": null, "note": null, "bicycle": null, "stop": null, "red_turn:right:bicycle": null, "red_turn:right": null, "old_name": null, "u": 1475394985, "v": 1763396837, "key": 0 }, "geometry": { "type": "Point", "coordinates": [ 7.1040806, 50.722153 ] } },
{ "type": "Feature", "properties": { "element": "node", "id": 1879107586, "highway": "traffic_signals", "traffic_signals": null, "traffic_signals:direction": null, "button_operated": null, "check_date:tactile_paving": null, "crossing": null, "source": null, "tactile_paving": null, "traffic_signals:sound": null, "traffic_signals:vibration": null, "direction": null, "traffic_calming": null, "description": null, "man_made": null, "ele": null, "ele:DHHN92": null, "barrier": null, "note": null, "bicycle": null, "stop": null, "red_turn:right:bicycle": null, "red_turn:right": null, "old_name": null, "u": 1475394985, "v": 27412034, "key": 0 }, "geometry": { "type": "Point", "coordinates": [ 7.1038122, 50.7233291 ] } },
{ "type": "Feature", "properties": { "element": "node", "id": 1879107586, "highway": "traffic_signals", "traffic_signals": null, "traffic_signals:direction": null, "button_operated": null, "check_date:tactile_paving": null, "crossing": null, "source": null, "tactile_paving": null, "traffic_signals:sound": null, "traffic_signals:vibration": null, "direction": null, "traffic_calming": null, "description": null, "man_made": null, "ele": null, "ele:DHHN92": null, "barrier": null, "note": null, "bicycle": null, "stop": null, "red_turn:right:bicycle": null, "red_turn:right": null, "old_name": null, "u": 27412034, "v": 1475394985, "key": 0 }, "geometry": { "type": "Point", "coordinates": [ 7.1038122, 50.7233291 ] } },
{ "type": "Feature", "properties": { "element": "node", "id": 1879256229, "highway": "traffic_signals", "traffic_signals": null, "traffic_signals:direction": "forward", "button_operated": null, "check_date:tactile_paving": null, "crossing": null, "source": null, "tactile_paving": null, "traffic_signals:sound": null, "traffic_signals:vibration": null, "direction": null, "traffic_calming": null, "description": null, "man_made": null, "ele": null, "ele:DHHN92": null, "barrier": null, "note": null, "bicycle": null, "stop": null, "red_turn:right:bicycle": null, "red_turn:right": null, "old_name": null, "u": 240094370, "v": 1436327181, "key": 0 }, "geometry": { "type": "Point", "coordinates": [ 7.1087808, 50.7127083 ] } },
{ "type": "Feature", "properties": { "element": "node", "id": 1885260866, "highway": "traffic_signals", "traffic_signals": null, "traffic_signals:direction": null, "button_operated": null, "check_date:tactile_paving": null, "crossing": null, "source": null, "tactile_paving": null, "traffic_signals:sound": null, "traffic_signals:vibration": null, "direction": null, "traffic_calming": null, "description": null, "man_made": null, "ele": null, "ele:DHHN92": null, "barrier": null, "note": null, "bicycle": null, "stop": null, "red_turn:right:bicycle": null, "red_turn:right": null, "old_name": null, "u": 1600929834, "v": 1600929853, "key": 0 }, "geometry": { "type": "Point", "coordinates": [ 7.135125, 50.7031475 ] } },
{ "type": "Feature", "properties": { "element": "node", "id": 1885260867, "highway": "traffic_signals", "traffic_signals": null, "traffic_signals:direction": null, "button_operated": null, "check_date:tactile_paving": null, "crossing": null, "source": null, "tactile_paving": null, "traffic_signals:sound": null, "traffic_signals:vibration": null, "direction": null, "traffic_calming": null, "description": null, "man_made": null, "ele": null, "ele:DHHN92": null, "barrier": null, "note": null, "bicycle": null, "stop": null, "red_turn:right:bicycle": null, "red_turn:right": null, "old_name": null, "u": 1600929854, "v": 1600929852, "key": 0 }, "geometry": { "type": "Point", "coordinates": [ 7.1350209, 50.703249 ] } },
{ "type": "Feature", "properties": { "element": "node", "id": 1885260868, "highway": "traffic_signals", "traffic_signals": null, "traffic_signals:direction": null, "button_operated": null, "check_date:tactile_paving": null, "crossing": null, "source": null, "tactile_paving": null, "traffic_signals:sound": null, "traffic_signals:vibration": null, "direction": null, "traffic_calming": null, "description": null, "man_made": null, "ele": null, "ele:DHHN92": null, "barrier": null, "note": null, "bicycle": null, "stop": null, "red_turn:right:bicycle": null, "red_turn:right": null, "old_name": null, "u": 11883783, "v": 1600929852, "key": 0 }, "geometry": { "type": "Point", "coordinates": [ 7.1347473, 50.7033286 ] } },
{ "type": "Feature", "properties": { "element": "node", "id": 1885260870, "highway": "traffic_signals", "traffic_signals": null, "traffic_signals:direction": null, "button_operated": null, "check_date:tactile_paving": null, "crossing": null, "source": null, "tactile_paving": null, "traffic_signals:sound": null, "traffic_signals:vibration": null, "direction": null, "traffic_calming": null, "description": null, "man_made": null, "ele": null, "ele:DHHN92": null, "barrier": null, "note": null, "bicycle": null, "stop": null, "red_turn:right:bicycle": null, "red_turn:right": "yes", "old_name": null, "u": 9727619408, "v": 4439386794, "key": 0 }, "geometry": { "type": "Point", "coordinates": [ 7.1352664, 50.7033855 ] } },
{ "type": "Feature", "properties": { "element": "node", "id": 1888224104, "highway": "traffic_signals", "traffic_signals": null, "traffic_signals:direction": null, "button_operated": null, "check_date:tactile_paving": null, "crossing": null, "source": null, "tactile_paving": null, "traffic_signals:sound": null, "traffic_signals:vibration": null, "direction": null, "traffic_calming": null, "description": null, "man_made": null, "ele": null, "ele:DHHN92": null, "barrier": null, "note": null, "bicycle": null, "stop": null, "red_turn:right:bicycle": null, "red_turn:right": null, "old_name": null, "u": 175826044, "v": 175824772, "key": 0 }, "geometry": { "type": "Point", "coordinates": [ 7.1209191, 50.716023 ] } },
{ "type": "Feature", "properties": { "element": "node", "id": 1888224119, "highway": "traffic_signals", "traffic_signals": null, "traffic_signals:direction": null, "button_operated": null, "check_date:tactile_paving": null, "crossing": null, "source": null, "tactile_paving": null, "traffic_signals:sound": null, "traffic_signals:vibration": null, "direction": null, "traffic_calming": null, "description": null, "man_made": null, "ele": null, "ele:DHHN92": null, "barrier": null, "note": null, "bicycle": null, "stop": null, "red_turn:right:bicycle": null, "red_turn:right": null, "old_name": null, "u": 31768084, "v": 26670337, "key": 0 }, "geometry": { "type": "Point", "coordinates": [ 7.1209165, 50.7163247 ] } },
{ "type": "Feature", "properties": { "element": "node", "id": 1888224123, "highway": "traffic_signals", "traffic_signals": null, "traffic_signals:direction": "forward", "button_operated": null, "check_date:tactile_paving": null, "crossing": null, "source": null, "tactile_paving": null, "traffic_signals:sound": null, "traffic_signals:vibration": null, "direction": null, "traffic_calming": null, "description": null, "man_made": null, "ele": null, "ele:DHHN92": null, "barrier": null, "note": null, "bicycle": null, "stop": null, "red_turn:right:bicycle": null, "red_turn:right": null, "old_name": null, "u": 308836466, "v": 26671368, "key": 0 }, "geometry": { "type": "Point", "coordinates": [ 7.1215296, 50.716348 ] } },
{ "type": "Feature", "properties": { "element": "node", "id": 1888224123, "highway": "traffic_signals", "traffic_signals": null, "traffic_signals:direction": "forward", "button_operated": null, "check_date:tactile_paving": null, "crossing": null, "source": null, "tactile_paving": null, "traffic_signals:sound": null, "traffic_signals:vibration": null, "direction": null, "traffic_calming": null, "description": null, "man_made": null, "ele": null, "ele:DHHN92": null, "barrier": null, "note": null, "bicycle": null, "stop": null, "red_turn:right:bicycle": null, "red_turn:right": null, "old_name": null, "u": 26671368, "v": 308836466, "key": 0 }, "geometry": { "type": "Point", "coordinates": [ 7.1215296, 50.716348 ] } },
{ "type": "Feature", "properties": { "element": "node", "id": 1888550243, "highway": "traffic_signals", "traffic_signals": null, "traffic_signals:direction": null, "button_operated": null, "check_date:tactile_paving": null, "crossing": null, "source": null, "tactile_paving": null, "traffic_signals:sound": null, "traffic_signals:vibration": null, "direction": null, "traffic_calming": null, "description": null, "man_made": null, "ele": null, "ele:DHHN92": null, "barrier": null, "note": null, "bicycle": null, "stop": null, "red_turn:right:bicycle": null, "red_turn:right": null, "old_name": null, "u": 75559167, "v": 1736529896, "key": 0 }, "geometry": { "type": "Point", "coordinates": [ 7.0811531, 50.7532706 ] } },
{ "type": "Feature", "properties": { "element": "node", "id": 1903432125, "highway": "traffic_signals", "traffic_signals": null, "traffic_signals:direction": null, "button_operated": null, "check_date:tactile_paving": null, "crossing": null, "source": null, "tactile_paving": null, "traffic_signals:sound": null, "traffic_signals:vibration": null, "direction": null, "traffic_calming": null, "description": null, "man_made": null, "ele": null, "ele:DHHN92": null, "barrier": null, "note": null, "bicycle": null, "stop": null, "red_turn:right:bicycle": null, "red_turn:right": null, "old_name": null, "u": 86126503, "v": 31768638, "key": 0 }, "geometry": { "type": "Point", "coordinates": [ 7.1172409, 50.7188691 ] } },
{ "type": "Feature", "properties": { "element": "node", "id": 1911057844, "highway": "traffic_signals", "traffic_signals": null, "traffic_signals:direction": null, "button_operated": null, "check_date:tactile_paving": null, "crossing": null, "source": null, "tactile_paving": null, "traffic_signals:sound": null, "traffic_signals:vibration": null, "direction": null, "traffic_calming": null, "description": null, "man_made": null, "ele": null, "ele:DHHN92": null, "barrier": null, "note": null, "bicycle": null, "stop": null, "red_turn:right:bicycle": null, "red_turn:right": null, "old_name": null, "u": 31027891, "v": 1746016296, "key": 0 }, "geometry": { "type": "Point", "coordinates": [ 7.1326739, 50.7141319 ] } },
{ "type": "Feature", "properties": { "element": "node", "id": 1911057847, "highway": "traffic_signals", "traffic_signals": null, "traffic_signals:direction": null, "button_operated": null, "check_date:tactile_paving": null, "crossing": null, "source": null, "tactile_paving": null, "traffic_signals:sound": null, "traffic_signals:vibration": null, "direction": null, "traffic_calming": null, "description": null, "man_made": null, "ele": null, "ele:DHHN92": null, "barrier": null, "note": null, "bicycle": null, "stop": null, "red_turn:right:bicycle": null, "red_turn:right": null, "old_name": null, "u": 583063207, "v": 27353317, "key": 0 }, "geometry": { "type": "Point", "coordinates": [ 7.1331, 50.7141581 ] } },
{ "type": "Feature", "properties": { "element": "node", "id": 1911057859, "highway": "traffic_signals", "traffic_signals": null, "traffic_signals:direction": null, "button_operated": null, "check_date:tactile_paving": null, "crossing": null, "source": null, "tactile_paving": null, "traffic_signals:sound": null, "traffic_signals:vibration": null, "direction": null, "traffic_calming": null, "description": null, "man_made": null, "ele": null, "ele:DHHN92": null, "barrier": null, "note": null, "bicycle": null, "stop": null, "red_turn:right:bicycle": null, "red_turn:right": null, "old_name": null, "u": 30991418, "v": 583062972, "key": 0 }, "geometry": { "type": "Point", "coordinates": [ 7.1326273, 50.7143104 ] } },
{ "type": "Feature", "properties": { "element": "node", "id": 2088564909, "highway": "traffic_signals", "traffic_signals": null, "traffic_signals:direction": null, "button_operated": null, "check_date:tactile_paving": null, "crossing": null, "source": null, "tactile_paving": null, "traffic_signals:sound": null, "traffic_signals:vibration": null, "direction": null, "traffic_calming": null, "description": null, "man_made": null, "ele": null, "ele:DHHN92": null, "barrier": null, "note": null, "bicycle": null, "stop": null, "red_turn:right:bicycle": null, "red_turn:right": null, "old_name": null, "u": 2088564907, "v": 2088564912, "key": 0 }, "geometry": { "type": "Point", "coordinates": [ 7.1240415, 50.7134632 ] } },
{ "type": "Feature", "properties": { "element": "node", "id": 2088564918, "highway": "traffic_signals", "traffic_signals": null, "traffic_signals:direction": null, "button_operated": null, "check_date:tactile_paving": null, "crossing": null, "source": null, "tactile_paving": null, "traffic_signals:sound": null, "traffic_signals:vibration": null, "direction": null, "traffic_calming": null, "description": null, "man_made": null, "ele": null, "ele:DHHN92": null, "barrier": null, "note": null, "bicycle": null, "stop": null, "red_turn:right:bicycle": null, "red_turn:right": null, "old_name": null, "u": 2862295850, "v": 2088564901, "key": 0 }, "geometry": { "type": "Point", "coordinates": [ 7.1246254, 50.7136494 ] } },
{ "type": "Feature", "properties": { "element": "node", "id": 2133045548, "highway": "traffic_signals", "traffic_signals": null, "traffic_signals:direction": null, "button_operated": null, "check_date:tactile_paving": null, "crossing": null, "source": null, "tactile_paving": null, "traffic_signals:sound": null, "traffic_signals:vibration": null, "direction": null, "traffic_calming": null, "description": null, "man_made": null, "ele": null, "ele:DHHN92": null, "barrier": null, "note": null, "bicycle": null, "stop": null, "red_turn:right:bicycle": null, "red_turn:right": null, "old_name": null, "u": 1485292126, "v": 2133045548, "key": 0 }, "geometry": { "type": "Point", "coordinates": [ 7.0785457, 50.7413429 ] } },
{ "type": "Feature", "properties": { "element": "node", "id": 2133045548, "highway": "traffic_signals", "traffic_signals": null, "traffic_signals:direction": null, "button_operated": null, "check_date:tactile_paving": null, "crossing": null, "source": null, "tactile_paving": null, "traffic_signals:sound": null, "traffic_signals:vibration": null, "direction": null, "traffic_calming": null, "description": null, "man_made": null, "ele": null, "ele:DHHN92": null, "barrier": null, "note": null, "bicycle": null, "stop": null, "red_turn:right:bicycle": null, "red_turn:right": null, "old_name": null, "u": 2133045548, "v": 1384142766, "key": 0 }, "geometry": { "type": "Point", "coordinates": [ 7.0785457, 50.7413429 ] } },
{ "type": "Feature", "properties": { "element": "node", "id": 2133045548, "highway": "traffic_signals", "traffic_signals": null, "traffic_signals:direction": null, "button_operated": null, "check_date:tactile_paving": null, "crossing": null, "source": null, "tactile_paving": null, "traffic_signals:sound": null, "traffic_signals:vibration": null, "direction": null, "traffic_calming": null, "description": null, "man_made": null, "ele": null, "ele:DHHN92": null, "barrier": null, "note": null, "bicycle": null, "stop": null, "red_turn:right:bicycle": null, "red_turn:right": null, "old_name": null, "u": 1384142766, "v": 2133045548, "key": 0 }, "geometry": { "type": "Point", "coordinates": [ 7.0785457, 50.7413429 ] } },
{ "type": "Feature", "properties": { "element": "node", "id": 2133045548, "highway": "traffic_signals", "traffic_signals": null, "traffic_signals:direction": null, "button_operated": null, "check_date:tactile_paving": null, "crossing": null, "source": null, "tactile_paving": null, "traffic_signals:sound": null, "traffic_signals:vibration": null, "direction": null, "traffic_calming": null, "description": null, "man_made": null, "ele": null, "ele:DHHN92": null, "barrier": null, "note": null, "bicycle": null, "stop": null, "red_turn:right:bicycle": null, "red_turn:right": null, "old_name": null, "u": 2133045548, "v": 26607730, "key": 0 }, "geometry": { "type": "Point", "coordinates": [ 7.0785457, 50.7413429 ] } },
{ "type": "Feature", "properties": { "element": "node", "id": 2133045548, "highway": "traffic_signals", "traffic_signals": null, "traffic_signals:direction": null, "button_operated": null, "check_date:tactile_paving": null, "crossing": null, "source": null, "tactile_paving": null, "traffic_signals:sound": null, "traffic_signals:vibration": null, "direction": null, "traffic_calming": null, "description": null, "man_made": null, "ele": null, "ele:DHHN92": null, "barrier": null, "note": null, "bicycle": null, "stop": null, "red_turn:right:bicycle": null, "red_turn:right": null, "old_name": null, "u": 26607730, "v": 2133045548, "key": 0 }, "geometry": { "type": "Point", "coordinates": [ 7.0785457, 50.7413429 ] } },
{ "type": "Feature", "properties": { "element": "node", "id": 2133045548, "highway": "traffic_signals", "traffic_signals": null, "traffic_signals:direction": null, "button_operated": null, "check_date:tactile_paving": null, "crossing": null, "source": null, "tactile_paving": null, "traffic_signals:sound": null, "traffic_signals:vibration": null, "direction": null, "traffic_calming": null, "description": null, "man_made": null, "ele": null, "ele:DHHN92": null, "barrier": null, "note": null, "bicycle": null, "stop": null, "red_turn:right:bicycle": null, "red_turn:right": null, "old_name": null, "u": 2133045548, "v": 27146895, "key": 0 }, "geometry": { "type": "Point", "coordinates": [ 7.0785457, 50.7413429 ] } },
{ "type": "Feature", "properties": { "element": "node", "id": 2177863475, "highway": "traffic_signals", "traffic_signals": null, "traffic_signals:direction": null, "button_operated": null, "check_date:tactile_paving": null, "crossing": null, "source": null, "tactile_paving": null, "traffic_signals:sound": null, "traffic_signals:vibration": null, "direction": null, "traffic_calming": null, "description": null, "man_made": null, "ele": null, "ele:DHHN92": null, "barrier": null, "note": null, "bicycle": null, "stop": null, "red_turn:right:bicycle": null, "red_turn:right": null, "old_name": null, "u": 308851955, "v": 1600929834, "key": 0 }, "geometry": { "type": "Point", "coordinates": [ 7.1348522, 50.7029998 ] } },
{ "type": "Feature", "properties": { "element": "node", "id": 2177863476, "highway": "traffic_signals", "traffic_signals": null, "traffic_signals:direction": null, "button_operated": null, "check_date:tactile_paving": null, "crossing": null, "source": null, "tactile_paving": null, "traffic_signals:sound": null, "traffic_signals:vibration": null, "direction": null, "traffic_calming": null, "description": null, "man_made": null, "ele": null, "ele:DHHN92": null, "barrier": null, "note": null, "bicycle": null, "stop": null, "red_turn:right:bicycle": null, "red_turn:right": null, "old_name": null, "u": 11132227, "v": 1600929853, "key": 0 }, "geometry": { "type": "Point", "coordinates": [ 7.1353487, 50.7030587 ] } },
{ "type": "Feature", "properties": { "element": "node", "id": 2177863487, "highway": "traffic_signals", "traffic_signals": null, "traffic_signals:direction": null, "button_operated": null, "check_date:tactile_paving": null, "crossing": null, "source": null, "tactile_paving": null, "traffic_signals:sound": null, "traffic_signals:vibration": null, "direction": null, "traffic_calming": null, "description": null, "man_made": null, "ele": null, "ele:DHHN92": null, "barrier": null, "note": null, "bicycle": null, "stop": null, "red_turn:right:bicycle": null, "red_turn:right": null, "old_name": null, "u": 31496081, "v": 31560552, "key": 0 }, "geometry": { "type": "Point", "coordinates": [ 7.1418516, 50.7051588 ] } },
{ "type": "Feature", "properties": { "element": "node", "id": 2177863488, "highway": "traffic_signals", "traffic_signals": null, "traffic_signals:direction": null, "button_operated": null, "check_date:tactile_paving": null, "crossing": null, "source": null, "tactile_paving": null, "traffic_signals:sound": null, "traffic_signals:vibration": null, "direction": null, "traffic_calming": null, "description": null, "man_made": null, "ele": null, "ele:DHHN92": null, "barrier": null, "note": null, "bicycle": null, "stop": null, "red_turn:right:bicycle": null, "red_turn:right": null, "old_name": null, "u": 31560562, "v": 31496123, "key": 0 }, "geometry": { "type": "Point", "coordinates": [ 7.1421274, 50.705383 ] } },
{ "type": "Feature", "properties": { "element": "node", "id": 2177863490, "highway": "traffic_signals", "traffic_signals": null, "traffic_signals:direction": null, "button_operated": null, "check_date:tactile_paving": null, "crossing": null, "source": null, "tactile_paving": null, "traffic_signals:sound": null, "traffic_signals:vibration": null, "direction": null, "traffic_calming": null, "description": null, "man_made": null, "ele": null, "ele:DHHN92": null, "barrier": null, "note": null, "bicycle": null, "stop": null, "red_turn:right:bicycle": null, "red_turn:right": null, "old_name": null, "u": 987590095, "v": 31560562, "key": 0 }, "geometry": { "type": "Point", "coordinates": [ 7.1444975, 50.7066842 ] } },
{ "type": "Feature", "properties": { "element": "node", "id": 2371594666, "highway": "traffic_signals", "traffic_signals": null, "traffic_signals:direction": null, "button_operated": "yes", "check_date:tactile_paving": null, "crossing": "traffic_signals", "source": null, "tactile_paving": "no", "traffic_signals:sound": "no", "traffic_signals:vibration": "no", "direction": null, "traffic_calming": null, "description": null, "man_made": null, "ele": null, "ele:DHHN92": null, "barrier": null, "note": null, "bicycle": null, "stop": null, "red_turn:right:bicycle": null, "red_turn:right": null, "old_name": null, "u": 26662957, "v": 29830634, "key": 0 }, "geometry": { "type": "Point", "coordinates": [ 7.0879598, 50.7298015 ] } },
{ "type": "Feature", "properties": { "element": "node", "id": 2371594666, "highway": "traffic_signals", "traffic_signals": null, "traffic_signals:direction": null, "button_operated": "yes", "check_date:tactile_paving": null, "crossing": "traffic_signals", "source": null, "tactile_paving": "no", "traffic_signals:sound": "no", "traffic_signals:vibration": "no", "direction": null, "traffic_calming": null, "description": null, "man_made": null, "ele": null, "ele:DHHN92": null, "barrier": null, "note": null, "bicycle": null, "stop": null, "red_turn:right:bicycle": null, "red_turn:right": null, "old_name": null, "u": 29830634, "v": 26662957, "key": 0 }, "geometry": { "type": "Point", "coordinates": [ 7.0879598, 50.7298015 ] } },
{ "type": "Feature", "properties": { "element": "node", "id": 2374986886, "highway": "traffic_signals", "traffic_signals": null, "traffic_signals:direction": null, "button_operated": null, "check_date:tactile_paving": null, "crossing": null, "source": null, "tactile_paving": null, "traffic_signals:sound": null, "traffic_signals:vibration": null, "direction": null, "traffic_calming": null, "description": null, "man_made": null, "ele": null, "ele:DHHN92": null, "barrier": null, "note": null, "bicycle": null, "stop": null, "red_turn:right:bicycle": null, "red_turn:right": null, "old_name": null, "u": 2498991144, "v": 2088564901, "key": 0 }, "geometry": { "type": "Point", "coordinates": [ 7.1247887, 50.713756 ] } },
{ "type": "Feature", "properties": { "element": "node", "id": 2374986897, "highway": "traffic_signals", "traffic_signals": null, "traffic_signals:direction": null, "button_operated": null, "check_date:tactile_paving": null, "crossing": null, "source": null, "tactile_paving": null, "traffic_signals:sound": null, "traffic_signals:vibration": null, "direction": null, "traffic_calming": null, "description": null, "man_made": null, "ele": null, "ele:DHHN92": null, "barrier": null, "note": null, "bicycle": null, "stop": null, "red_turn:right:bicycle": null, "red_turn:right": null, "old_name": null, "u": 2088564912, "v": 26670347, "key": 0 }, "geometry": { "type": "Point", "coordinates": [ 7.1245082, 50.7132307 ] } },
{ "type": "Feature", "properties": { "element": "node", "id": 2376353139, "highway": "traffic_signals", "traffic_signals": null, "traffic_signals:direction": null, "button_operated": null, "check_date:tactile_paving": null, "crossing": null, "source": null, "tactile_paving": null, "traffic_signals:sound": null, "traffic_signals:vibration": null, "direction": null, "traffic_calming": null, "description": null, "man_made": null, "ele": null, "ele:DHHN92": null, "barrier": null, "note": null, "bicycle": null, "stop": null, "red_turn:right:bicycle": null, "red_turn:right": null, "old_name": null, "u": 175824772, "v": 2088564907, "key": 0 }, "geometry": { "type": "Point", "coordinates": [ 7.1239153, 50.7137186 ] } },
{ "type": "Feature", "properties": { "element": "node", "id": 2377053901, "highway": "traffic_signals", "traffic_signals": null, "traffic_signals:direction": null, "button_operated": null, "check_date:tactile_paving": null, "crossing": null, "source": null, "tactile_paving": null, "traffic_signals:sound": null, "traffic_signals:vibration": null, "direction": null, "traffic_calming": null, "description": null, "man_made": null, "ele": null, "ele:DHHN92": null, "barrier": null, "note": null, "bicycle": null, "stop": null, "red_turn:right:bicycle": null, "red_turn:right": null, "old_name": null, "u": 253907292, "v": 2862295850, "key": 0 }, "geometry": { "type": "Point", "coordinates": [ 7.1247242, 50.7133692 ] } },
{ "type": "Feature", "properties": { "element": "node", "id": 2390111622, "highway": "traffic_signals", "traffic_signals": null, "traffic_signals:direction": "forward", "button_operated": null, "check_date:tactile_paving": null, "crossing": null, "source": null, "tactile_paving": null, "traffic_signals:sound": null, "traffic_signals:vibration": null, "direction": null, "traffic_calming": null, "description": null, "man_made": null, "ele": null, "ele:DHHN92": null, "barrier": null, "note": null, "bicycle": null, "stop": null, "red_turn:right:bicycle": null, "red_turn:right": null, "old_name": null, "u": 2390111619, "v": 254046337, "key": 0 }, "geometry": { "type": "Point", "coordinates": [ 7.1398859, 50.7448026 ] } },
{ "type": "Feature", "properties": { "element": "node", "id": 2390111622, "highway": "traffic_signals", "traffic_signals": null, "traffic_signals:direction": "forward", "button_operated": null, "check_date:tactile_paving": null, "crossing": null, "source": null, "tactile_paving": null, "traffic_signals:sound": null, "traffic_signals:vibration": null, "direction": null, "traffic_calming": null, "description": null, "man_made": null, "ele": null, "ele:DHHN92": null, "barrier": null, "note": null, "bicycle": null, "stop": null, "red_turn:right:bicycle": null, "red_turn:right": null, "old_name": null, "u": 254046337, "v": 2390111619, "key": 0 }, "geometry": { "type": "Point", "coordinates": [ 7.1398859, 50.7448026 ] } },
{ "type": "Feature", "properties": { "element": "node", "id": 2390111629, "highway": "traffic_signals", "traffic_signals": null, "traffic_signals:direction": "backward", "button_operated": null, "check_date:tactile_paving": null, "crossing": null, "source": null, "tactile_paving": null, "traffic_signals:sound": null, "traffic_signals:vibration": null, "direction": null, "traffic_calming": null, "description": null, "man_made": null, "ele": null, "ele:DHHN92": null, "barrier": null, "note": null, "bicycle": null, "stop": null, "red_turn:right:bicycle": null, "red_turn:right": null, "old_name": null, "u": 96704094, "v": 33078435, "key": 0 }, "geometry": { "type": "Point", "coordinates": [ 7.1435047, 50.7455859 ] } },
{ "type": "Feature", "properties": { "element": "node", "id": 2390111629, "highway": "traffic_signals", "traffic_signals": null, "traffic_signals:direction": "backward", "button_operated": null, "check_date:tactile_paving": null, "crossing": null, "source": null, "tactile_paving": null, "traffic_signals:sound": null, "traffic_signals:vibration": null, "direction": null, "traffic_calming": null, "description": null, "man_made": null, "ele": null, "ele:DHHN92": null, "barrier": null, "note": null, "bicycle": null, "stop": null, "red_turn:right:bicycle": null, "red_turn:right": null, "old_name": null, "u": 33078435, "v": 96704094, "key": 0 }, "geometry": { "type": "Point", "coordinates": [ 7.1435047, 50.7455859 ] } },
{ "type": "Feature", "properties": { "element": "node", "id": 2396834755, "highway": "traffic_signals", "traffic_signals": null, "traffic_signals:direction": null, "button_operated": null, "check_date:tactile_paving": null, "crossing": null, "source": null, "tactile_paving": null, "traffic_signals:sound": null, "traffic_signals:vibration": null, "direction": null, "traffic_calming": null, "description": null, "man_made": null, "ele": null, "ele:DHHN92": null, "barrier": null, "note": null, "bicycle": null, "stop": null, "red_turn:right:bicycle": null, "red_turn:right": null, "old_name": null, "u": 1396183270, "v": 11883783, "key": 0 }, "geometry": { "type": "Point", "coordinates": [ 7.1324593, 50.705289 ] } },
{ "type": "Feature", "properties": { "element": "node", "id": 2396834771, "highway": "traffic_signals", "traffic_signals": null, "traffic_signals:direction": null, "button_operated": null, "check_date:tactile_paving": null, "crossing": null, "source": null, "tactile_paving": null, "traffic_signals:sound": null, "traffic_signals:vibration": null, "direction": null, "traffic_calming": null, "description": null, "man_made": null, "ele": null, "ele:DHHN92": null, "barrier": null, "note": null, "bicycle": null, "stop": null, "red_turn:right:bicycle": null, "red_turn:right": null, "old_name": null, "u": 1600929854, "v": 34184970, "key": 0 }, "geometry": { "type": "Point", "coordinates": [ 7.132864, 50.7054521 ] } },
{ "type": "Feature", "properties": { "element": "node", "id": 2557145220, "highway": "traffic_signals", "traffic_signals": null, "traffic_signals:direction": null, "button_operated": null, "check_date:tactile_paving": null, "crossing": null, "source": null, "tactile_paving": null, "traffic_signals:sound": null, "traffic_signals:vibration": null, "direction": null, "traffic_calming": null, "description": null, "man_made": null, "ele": null, "ele:DHHN92": null, "barrier": null, "note": null, "bicycle": null, "stop": null, "red_turn:right:bicycle": null, "red_turn:right": null, "old_name": null, "u": 80136583, "v": 2557145220, "key": 0 }, "geometry": { "type": "Point", "coordinates": [ 7.0820142, 50.703444 ] } },
{ "type": "Feature", "properties": { "element": "node", "id": 2557145220, "highway": "traffic_signals", "traffic_signals": null, "traffic_signals:direction": null, "button_operated": null, "check_date:tactile_paving": null, "crossing": null, "source": null, "tactile_paving": null, "traffic_signals:sound": null, "traffic_signals:vibration": null, "direction": null, "traffic_calming": null, "description": null, "man_made": null, "ele": null, "ele:DHHN92": null, "barrier": null, "note": null, "bicycle": null, "stop": null, "red_turn:right:bicycle": null, "red_turn:right": null, "old_name": null, "u": 2557145220, "v": 80136583, "key": 0 }, "geometry": { "type": "Point", "coordinates": [ 7.0820142, 50.703444 ] } },
{ "type": "Feature", "properties": { "element": "node", "id": 2557145220, "highway": "traffic_signals", "traffic_signals": null, "traffic_signals:direction": null, "button_operated": null, "check_date:tactile_paving": null, "crossing": null, "source": null, "tactile_paving": null, "traffic_signals:sound": null, "traffic_signals:vibration": null, "direction": null, "traffic_calming": null, "description": null, "man_made": null, "ele": null, "ele:DHHN92": null, "barrier": null, "note": null, "bicycle": null, "stop": null, "red_turn:right:bicycle": null, "red_turn:right": null, "old_name": null, "u": 2557145220, "v": 81879000, "key": 0 }, "geometry": { "type": "Point", "coordinates": [ 7.0820142, 50.703444 ] } },
{ "type": "Feature", "properties": { "element": "node", "id": 2557145220, "highway": "traffic_signals", "traffic_signals": null, "traffic_signals:direction": null, "button_operated": null, "check_date:tactile_paving": null, "crossing": null, "source": null, "tactile_paving": null, "traffic_signals:sound": null, "traffic_signals:vibration": null, "direction": null, "traffic_calming": null, "description": null, "man_made": null, "ele": null, "ele:DHHN92": null, "barrier": null, "note": null, "bicycle": null, "stop": null, "red_turn:right:bicycle": null, "red_turn:right": null, "old_name": null, "u": 81879000, "v": 2557145220, "key": 0 }, "geometry": { "type": "Point", "coordinates": [ 7.0820142, 50.703444 ] } },
{ "type": "Feature", "properties": { "element": "node", "id": 2557145220, "highway": "traffic_signals", "traffic_signals": null, "traffic_signals:direction": null, "button_operated": null, "check_date:tactile_paving": null, "crossing": null, "source": null, "tactile_paving": null, "traffic_signals:sound": null, "traffic_signals:vibration": null, "direction": null, "traffic_calming": null, "description": null, "man_made": null, "ele": null, "ele:DHHN92": null, "barrier": null, "note": null, "bicycle": null, "stop": null, "red_turn:right:bicycle": null, "red_turn:right": null, "old_name": null, "u": 2557145220, "v": 31314130, "key": 0 }, "geometry": { "type": "Point", "coordinates": [ 7.0820142, 50.703444 ] } },
{ "type": "Feature", "properties": { "element": "node", "id": 2557145220, "highway": "traffic_signals", "traffic_signals": null, "traffic_signals:direction": null, "button_operated": null, "check_date:tactile_paving": null, "crossing": null, "source": null, "tactile_paving": null, "traffic_signals:sound": null, "traffic_signals:vibration": null, "direction": null, "traffic_calming": null, "description": null, "man_made": null, "ele": null, "ele:DHHN92": null, "barrier": null, "note": null, "bicycle": null, "stop": null, "red_turn:right:bicycle": null, "red_turn:right": null, "old_name": null, "u": 31314130, "v": 2557145220, "key": 0 }, "geometry": { "type": "Point", "coordinates": [ 7.0820142, 50.703444 ] } },
{ "type": "Feature", "properties": { "element": "node", "id": 2692342142, "highway": "traffic_signals", "traffic_signals": null, "traffic_signals:direction": null, "button_operated": "no", "check_date:tactile_paving": null, "crossing": "traffic_signals", "source": null, "tactile_paving": "no", "traffic_signals:sound": "no", "traffic_signals:vibration": "no", "direction": null, "traffic_calming": null, "description": null, "man_made": null, "ele": null, "ele:DHHN92": null, "barrier": null, "note": null, "bicycle": null, "stop": null, "red_turn:right:bicycle": null, "red_turn:right": null, "old_name": null, "u": 30951651, "v": 81919702, "key": 0 }, "geometry": { "type": "Point", "coordinates": [ 7.0709564, 50.7140225 ] } },
{ "type": "Feature", "properties": { "element": "node", "id": 2692342142, "highway": "traffic_signals", "traffic_signals": null, "traffic_signals:direction": null, "button_operated": "no", "check_date:tactile_paving": null, "crossing": "traffic_signals", "source": null, "tactile_paving": "no", "traffic_signals:sound": "no", "traffic_signals:vibration": "no", "direction": null, "traffic_calming": null, "description": null, "man_made": null, "ele": null, "ele:DHHN92": null, "barrier": null, "note": null, "bicycle": null, "stop": null, "red_turn:right:bicycle": null, "red_turn:right": null, "old_name": null, "u": 81919702, "v": 30951651, "key": 0 }, "geometry": { "type": "Point", "coordinates": [ 7.0709564, 50.7140225 ] } },
{ "type": "Feature", "properties": { "element": "node", "id": 3157776447, "highway": "traffic_signals", "traffic_signals": null, "traffic_signals:direction": "forward", "button_operated": null, "check_date:tactile_paving": null, "crossing": null, "source": null, "tactile_paving": null, "traffic_signals:sound": null, "traffic_signals:vibration": null, "direction": null, "traffic_calming": null, "description": null, "man_made": null, "ele": null, "ele:DHHN92": null, "barrier": null, "note": null, "bicycle": null, "stop": null, "red_turn:right:bicycle": "yes", "red_turn:right": null, "old_name": null, "u": 78614559, "v": 26898805, "key": 0 }, "geometry": { "type": "Point", "coordinates": [ 7.0950046, 50.7301437 ] } },
{ "type": "Feature", "properties": { "element": "node", "id": 3157776447, "highway": "traffic_signals", "traffic_signals": null, "traffic_signals:direction": "forward", "button_operated": null, "check_date:tactile_paving": null, "crossing": null, "source": null, "tactile_paving": null, "traffic_signals:sound": null, "traffic_signals:vibration": null, "direction": null, "traffic_calming": null, "description": null, "man_made": null, "ele": null, "ele:DHHN92": null, "barrier": null, "note": null, "bicycle": null, "stop": null, "red_turn:right:bicycle": "yes", "red_turn:right": null, "old_name": null, "u": 26898805, "v": 78614559, "key": 0 }, "geometry": { "type": "Point", "coordinates": [ 7.0950046, 50.7301437 ] } },
{ "type": "Feature", "properties": { "element": "node", "id": 3157776453, "highway": "traffic_signals", "traffic_signals": null, "traffic_signals:direction": null, "button_operated": null, "check_date:tactile_paving": null, "crossing": null, "source": null, "tactile_paving": null, "traffic_signals:sound": null, "traffic_signals:vibration": null, "direction": null, "traffic_calming": null, "description": null, "man_made": null, "ele": null, "ele:DHHN92": null, "barrier": null, "note": null, "bicycle": null, "stop": null, "red_turn:right:bicycle": null, "red_turn:right": null, "old_name": null, "u": 86121670, "v": 26667183, "key": 0 }, "geometry": { "type": "Point", "coordinates": [ 7.095246, 50.730316 ] } },
{ "type": "Feature", "properties": { "element": "node", "id": 3157776455, "highway": "traffic_signals", "traffic_signals": null, "traffic_signals:direction": null, "button_operated": null, "check_date:tactile_paving": null, "crossing": null, "source": null, "tactile_paving": null, "traffic_signals:sound": null, "traffic_signals:vibration": null, "direction": null, "traffic_calming": null, "description": null, "man_made": null, "ele": null, "ele:DHHN92": null, "barrier": null, "note": null, "bicycle": null, "stop": null, "red_turn:right:bicycle": null, "red_turn:right": null, "old_name": null, "u": 78614597, "v": 26898805, "key": 0 }, "geometry": { "type": "Point", "coordinates": [ 7.0947626, 50.7303523 ] } },
{ "type": "Feature", "properties": { "element": "node", "id": 3157776458, "highway": "traffic_signals", "traffic_signals": null, "traffic_signals:direction": "forward", "button_operated": null, "check_date:tactile_paving": null, "crossing": null, "source": null, "tactile_paving": null, "traffic_signals:sound": null, "traffic_signals:vibration": null, "direction": null, "traffic_calming": null, "description": null, "man_made": null, "ele": null, "ele:DHHN92": null, "barrier": null, "note": null, "bicycle": null, "stop": null, "red_turn:right:bicycle": "yes", "red_turn:right": null, "old_name": null, "u": 26667183, "v": 26667182, "key": 0 }, "geometry": { "type": "Point", "coordinates": [ 7.0949852, 50.7305059 ] } },
{ "type": "Feature", "properties": { "element": "node", "id": 3157776458, "highway": "traffic_signals", "traffic_signals": null, "traffic_signals:direction": "forward", "button_operated": null, "check_date:tactile_paving": null, "crossing": null, "source": null, "tactile_paving": null, "traffic_signals:sound": null, "traffic_signals:vibration": null, "direction": null, "traffic_calming": null, "description": null, "man_made": null, "ele": null, "ele:DHHN92": null, "barrier": null, "note": null, "bicycle": null, "stop": null, "red_turn:right:bicycle": "yes", "red_turn:right": null, "old_name": null, "u": 26667182, "v": 26667183, "key": 0 }, "geometry": { "type": "Point", "coordinates": [ 7.0949852, 50.7305059 ] } },
{ "type": "Feature", "properties": { "element": "node", "id": 3157776459, "highway": "traffic_signals", "traffic_signals": null, "traffic_signals:direction": "backward", "button_operated": null, "check_date:tactile_paving": null, "crossing": null, "source": null, "tactile_paving": null, "traffic_signals:sound": null, "traffic_signals:vibration": null, "direction": null, "traffic_calming": null, "description": null, "man_made": null, "ele": null, "ele:DHHN92": null, "barrier": null, "note": null, "bicycle": null, "stop": null, "red_turn:right:bicycle": null, "red_turn:right": null, "old_name": null, "u": 26898828, "v": 26667834, "key": 0 }, "geometry": { "type": "Point", "coordinates": [ 7.0906782, 50.7310803 ] } },
{ "type": "Feature", "properties": { "element": "node", "id": 3157776459, "highway": "traffic_signals", "traffic_signals": null, "traffic_signals:direction": "backward", "button_operated": null, "check_date:tactile_paving": null, "crossing": null, "source": null, "tactile_paving": null, "traffic_signals:sound": null, "traffic_signals:vibration": null, "direction": null, "traffic_calming": null, "description": null, "man_made": null, "ele": null, "ele:DHHN92": null, "barrier": null, "note": null, "bicycle": null, "stop": null, "red_turn:right:bicycle": null, "red_turn:right": null, "old_name": null, "u": 26667834, "v": 26898828, "key": 0 }, "geometry": { "type": "Point", "coordinates": [ 7.0906782, 50.7310803 ] } },
{ "type": "Feature", "properties": { "element": "node", "id": 3157776663, "highway": "traffic_signals", "traffic_signals": null, "traffic_signals:direction": null, "button_operated": null, "check_date:tactile_paving": null, "crossing": null, "source": null, "tactile_paving": null, "traffic_signals:sound": null, "traffic_signals:vibration": null, "direction": null, "traffic_calming": null, "description": null, "man_made": null, "ele": null, "ele:DHHN92": null, "barrier": null, "note": null, "bicycle": null, "stop": null, "red_turn:right:bicycle": null, "red_turn:right": null, "old_name": null, "u": 26667183, "v": 26662956, "key": 0 }, "geometry": { "type": "Point", "coordinates": [ 7.0912012, 50.731127 ] } },
{ "type": "Feature", "properties": { "element": "node", "id": 3157776666, "highway": "traffic_signals", "traffic_signals": null, "traffic_signals:direction": null, "button_operated": null, "check_date:tactile_paving": null, "crossing": null, "source": null, "tactile_paving": null, "traffic_signals:sound": null, "traffic_signals:vibration": null, "direction": null, "traffic_calming": null, "description": null, "man_made": null, "ele": null, "ele:DHHN92": null, "barrier": null, "note": null, "bicycle": null, "stop": null, "red_turn:right:bicycle": null, "red_turn:right": null, "old_name": null, "u": 26667835, "v": 26898828, "key": 0 }, "geometry": { "type": "Point", "coordinates": [ 7.0906248, 50.7311732 ] } },
{ "type": "Feature", "properties": { "element": "node", "id": 3157776671, "highway": "traffic_signals", "traffic_signals": null, "traffic_signals:direction": "forward", "button_operated": null, "check_date:tactile_paving": null, "crossing": null, "source": null, "tactile_paving": null, "traffic_signals:sound": null, "traffic_signals:vibration": null, "direction": null, "traffic_calming": null, "description": null, "man_made": null, "ele": null, "ele:DHHN92": null, "barrier": null, "note": null, "bicycle": null, "stop": null, "red_turn:right:bicycle": null, "red_turn:right": null, "old_name": null, "u": 26667835, "v": 26667834, "key": 0 }, "geometry": { "type": "Point", "coordinates": [ 7.089904, 50.7312022 ] } },
{ "type": "Feature", "properties": { "element": "node", "id": 3157776671, "highway": "traffic_signals", "traffic_signals": null, "traffic_signals:direction": "forward", "button_operated": null, "check_date:tactile_paving": null, "crossing": null, "source": null, "tactile_paving": null, "traffic_signals:sound": null, "traffic_signals:vibration": null, "direction": null, "traffic_calming": null, "description": null, "man_made": null, "ele": null, "ele:DHHN92": null, "barrier": null, "note": null, "bicycle": null, "stop": null, "red_turn:right:bicycle": null, "red_turn:right": null, "old_name": null, "u": 26667834, "v": 26667835, "key": 0 }, "geometry": { "type": "Point", "coordinates": [ 7.089904, 50.7312022 ] } },
{ "type": "Feature", "properties": { "element": "node", "id": 3157776675, "highway": "traffic_signals", "traffic_signals": null, "traffic_signals:direction": null, "button_operated": null, "check_date:tactile_paving": null, "crossing": null, "source": null, "tactile_paving": null, "traffic_signals:sound": null, "traffic_signals:vibration": null, "direction": null, "traffic_calming": null, "description": null, "man_made": null, "ele": null, "ele:DHHN92": null, "barrier": null, "note": null, "bicycle": null, "stop": null, "red_turn:right:bicycle": null, "red_turn:right": null, "old_name": null, "u": 26662956, "v": 26667835, "key": 0 }, "geometry": { "type": "Point", "coordinates": [ 7.0902193, 50.7313193 ] } },
{ "type": "Feature", "properties": { "element": "node", "id": 3157776676, "highway": "traffic_signals", "traffic_signals": null, "traffic_signals:direction": "forward", "button_operated": null, "check_date:tactile_paving": null, "crossing": null, "source": null, "tactile_paving": null, "traffic_signals:sound": null, "traffic_signals:vibration": null, "direction": null, "traffic_calming": null, "description": null, "man_made": null, "ele": null, "ele:DHHN92": null, "barrier": null, "note": null, "bicycle": null, "stop": null, "red_turn:right:bicycle": null, "red_turn:right": null, "old_name": null, "u": 26667835, "v": 30926262, "key": 0 }, "geometry": { "type": "Point", "coordinates": [ 7.0897546, 50.7314138 ] } },
{ "type": "Feature", "properties": { "element": "node", "id": 3157776676, "highway": "traffic_signals", "traffic_signals": null, "traffic_signals:direction": "forward", "button_operated": null, "check_date:tactile_paving": null, "crossing": null, "source": null, "tactile_paving": null, "traffic_signals:sound": null, "traffic_signals:vibration": null, "direction": null, "traffic_calming": null, "description": null, "man_made": null, "ele": null, "ele:DHHN92": null, "barrier": null, "note": null, "bicycle": null, "stop": null, "red_turn:right:bicycle": null, "red_turn:right": null, "old_name": null, "u": 30926262, "v": 26667835, "key": 0 }, "geometry": { "type": "Point", "coordinates": [ 7.0897546, 50.7314138 ] } },
{ "type": "Feature", "properties": { "element": "node", "id": 3694468593, "highway": "traffic_signals", "traffic_signals": null, "traffic_signals:direction": null, "button_operated": null, "check_date:tactile_paving": null, "crossing": null, "source": null, "tactile_paving": null, "traffic_signals:sound": null, "traffic_signals:vibration": null, "direction": null, "traffic_calming": null, "description": null, "man_made": null, "ele": null, "ele:DHHN92": null, "barrier": null, "note": null, "bicycle": null, "stop": null, "red_turn:right:bicycle": null, "red_turn:right": null, "old_name": null, "u": 26508677, "v": 26508679, "key": 0 }, "geometry": { "type": "Point", "coordinates": [ 7.1176908, 50.7393978 ] } },
{ "type": "Feature", "properties": { "element": "node", "id": 4083605710, "highway": "traffic_signals", "traffic_signals": null, "traffic_signals:direction": null, "button_operated": "yes", "check_date:tactile_paving": null, "crossing": "traffic_signals", "source": null, "tactile_paving": "no", "traffic_signals:sound": "yes", "traffic_signals:vibration": "no", "direction": null, "traffic_calming": null, "description": null, "man_made": null, "ele": null, "ele:DHHN92": null, "barrier": null, "note": null, "bicycle": null, "stop": null, "red_turn:right:bicycle": null, "red_turn:right": null, "old_name": null, "u": 26765747, "v": 31768427, "key": 0 }, "geometry": { "type": "Point", "coordinates": [ 7.0714275, 50.7121029 ] } },
{ "type": "Feature", "properties": { "element": "node", "id": 4083605710, "highway": "traffic_signals", "traffic_signals": null, "traffic_signals:direction": null, "button_operated": "yes", "check_date:tactile_paving": null, "crossing": "traffic_signals", "source": null, "tactile_paving": "no", "traffic_signals:sound": "yes", "traffic_signals:vibration": "no", "direction": null, "traffic_calming": null, "description": null, "man_made": null, "ele": null, "ele:DHHN92": null, "barrier": null, "note": null, "bicycle": null, "stop": null, "red_turn:right:bicycle": null, "red_turn:right": null, "old_name": null, "u": 31768427, "v": 26765747, "key": 0 }, "geometry": { "type": "Point", "coordinates": [ 7.0714275, 50.7121029 ] } },
{ "type": "Feature", "properties": { "element": "node", "id": 4115978057, "highway": "traffic_signals", "traffic_signals": null, "traffic_signals:direction": "backward", "button_operated": null, "check_date:tactile_paving": null, "crossing": null, "source": null, "tactile_paving": null, "traffic_signals:sound": null, "traffic_signals:vibration": null, "direction": null, "traffic_calming": null, "description": null, "man_made": null, "ele": null, "ele:DHHN92": null, "barrier": null, "note": null, "bicycle": null, "stop": null, "red_turn:right:bicycle": null, "red_turn:right": null, "old_name": null, "u": 34094670, "v": 34094639, "key": 0 }, "geometry": { "type": "Point", "coordinates": [ 7.0814627, 50.7366911 ] } },
{ "type": "Feature", "properties": { "element": "node", "id": 4115978057, "highway": "traffic_signals", "traffic_signals": null, "traffic_signals:direction": "backward", "button_operated": null, "check_date:tactile_paving": null, "crossing": null, "source": null, "tactile_paving": null, "traffic_signals:sound": null, "traffic_signals:vibration": null, "direction": null, "traffic_calming": null, "description": null, "man_made": null, "ele": null, "ele:DHHN92": null, "barrier": null, "note": null, "bicycle": null, "stop": null, "red_turn:right:bicycle": null, "red_turn:right": null, "old_name": null, "u": 34094639, "v": 34094670, "key": 0 }, "geometry": { "type": "Point", "coordinates": [ 7.0814627, 50.7366911 ] } },
{ "type": "Feature", "properties": { "element": "node", "id": 4115978064, "highway": "traffic_signals", "traffic_signals": null, "traffic_signals:direction": "forward", "button_operated": null, "check_date:tactile_paving": null, "crossing": null, "source": null, "tactile_paving": null, "traffic_signals:sound": null, "traffic_signals:vibration": null, "direction": null, "traffic_calming": null, "description": null, "man_made": null, "ele": null, "ele:DHHN92": null, "barrier": null, "note": null, "bicycle": null, "stop": null, "red_turn:right:bicycle": null, "red_turn:right": null, "old_name": null, "u": 34094639, "v": 250418194, "key": 0 }, "geometry": { "type": "Point", "coordinates": [ 7.0810379, 50.7368133 ] } },
{ "type": "Feature", "properties": { "element": "node", "id": 4115978064, "highway": "traffic_signals", "traffic_signals": null, "traffic_signals:direction": "forward", "button_operated": null, "check_date:tactile_paving": null, "crossing": null, "source": null, "tactile_paving": null, "traffic_signals:sound": null, "traffic_signals:vibration": null, "direction": null, "traffic_calming": null, "description": null, "man_made": null, "ele": null, "ele:DHHN92": null, "barrier": null, "note": null, "bicycle": null, "stop": null, "red_turn:right:bicycle": null, "red_turn:right": null, "old_name": null, "u": 250418194, "v": 34094639, "key": 0 }, "geometry": { "type": "Point", "coordinates": [ 7.0810379, 50.7368133 ] } },
{ "type": "Feature", "properties": { "element": "node", "id": 4115978069, "highway": "traffic_signals", "traffic_signals": null, "traffic_signals:direction": "backward", "button_operated": null, "check_date:tactile_paving": null, "crossing": null, "source": null, "tactile_paving": null, "traffic_signals:sound": null, "traffic_signals:vibration": null, "direction": null, "traffic_calming": null, "description": null, "man_made": null, "ele": null, "ele:DHHN92": null, "barrier": null, "note": null, "bicycle": null, "stop": null, "red_turn:right:bicycle": null, "red_turn:right": null, "old_name": null, "u": 344925848, "v": 34094639, "key": 0 }, "geometry": { "type": "Point", "coordinates": [ 7.08132, 50.7368757 ] } },
{ "type": "Feature", "properties": { "element": "node", "id": 4115978069, "highway": "traffic_signals", "traffic_signals": null, "traffic_signals:direction": "backward", "button_operated": null, "check_date:tactile_paving": null, "crossing": null, "source": null, "tactile_paving": null, "traffic_signals:sound": null, "traffic_signals:vibration": null, "direction": null, "traffic_calming": null, "description": null, "man_made": null, "ele": null, "ele:DHHN92": null, "barrier": null, "note": null, "bicycle": null, "stop": null, "red_turn:right:bicycle": null, "red_turn:right": null, "old_name": null, "u": 34094639, "v": 344925848, "key": 0 }, "geometry": { "type": "Point", "coordinates": [ 7.08132, 50.7368757 ] } },
{ "type": "Feature", "properties": { "element": "node", "id": 4308379405, "highway": "traffic_signals", "traffic_signals": null, "traffic_signals:direction": null, "button_operated": null, "check_date:tactile_paving": null, "crossing": null, "source": null, "tactile_paving": null, "traffic_signals:sound": null, "traffic_signals:vibration": null, "direction": null, "traffic_calming": null, "description": null, "man_made": null, "ele": null, "ele:DHHN92": null, "barrier": null, "note": null, "bicycle": null, "stop": null, "red_turn:right:bicycle": null, "red_turn:right": null, "old_name": null, "u": 26671368, "v": 33179938, "key": 0 }, "geometry": { "type": "Point", "coordinates": [ 7.1201329, 50.7172219 ] } },
{ "type": "Feature", "properties": { "element": "node", "id": 4308379408, "highway": "traffic_signals", "traffic_signals": null, "traffic_signals:direction": "forward", "button_operated": null, "check_date:tactile_paving": null, "crossing": null, "source": null, "tactile_paving": null, "traffic_signals:sound": null, "traffic_signals:vibration": null, "direction": null, "traffic_calming": null, "description": null, "man_made": null, "ele": null, "ele:DHHN92": null, "barrier": null, "note": null, "bicycle": null, "stop": null, "red_turn:right:bicycle": null, "red_turn:right": null, "old_name": null, "u": 253908914, "v": 33179938, "key": 0 }, "geometry": { "type": "Point", "coordinates": [ 7.1201157, 50.7174597 ] } },
{ "type": "Feature", "properties": { "element": "node", "id": 4308379408, "highway": "traffic_signals", "traffic_signals": null, "traffic_signals:direction": "forward", "button_operated": null, "check_date:tactile_paving": null, "crossing": null, "source": null, "tactile_paving": null, "traffic_signals:sound": null, "traffic_signals:vibration": null, "direction": null, "traffic_calming": null, "description": null, "man_made": null, "ele": null, "ele:DHHN92": null, "barrier": null, "note": null, "bicycle": null, "stop": null, "red_turn:right:bicycle": null, "red_turn:right": null, "old_name": null, "u": 33179938, "v": 253908914, "key": 0 }, "geometry": { "type": "Point", "coordinates": [ 7.1201157, 50.7174597 ] } },
{ "type": "Feature", "properties": { "element": "node", "id": 4392087570, "highway": "traffic_signals", "traffic_signals": null, "traffic_signals:direction": "backward", "button_operated": null, "check_date:tactile_paving": null, "crossing": null, "source": null, "tactile_paving": null, "traffic_signals:sound": null, "traffic_signals:vibration": null, "direction": null, "traffic_calming": null, "description": null, "man_made": null, "ele": null, "ele:DHHN92": null, "barrier": null, "note": null, "bicycle": null, "stop": null, "red_turn:right:bicycle": null, "red_turn:right": null, "old_name": null, "u": 31770581, "v": 312085150, "key": 0 }, "geometry": { "type": "Point", "coordinates": [ 7.1123185, 50.7140599 ] } },
{ "type": "Feature", "properties": { "element": "node", "id": 4392087570, "highway": "traffic_signals", "traffic_signals": null, "traffic_signals:direction": "backward", "button_operated": null, "check_date:tactile_paving": null, "crossing": null, "source": null, "tactile_paving": null, "traffic_signals:sound": null, "traffic_signals:vibration": null, "direction": null, "traffic_calming": null, "description": null, "man_made": null, "ele": null, "ele:DHHN92": null, "barrier": null, "note": null, "bicycle": null, "stop": null, "red_turn:right:bicycle": null, "red_turn:right": null, "old_name": null, "u": 312085150, "v": 31770581, "key": 0 }, "geometry": { "type": "Point", "coordinates": [ 7.1123185, 50.7140599 ] } },
{ "type": "Feature", "properties": { "element": "node", "id": 4392087575, "highway": "traffic_signals", "traffic_signals": null, "traffic_signals:direction": "forward", "button_operated": null, "check_date:tactile_paving": null, "crossing": null, "source": null, "tactile_paving": null, "traffic_signals:sound": null, "traffic_signals:vibration": null, "direction": null, "traffic_calming": null, "description": null, "man_made": null, "ele": null, "ele:DHHN92": null, "barrier": null, "note": null, "bicycle": null, "stop": null, "red_turn:right:bicycle": null, "red_turn:right": null, "old_name": null, "u": 312084933, "v": 31768421, "key": 0 }, "geometry": { "type": "Point", "coordinates": [ 7.1130226, 50.714504 ] } },
{ "type": "Feature", "properties": { "element": "node", "id": 4392087575, "highway": "traffic_signals", "traffic_signals": null, "traffic_signals:direction": "forward", "button_operated": null, "check_date:tactile_paving": null, "crossing": null, "source": null, "tactile_paving": null, "traffic_signals:sound": null, "traffic_signals:vibration": null, "direction": null, "traffic_calming": null, "description": null, "man_made": null, "ele": null, "ele:DHHN92": null, "barrier": null, "note": null, "bicycle": null, "stop": null, "red_turn:right:bicycle": null, "red_turn:right": null, "old_name": null, "u": 31768421, "v": 312084933, "key": 0 }, "geometry": { "type": "Point", "coordinates": [ 7.1130226, 50.714504 ] } },
{ "type": "Feature", "properties": { "element": "node", "id": 4392087576, "highway": "traffic_signals", "traffic_signals": null, "traffic_signals:direction": "backward", "button_operated": null, "check_date:tactile_paving": null, "crossing": null, "source": null, "tactile_paving": null, "traffic_signals:sound": null, "traffic_signals:vibration": null, "direction": null, "traffic_calming": null, "description": null, "man_made": null, "ele": null, "ele:DHHN92": null, "barrier": null, "note": null, "bicycle": null, "stop": null, "red_turn:right:bicycle": null, "red_turn:right": null, "old_name": null, "u": 324478216, "v": 31768421, "key": 0 }, "geometry": { "type": "Point", "coordinates": [ 7.1126725, 50.7145609 ] } },
{ "type": "Feature", "properties": { "element": "node", "id": 4392087576, "highway": "traffic_signals", "traffic_signals": null, "traffic_signals:direction": "backward", "button_operated": null, "check_date:tactile_paving": null, "crossing": null, "source": null, "tactile_paving": null, "traffic_signals:sound": null, "traffic_signals:vibration": null, "direction": null, "traffic_calming": null, "description": null, "man_made": null, "ele": null, "ele:DHHN92": null, "barrier": null, "note": null, "bicycle": null, "stop": null, "red_turn:right:bicycle": null, "red_turn:right": null, "old_name": null, "u": 31768421, "v": 324478216, "key": 0 }, "geometry": { "type": "Point", "coordinates": [ 7.1126725, 50.7145609 ] } },
{ "type": "Feature", "properties": { "element": "node", "id": 4438451392, "highway": "traffic_signals", "traffic_signals": null, "traffic_signals:direction": "backward", "button_operated": null, "check_date:tactile_paving": null, "crossing": null, "source": null, "tactile_paving": null, "traffic_signals:sound": null, "traffic_signals:vibration": null, "direction": null, "traffic_calming": null, "description": null, "man_made": null, "ele": null, "ele:DHHN92": null, "barrier": null, "note": null, "bicycle": null, "stop": null, "red_turn:right:bicycle": null, "red_turn:right": null, "old_name": null, "u": 26607746, "v": 9995302918, "key": 0 }, "geometry": { "type": "Point", "coordinates": [ 7.0761324, 50.7402028 ] } },
{ "type": "Feature", "properties": { "element": "node", "id": 4438451392, "highway": "traffic_signals", "traffic_signals": null, "traffic_signals:direction": "backward", "button_operated": null, "check_date:tactile_paving": null, "crossing": null, "source": null, "tactile_paving": null, "traffic_signals:sound": null, "traffic_signals:vibration": null, "direction": null, "traffic_calming": null, "description": null, "man_made": null, "ele": null, "ele:DHHN92": null, "barrier": null, "note": null, "bicycle": null, "stop": null, "red_turn:right:bicycle": null, "red_turn:right": null, "old_name": null, "u": 9995302918, "v": 26607746, "key": 0 }, "geometry": { "type": "Point", "coordinates": [ 7.0761324, 50.7402028 ] } },
{ "type": "Feature", "properties": { "element": "node", "id": 4438451393, "highway": "traffic_signals", "traffic_signals": null, "traffic_signals:direction": "backward", "button_operated": null, "check_date:tactile_paving": null, "crossing": null, "source": null, "tactile_paving": null, "traffic_signals:sound": null, "traffic_signals:vibration": null, "direction": null, "traffic_calming": null, "description": null, "man_made": null, "ele": null, "ele:DHHN92": null, "barrier": null, "note": null, "bicycle": null, "stop": null, "red_turn:right:bicycle": null, "red_turn:right": "yes", "old_name": null, "u": 26646150, "v": 26607746, "key": 0 }, "geometry": { "type": "Point", "coordinates": [ 7.0758173, 50.7402339 ] } },
{ "type": "Feature", "properties": { "element": "node", "id": 4438451393, "highway": "traffic_signals", "traffic_signals": null, "traffic_signals:direction": "backward", "button_operated": null, "check_date:tactile_paving": null, "crossing": null, "source": null, "tactile_paving": null, "traffic_signals:sound": null, "traffic_signals:vibration": null, "direction": null, "traffic_calming": null, "description": null, "man_made": null, "ele": null, "ele:DHHN92": null, "barrier": null, "note": null, "bicycle": null, "stop": null, "red_turn:right:bicycle": null, "red_turn:right": "yes", "old_name": null, "u": 26607746, "v": 26646150, "key": 0 }, "geometry": { "type": "Point", "coordinates": [ 7.0758173, 50.7402339 ] } },
{ "type": "Feature", "properties": { "element": "node", "id": 4438451394, "highway": "traffic_signals", "traffic_signals": null, "traffic_signals:direction": "backward", "button_operated": null, "check_date:tactile_paving": null, "crossing": null, "source": null, "tactile_paving": null, "traffic_signals:sound": null, "traffic_signals:vibration": null, "direction": null, "traffic_calming": null, "description": null, "man_made": null, "ele": null, "ele:DHHN92": null, "barrier": null, "note": null, "bicycle": null, "stop": null, "red_turn:right:bicycle": null, "red_turn:right": "yes", "old_name": null, "u": 9995302963, "v": 26607746, "key": 0 }, "geometry": { "type": "Point", "coordinates": [ 7.0758023, 50.7404643 ] } },
{ "type": "Feature", "properties": { "element": "node", "id": 4438451394, "highway": "traffic_signals", "traffic_signals": null, "traffic_signals:direction": "backward", "button_operated": null, "check_date:tactile_paving": null, "crossing": null, "source": null, "tactile_paving": null, "traffic_signals:sound": null, "traffic_signals:vibration": null, "direction": null, "traffic_calming": null, "description": null, "man_made": null, "ele": null, "ele:DHHN92": null, "barrier": null, "note": null, "bicycle": null, "stop": null, "red_turn:right:bicycle": null, "red_turn:right": "yes", "old_name": null, "u": 26607746, "v": 9995302963, "key": 0 }, "geometry": { "type": "Point", "coordinates": [ 7.0758023, 50.7404643 ] } },
{ "type": "Feature", "properties": { "element": "node", "id": 4438482391, "highway": "traffic_signals", "traffic_signals": null, "traffic_signals:direction": null, "button_operated": null, "check_date:tactile_paving": null, "crossing": null, "source": null, "tactile_paving": null, "traffic_signals:sound": null, "traffic_signals:vibration": null, "direction": null, "traffic_calming": null, "description": null, "man_made": null, "ele": null, "ele:DHHN92": null, "barrier": null, "note": null, "bicycle": null, "stop": null, "red_turn:right:bicycle": null, "red_turn:right": null, "old_name": null, "u": 31497765, "v": 26373016, "key": 0 }, "geometry": { "type": "Point", "coordinates": [ 7.0639818, 50.7244467 ] } },
{ "type": "Feature", "properties": { "element": "node", "id": 4438482490, "highway": "traffic_signals", "traffic_signals": null, "traffic_signals:direction": null, "button_operated": null, "check_date:tactile_paving": null, "crossing": null, "source": null, "tactile_paving": null, "traffic_signals:sound": null, "traffic_signals:vibration": null, "direction": null, "traffic_calming": null, "description": null, "man_made": null, "ele": null, "ele:DHHN92": null, "barrier": null, "note": null, "bicycle": null, "stop": null, "red_turn:right:bicycle": null, "red_turn:right": "yes", "old_name": null, "u": 510796100, "v": 26372994, "key": 0 }, "geometry": { "type": "Point", "coordinates": [ 7.0638153, 50.7241312 ] } },
{ "type": "Feature", "properties": { "element": "node", "id": 4438484691, "highway": "traffic_signals", "traffic_signals": null, "traffic_signals:direction": "backward", "button_operated": null, "check_date:tactile_paving": null, "crossing": null, "source": null, "tactile_paving": null, "traffic_signals:sound": null, "traffic_signals:vibration": null, "direction": null, "traffic_calming": null, "description": null, "man_made": null, "ele": null, "ele:DHHN92": null, "barrier": null, "note": null, "bicycle": null, "stop": null, "red_turn:right:bicycle": null, "red_turn:right": null, "old_name": null, "u": 26372994, "v": 26667186, "key": 0 }, "geometry": { "type": "Point", "coordinates": [ 7.0640828, 50.7241781 ] } },
{ "type": "Feature", "properties": { "element": "node", "id": 4438484691, "highway": "traffic_signals", "traffic_signals": null, "traffic_signals:direction": "backward", "button_operated": null, "check_date:tactile_paving": null, "crossing": null, "source": null, "tactile_paving": null, "traffic_signals:sound": null, "traffic_signals:vibration": null, "direction": null, "traffic_calming": null, "description": null, "man_made": null, "ele": null, "ele:DHHN92": null, "barrier": null, "note": null, "bicycle": null, "stop": null, "red_turn:right:bicycle": null, "red_turn:right": null, "old_name": null, "u": 26667186, "v": 26372994, "key": 0 }, "geometry": { "type": "Point", "coordinates": [ 7.0640828, 50.7241781 ] } },
{ "type": "Feature", "properties": { "element": "node", "id": 4439326000, "highway": "traffic_signals", "traffic_signals": null, "traffic_signals:direction": null, "button_operated": null, "check_date:tactile_paving": null, "crossing": null, "source": null, "tactile_paving": null, "traffic_signals:sound": null, "traffic_signals:vibration": null, "direction": null, "traffic_calming": null, "description": null, "man_made": null, "ele": null, "ele:DHHN92": null, "barrier": null, "note": null, "bicycle": null, "stop": null, "red_turn:right:bicycle": null, "red_turn:right": null, "old_name": null, "u": 1600929834, "v": 1600929854, "key": 0 }, "geometry": { "type": "Point", "coordinates": [ 7.1350485, 50.7031692 ] } },
{ "type": "Feature", "properties": { "element": "node", "id": 4439326000, "highway": "traffic_signals", "traffic_signals": null, "traffic_signals:direction": null, "button_operated": null, "check_date:tactile_paving": null, "crossing": null, "source": null, "tactile_paving": null, "traffic_signals:sound": null, "traffic_signals:vibration": null, "direction": null, "traffic_calming": null, "description": null, "man_made": null, "ele": null, "ele:DHHN92": null, "barrier": null, "note": null, "bicycle": null, "stop": null, "red_turn:right:bicycle": null, "red_turn:right": null, "old_name": null, "u": 1600929854, "v": 1600929834, "key": 0 }, "geometry": { "type": "Point", "coordinates": [ 7.1350485, 50.7031692 ] } },
{ "type": "Feature", "properties": { "element": "node", "id": 4439387201, "highway": "traffic_signals", "traffic_signals": null, "traffic_signals:direction": null, "button_operated": null, "check_date:tactile_paving": null, "crossing": null, "source": null, "tactile_paving": null, "traffic_signals:sound": null, "traffic_signals:vibration": null, "direction": null, "traffic_calming": null, "description": null, "man_made": null, "ele": null, "ele:DHHN92": null, "barrier": null, "note": null, "bicycle": null, "stop": null, "red_turn:right:bicycle": null, "red_turn:right": null, "old_name": null, "u": 1600929834, "v": 1600929854, "key": 0 }, "geometry": { "type": "Point", "coordinates": [ 7.1350661, 50.7032049 ] } },
{ "type": "Feature", "properties": { "element": "node", "id": 4439387201, "highway": "traffic_signals", "traffic_signals": null, "traffic_signals:direction": null, "button_operated": null, "check_date:tactile_paving": null, "crossing": null, "source": null, "tactile_paving": null, "traffic_signals:sound": null, "traffic_signals:vibration": null, "direction": null, "traffic_calming": null, "description": null, "man_made": null, "ele": null, "ele:DHHN92": null, "barrier": null, "note": null, "bicycle": null, "stop": null, "red_turn:right:bicycle": null, "red_turn:right": null, "old_name": null, "u": 1600929854, "v": 1600929834, "key": 0 }, "geometry": { "type": "Point", "coordinates": [ 7.1350661, 50.7032049 ] } },
{ "type": "Feature", "properties": { "element": "node", "id": 4452300389, "highway": "traffic_signals", "traffic_signals": null, "traffic_signals:direction": null, "button_operated": null, "check_date:tactile_paving": null, "crossing": null, "source": null, "tactile_paving": null, "traffic_signals:sound": null, "traffic_signals:vibration": null, "direction": null, "traffic_calming": null, "description": null, "man_made": null, "ele": null, "ele:DHHN92": null, "barrier": null, "note": null, "bicycle": null, "stop": null, "red_turn:right:bicycle": null, "red_turn:right": "yes", "old_name": null, "u": 26863342, "v": 26667190, "key": 0 }, "geometry": { "type": "Point", "coordinates": [ 7.0737672, 50.7277737 ] } },
{ "type": "Feature", "properties": { "element": "node", "id": 4453704490, "highway": "traffic_signals", "traffic_signals": null, "traffic_signals:direction": "forward", "button_operated": null, "check_date:tactile_paving": null, "crossing": null, "source": null, "tactile_paving": null, "traffic_signals:sound": null, "traffic_signals:vibration": null, "direction": null, "traffic_calming": null, "description": null, "man_made": null, "ele": null, "ele:DHHN92": null, "barrier": null, "note": null, "bicycle": null, "stop": null, "red_turn:right:bicycle": null, "red_turn:right": "yes", "old_name": null, "u": 26474353, "v": 26474355, "key": 0 }, "geometry": { "type": "Point", "coordinates": [ 7.1053122, 50.7358126 ] } },
{ "type": "Feature", "properties": { "element": "node", "id": 4453704490, "highway": "traffic_signals", "traffic_signals": null, "traffic_signals:direction": "forward", "button_operated": null, "check_date:tactile_paving": null, "crossing": null, "source": null, "tactile_paving": null, "traffic_signals:sound": null, "traffic_signals:vibration": null, "direction": null, "traffic_calming": null, "description": null, "man_made": null, "ele": null, "ele:DHHN92": null, "barrier": null, "note": null, "bicycle": null, "stop": null, "red_turn:right:bicycle": null, "red_turn:right": "yes", "old_name": null, "u": 26474355, "v": 26474353, "key": 0 }, "geometry": { "type": "Point", "coordinates": [ 7.1053122, 50.7358126 ] } },
{ "type": "Feature", "properties": { "element": "node", "id": 4453727489, "highway": "traffic_signals", "traffic_signals": null, "traffic_signals:direction": null, "button_operated": null, "check_date:tactile_paving": null, "crossing": null, "source": null, "tactile_paving": null, "traffic_signals:sound": null, "traffic_signals:vibration": null, "direction": null, "traffic_calming": null, "description": null, "man_made": null, "ele": null, "ele:DHHN92": null, "barrier": null, "note": null, "bicycle": null, "stop": null, "red_turn:right:bicycle": null, "red_turn:right": null, "old_name": null, "u": 206255880, "v": 26474353, "key": 0 }, "geometry": { "type": "Point", "coordinates": [ 7.1051012, 50.7356144 ] } },
{ "type": "Feature", "properties": { "element": "node", "id": 4453727489, "highway": "traffic_signals", "traffic_signals": null, "traffic_signals:direction": null, "button_operated": null, "check_date:tactile_paving": null, "crossing": null, "source": null, "tactile_paving": null, "traffic_signals:sound": null, "traffic_signals:vibration": null, "direction": null, "traffic_calming": null, "description": null, "man_made": null, "ele": null, "ele:DHHN92": null, "barrier": null, "note": null, "bicycle": null, "stop": null, "red_turn:right:bicycle": null, "red_turn:right": null, "old_name": null, "u": 26474353, "v": 206255880, "key": 0 }, "geometry": { "type": "Point", "coordinates": [ 7.1051012, 50.7356144 ] } },
{ "type": "Feature", "properties": { "element": "node", "id": 4463541495, "highway": "traffic_signals", "traffic_signals": null, "traffic_signals:direction": "forward", "button_operated": null, "check_date:tactile_paving": null, "crossing": null, "source": null, "tactile_paving": null, "traffic_signals:sound": null, "traffic_signals:vibration": null, "direction": null, "traffic_calming": null, "description": null, "man_made": null, "ele": null, "ele:DHHN92": null, "barrier": null, "note": null, "bicycle": null, "stop": null, "red_turn:right:bicycle": null, "red_turn:right": "yes", "old_name": null, "u": 44550922, "v": 146896230, "key": 0 }, "geometry": { "type": "Point", "coordinates": [ 7.0673671, 50.7421651 ] } },
{ "type": "Feature", "properties": { "element": "node", "id": 4463541495, "highway": "traffic_signals", "traffic_signals": null, "traffic_signals:direction": "forward", "button_operated": null, "check_date:tactile_paving": null, "crossing": null, "source": null, "tactile_paving": null, "traffic_signals:sound": null, "traffic_signals:vibration": null, "direction": null, "traffic_calming": null, "description": null, "man_made": null, "ele": null, "ele:DHHN92": null, "barrier": null, "note": null, "bicycle": null, "stop": null, "red_turn:right:bicycle": null, "red_turn:right": "yes", "old_name": null, "u": 146896230, "v": 44550922, "key": 0 }, "geometry": { "type": "Point", "coordinates": [ 7.0673671, 50.7421651 ] } },
{ "type": "Feature", "properties": { "element": "node", "id": 4602238602, "highway": "traffic_signals", "traffic_signals": null, "traffic_signals:direction": "forward", "button_operated": null, "check_date:tactile_paving": null, "crossing": null, "source": null, "tactile_paving": null, "traffic_signals:sound": null, "traffic_signals:vibration": null, "direction": null, "traffic_calming": null, "description": null, "man_made": null, "ele": null, "ele:DHHN92": null, "barrier": null, "note": null, "bicycle": null, "stop": null, "red_turn:right:bicycle": null, "red_turn:right": null, "old_name": null, "u": 31768433, "v": 31768432, "key": 0 }, "geometry": { "type": "Point", "coordinates": [ 7.0676051, 50.7138339 ] } },
{ "type": "Feature", "properties": { "element": "node", "id": 4602238602, "highway": "traffic_signals", "traffic_signals": null, "traffic_signals:direction": "forward", "button_operated": null, "check_date:tactile_paving": null, "crossing": null, "source": null, "tactile_paving": null, "traffic_signals:sound": null, "traffic_signals:vibration": null, "direction": null, "traffic_calming": null, "description": null, "man_made": null, "ele": null, "ele:DHHN92": null, "barrier": null, "note": null, "bicycle": null, "stop": null, "red_turn:right:bicycle": null, "red_turn:right": null, "old_name": null, "u": 31768432, "v": 31768433, "key": 0 }, "geometry": { "type": "Point", "coordinates": [ 7.0676051, 50.7138339 ] } },
{ "type": "Feature", "properties": { "element": "node", "id": 4602238603, "highway": "traffic_signals", "traffic_signals": null, "traffic_signals:direction": null, "button_operated": null, "check_date:tactile_paving": null, "crossing": null, "source": null, "tactile_paving": null, "traffic_signals:sound": null, "traffic_signals:vibration": null, "direction": "backward", "traffic_calming": null, "description": null, "man_made": null, "ele": null, "ele:DHHN92": null, "barrier": null, "note": null, "bicycle": null, "stop": null, "red_turn:right:bicycle": null, "red_turn:right": null, "old_name": null, "u": 31768433, "v": 677213223, "key": 0 }, "geometry": { "type": "Point", "coordinates": [ 7.0671907, 50.71387 ] } },
{ "type": "Feature", "properties": { "element": "node", "id": 4602238603, "highway": "traffic_signals", "traffic_signals": null, "traffic_signals:direction": null, "button_operated": null, "check_date:tactile_paving": null, "crossing": null, "source": null, "tactile_paving": null, "traffic_signals:sound": null, "traffic_signals:vibration": null, "direction": "backward", "traffic_calming": null, "description": null, "man_made": null, "ele": null, "ele:DHHN92": null, "barrier": null, "note": null, "bicycle": null, "stop": null, "red_turn:right:bicycle": null, "red_turn:right": null, "old_name": null, "u": 677213223, "v": 31768433, "key": 0 }, "geometry": { "type": "Point", "coordinates": [ 7.0671907, 50.71387 ] } },
{ "type": "Feature", "properties": { "element": "node", "id": 4602238604, "highway": "traffic_signals", "traffic_signals": null, "traffic_signals:direction": null, "button_operated": null, "check_date:tactile_paving": null, "crossing": null, "source": null, "tactile_paving": null, "traffic_signals:sound": null, "traffic_signals:vibration": null, "direction": "backward", "traffic_calming": null, "description": null, "man_made": null, "ele": null, "ele:DHHN92": null, "barrier": null, "note": null, "bicycle": null, "stop": null, "red_turn:right:bicycle": null, "red_turn:right": null, "old_name": null, "u": 31768433, "v": 27381036, "key": 0 }, "geometry": { "type": "Point", "coordinates": [ 7.0673636, 50.7137028 ] } },
{ "type": "Feature", "properties": { "element": "node", "id": 4602238604, "highway": "traffic_signals", "traffic_signals": null, "traffic_signals:direction": null, "button_operated": null, "check_date:tactile_paving": null, "crossing": null, "source": null, "tactile_paving": null, "traffic_signals:sound": null, "traffic_signals:vibration": null, "direction": "backward", "traffic_calming": null, "description": null, "man_made": null, "ele": null, "ele:DHHN92": null, "barrier": null, "note": null, "bicycle": null, "stop": null, "red_turn:right:bicycle": null, "red_turn:right": null, "old_name": null, "u": 27381036, "v": 31768433, "key": 0 }, "geometry": { "type": "Point", "coordinates": [ 7.0673636, 50.7137028 ] } },
{ "type": "Feature", "properties": { "element": "node", "id": 4602238605, "highway": "traffic_signals", "traffic_signals": null, "traffic_signals:direction": null, "button_operated": null, "check_date:tactile_paving": null, "crossing": null, "source": null, "tactile_paving": null, "traffic_signals:sound": null, "traffic_signals:vibration": null, "direction": "backward", "traffic_calming": null, "description": null, "man_made": null, "ele": null, "ele:DHHN92": null, "barrier": null, "note": null, "bicycle": null, "stop": null, "red_turn:right:bicycle": null, "red_turn:right": null, "old_name": null, "u": 9067271648, "v": 31768433, "key": 0 }, "geometry": { "type": "Point", "coordinates": [ 7.067432, 50.7139949 ] } },
{ "type": "Feature", "properties": { "element": "node", "id": 4602238605, "highway": "traffic_signals", "traffic_signals": null, "traffic_signals:direction": null, "button_operated": null, "check_date:tactile_paving": null, "crossing": null, "source": null, "tactile_paving": null, "traffic_signals:sound": null, "traffic_signals:vibration": null, "direction": "backward", "traffic_calming": null, "description": null, "man_made": null, "ele": null, "ele:DHHN92": null, "barrier": null, "note": null, "bicycle": null, "stop": null, "red_turn:right:bicycle": null, "red_turn:right": null, "old_name": null, "u": 31768433, "v": 9067271648, "key": 0 }, "geometry": { "type": "Point", "coordinates": [ 7.067432, 50.7139949 ] } },
{ "type": "Feature", "properties": { "element": "node", "id": 4602239165, "highway": "traffic_signals", "traffic_signals": null, "traffic_signals:direction": "forward", "button_operated": null, "check_date:tactile_paving": null, "crossing": null, "source": null, "tactile_paving": null, "traffic_signals:sound": null, "traffic_signals:vibration": null, "direction": null, "traffic_calming": null, "description": null, "man_made": null, "ele": null, "ele:DHHN92": null, "barrier": null, "note": null, "bicycle": null, "stop": null, "red_turn:right:bicycle": null, "red_turn:right": null, "old_name": null, "u": 26606643, "v": 84596175, "key": 0 }, "geometry": { "type": "Point", "coordinates": [ 7.0717751, 50.7425228 ] } },
{ "type": "Feature", "properties": { "element": "node", "id": 4602239165, "highway": "traffic_signals", "traffic_signals": null, "traffic_signals:direction": "forward", "button_operated": null, "check_date:tactile_paving": null, "crossing": null, "source": null, "tactile_paving": null, "traffic_signals:sound": null, "traffic_signals:vibration": null, "direction": null, "traffic_calming": null, "description": null, "man_made": null, "ele": null, "ele:DHHN92": null, "barrier": null, "note": null, "bicycle": null, "stop": null, "red_turn:right:bicycle": null, "red_turn:right": null, "old_name": null, "u": 84596175, "v": 26606643, "key": 0 }, "geometry": { "type": "Point", "coordinates": [ 7.0717751, 50.7425228 ] } },
{ "type": "Feature", "properties": { "element": "node", "id": 4749415010, "highway": "traffic_signals", "traffic_signals": null, "traffic_signals:direction": null, "button_operated": null, "check_date:tactile_paving": null, "crossing": null, "source": null, "tactile_paving": null, "traffic_signals:sound": null, "traffic_signals:vibration": null, "direction": "backward", "traffic_calming": null, "description": null, "man_made": null, "ele": null, "ele:DHHN92": null, "barrier": null, "note": null, "bicycle": null, "stop": null, "red_turn:right:bicycle": null, "red_turn:right": null, "old_name": null, "u": 1416484151, "v": 1421016928, "key": 0 }, "geometry": { "type": "Point", "coordinates": [ 7.1124132, 50.7043676 ] } },
{ "type": "Feature", "properties": { "element": "node", "id": 4749415010, "highway": "traffic_signals", "traffic_signals": null, "traffic_signals:direction": null, "button_operated": null, "check_date:tactile_paving": null, "crossing": null, "source": null, "tactile_paving": null, "traffic_signals:sound": null, "traffic_signals:vibration": null, "direction": "backward", "traffic_calming": null, "description": null, "man_made": null, "ele": null, "ele:DHHN92": null, "barrier": null, "note": null, "bicycle": null, "stop": null, "red_turn:right:bicycle": null, "red_turn:right": null, "old_name": null, "u": 1421016928, "v": 1416484151, "key": 0 }, "geometry": { "type": "Point", "coordinates": [ 7.1124132, 50.7043676 ] } },
{ "type": "Feature", "properties": { "element": "node", "id": 4749415011, "highway": "traffic_signals", "traffic_signals": null, "traffic_signals:direction": null, "button_operated": null, "check_date:tactile_paving": null, "crossing": null, "source": null, "tactile_paving": null, "traffic_signals:sound": null, "traffic_signals:vibration": null, "direction": "forward", "traffic_calming": null, "description": null, "man_made": null, "ele": null, "ele:DHHN92": null, "barrier": null, "note": null, "bicycle": null, "stop": null, "red_turn:right:bicycle": null, "red_turn:right": null, "old_name": null, "u": 1416484151, "v": 1421016928, "key": 0 }, "geometry": { "type": "Point", "coordinates": [ 7.112324, 50.7043982 ] } },
{ "type": "Feature", "properties": { "element": "node", "id": 4749415011, "highway": "traffic_signals", "traffic_signals": null, "traffic_signals:direction": null, "button_operated": null, "check_date:tactile_paving": null, "crossing": null, "source": null, "tactile_paving": null, "traffic_signals:sound": null, "traffic_signals:vibration": null, "direction": "forward", "traffic_calming": null, "description": null, "man_made": null, "ele": null, "ele:DHHN92": null, "barrier": null, "note": null, "bicycle": null, "stop": null, "red_turn:right:bicycle": null, "red_turn:right": null, "old_name": null, "u": 1421016928, "v": 1416484151, "key": 0 }, "geometry": { "type": "Point", "coordinates": [ 7.112324, 50.7043982 ] } },
{ "type": "Feature", "properties": { "element": "node", "id": 4749415012, "highway": "traffic_signals", "traffic_signals": null, "traffic_signals:direction": null, "button_operated": null, "check_date:tactile_paving": null, "crossing": null, "source": null, "tactile_paving": null, "traffic_signals:sound": null, "traffic_signals:vibration": null, "direction": "backward", "traffic_calming": null, "description": null, "man_made": null, "ele": null, "ele:DHHN92": null, "barrier": null, "note": null, "bicycle": null, "stop": null, "red_turn:right:bicycle": null, "red_turn:right": null, "old_name": null, "u": 9997968407, "v": 1421093390, "key": 0 }, "geometry": { "type": "Point", "coordinates": [ 7.111018, 50.7056134 ] } },
{ "type": "Feature", "properties": { "element": "node", "id": 4749415012, "highway": "traffic_signals", "traffic_signals": null, "traffic_signals:direction": null, "button_operated": null, "check_date:tactile_paving": null, "crossing": null, "source": null, "tactile_paving": null, "traffic_signals:sound": null, "traffic_signals:vibration": null, "direction": "backward", "traffic_calming": null, "description": null, "man_made": null, "ele": null, "ele:DHHN92": null, "barrier": null, "note": null, "bicycle": null, "stop": null, "red_turn:right:bicycle": null, "red_turn:right": null, "old_name": null, "u": 1421093390, "v": 9997968407, "key": 0 }, "geometry": { "type": "Point", "coordinates": [ 7.111018, 50.7056134 ] } },
{ "type": "Feature", "properties": { "element": "node", "id": 4749415013, "highway": "traffic_signals", "traffic_signals": null, "traffic_signals:direction": null, "button_operated": null, "check_date:tactile_paving": null, "crossing": null, "source": null, "tactile_paving": null, "traffic_signals:sound": null, "traffic_signals:vibration": null, "direction": "forward", "traffic_calming": null, "description": null, "man_made": null, "ele": null, "ele:DHHN92": null, "barrier": null, "note": null, "bicycle": null, "stop": null, "red_turn:right:bicycle": null, "red_turn:right": null, "old_name": null, "u": 4749416334, "v": 1421093390, "key": 0 }, "geometry": { "type": "Point", "coordinates": [ 7.1108734, 50.705778 ] } },
{ "type": "Feature", "properties": { "element": "node", "id": 4749415013, "highway": "traffic_signals", "traffic_signals": null, "traffic_signals:direction": null, "button_operated": null, "check_date:tactile_paving": null, "crossing": null, "source": null, "tactile_paving": null, "traffic_signals:sound": null, "traffic_signals:vibration": null, "direction": "forward", "traffic_calming": null, "description": null, "man_made": null, "ele": null, "ele:DHHN92": null, "barrier": null, "note": null, "bicycle": null, "stop": null, "red_turn:right:bicycle": null, "red_turn:right": null, "old_name": null, "u": 1421093390, "v": 4749416334, "key": 0 }, "geometry": { "type": "Point", "coordinates": [ 7.1108734, 50.705778 ] } },
{ "type": "Feature", "properties": { "element": "node", "id": 4749415014, "highway": "traffic_signals", "traffic_signals": null, "traffic_signals:direction": null, "button_operated": null, "check_date:tactile_paving": null, "crossing": null, "source": null, "tactile_paving": null, "traffic_signals:sound": null, "traffic_signals:vibration": null, "direction": "backward", "traffic_calming": null, "description": null, "man_made": null, "ele": null, "ele:DHHN92": null, "barrier": null, "note": null, "bicycle": null, "stop": null, "red_turn:right:bicycle": null, "red_turn:right": null, "old_name": null, "u": 31445377, "v": 1421093402, "key": 0 }, "geometry": { "type": "Point", "coordinates": [ 7.1094532, 50.7073384 ] } },
{ "type": "Feature", "properties": { "element": "node", "id": 4749415014, "highway": "traffic_signals", "traffic_signals": null, "traffic_signals:direction": null, "button_operated": null, "check_date:tactile_paving": null, "crossing": null, "source": null, "tactile_paving": null, "traffic_signals:sound": null, "traffic_signals:vibration": null, "direction": "backward", "traffic_calming": null, "description": null, "man_made": null, "ele": null, "ele:DHHN92": null, "barrier": null, "note": null, "bicycle": null, "stop": null, "red_turn:right:bicycle": null, "red_turn:right": null, "old_name": null, "u": 1421093402, "v": 31445377, "key": 0 }, "geometry": { "type": "Point", "coordinates": [ 7.1094532, 50.7073384 ] } },
{ "type": "Feature", "properties": { "element": "node", "id": 4749415015, "highway": "traffic_signals", "traffic_signals": null, "traffic_signals:direction": null, "button_operated": null, "check_date:tactile_paving": null, "crossing": null, "source": null, "tactile_paving": null, "traffic_signals:sound": null, "traffic_signals:vibration": null, "direction": "forward", "traffic_calming": null, "description": null, "man_made": null, "ele": null, "ele:DHHN92": null, "barrier": null, "note": null, "bicycle": null, "stop": null, "red_turn:right:bicycle": null, "red_turn:right": null, "old_name": null, "u": 31445377, "v": 1421093402, "key": 0 }, "geometry": { "type": "Point", "coordinates": [ 7.1093975, 50.7074068 ] } },
{ "type": "Feature", "properties": { "element": "node", "id": 4749415015, "highway": "traffic_signals", "traffic_signals": null, "traffic_signals:direction": null, "button_operated": null, "check_date:tactile_paving": null, "crossing": null, "source": null, "tactile_paving": null, "traffic_signals:sound": null, "traffic_signals:vibration": null, "direction": "forward", "traffic_calming": null, "description": null, "man_made": null, "ele": null, "ele:DHHN92": null, "barrier": null, "note": null, "bicycle": null, "stop": null, "red_turn:right:bicycle": null, "red_turn:right": null, "old_name": null, "u": 1421093402, "v": 31445377, "key": 0 }, "geometry": { "type": "Point", "coordinates": [ 7.1093975, 50.7074068 ] } },
{ "type": "Feature", "properties": { "element": "node", "id": 4749415016, "highway": "traffic_signals", "traffic_signals": null, "traffic_signals:direction": null, "button_operated": null, "check_date:tactile_paving": null, "crossing": null, "source": null, "tactile_paving": null, "traffic_signals:sound": null, "traffic_signals:vibration": null, "direction": "forward", "traffic_calming": null, "description": null, "man_made": null, "ele": null, "ele:DHHN92": null, "barrier": null, "note": null, "bicycle": null, "stop": null, "red_turn:right:bicycle": null, "red_turn:right": null, "old_name": null, "u": 1431168304, "v": 82995121, "key": 0 }, "geometry": { "type": "Point", "coordinates": [ 7.1092943, 50.709513 ] } },
{ "type": "Feature", "properties": { "element": "node", "id": 4749415017, "highway": "traffic_signals", "traffic_signals": null, "traffic_signals:direction": null, "button_operated": null, "check_date:tactile_paving": null, "crossing": null, "source": null, "tactile_paving": null, "traffic_signals:sound": null, "traffic_signals:vibration": null, "direction": "forward", "traffic_calming": null, "description": null, "man_made": null, "ele": null, "ele:DHHN92": null, "barrier": null, "note": null, "bicycle": null, "stop": null, "red_turn:right:bicycle": null, "red_turn:right": null, "old_name": null, "u": 1879256184, "v": 82995121, "key": 0 }, "geometry": { "type": "Point", "coordinates": [ 7.109419, 50.7096472 ] } },
{ "type": "Feature", "properties": { "element": "node", "id": 4749415017, "highway": "traffic_signals", "traffic_signals": null, "traffic_signals:direction": null, "button_operated": null, "check_date:tactile_paving": null, "crossing": null, "source": null, "tactile_paving": null, "traffic_signals:sound": null, "traffic_signals:vibration": null, "direction": "forward", "traffic_calming": null, "description": null, "man_made": null, "ele": null, "ele:DHHN92": null, "barrier": null, "note": null, "bicycle": null, "stop": null, "red_turn:right:bicycle": null, "red_turn:right": null, "old_name": null, "u": 82995121, "v": 1879256184, "key": 0 }, "geometry": { "type": "Point", "coordinates": [ 7.109419, 50.7096472 ] } },
{ "type": "Feature", "properties": { "element": "node", "id": 4749415018, "highway": "traffic_signals", "traffic_signals": null, "traffic_signals:direction": null, "button_operated": null, "check_date:tactile_paving": null, "crossing": null, "source": null, "tactile_paving": null, "traffic_signals:sound": null, "traffic_signals:vibration": null, "direction": "forward", "traffic_calming": null, "description": null, "man_made": null, "ele": null, "ele:DHHN92": null, "barrier": null, "note": null, "bicycle": null, "stop": null, "red_turn:right:bicycle": null, "red_turn:right": null, "old_name": null, "u": 240113757, "v": 82995121, "key": 0 }, "geometry": { "type": "Point", "coordinates": [ 7.1096383, 50.7095983 ] } },
{ "type": "Feature", "properties": { "element": "node", "id": 4749415019, "highway": "traffic_signals", "traffic_signals": null, "traffic_signals:direction": null, "button_operated": null, "check_date:tactile_paving": null, "crossing": null, "source": null, "tactile_paving": null, "traffic_signals:sound": null, "traffic_signals:vibration": null, "direction": "backward", "traffic_calming": null, "description": null, "man_made": null, "ele": null, "ele:DHHN92": null, "barrier": null, "note": null, "bicycle": null, "stop": null, "red_turn:right:bicycle": null, "red_turn:right": null, "old_name": null, "u": 355523182, "v": 82995121, "key": 0 }, "geometry": { "type": "Point", "coordinates": [ 7.109478, 50.7094574 ] } },
{ "type": "Feature", "properties": { "element": "node", "id": 4749415019, "highway": "traffic_signals", "traffic_signals": null, "traffic_signals:direction": null, "button_operated": null, "check_date:tactile_paving": null, "crossing": null, "source": null, "tactile_paving": null, "traffic_signals:sound": null, "traffic_signals:vibration": null, "direction": "backward", "traffic_calming": null, "description": null, "man_made": null, "ele": null, "ele:DHHN92": null, "barrier": null, "note": null, "bicycle": null, "stop": null, "red_turn:right:bicycle": null, "red_turn:right": null, "old_name": null, "u": 82995121, "v": 355523182, "key": 0 }, "geometry": { "type": "Point", "coordinates": [ 7.109478, 50.7094574 ] } },
{ "type": "Feature", "properties": { "element": "node", "id": 4749416326, "highway": "traffic_signals", "traffic_signals": null, "traffic_signals:direction": null, "button_operated": null, "check_date:tactile_paving": null, "crossing": null, "source": null, "tactile_paving": null, "traffic_signals:sound": null, "traffic_signals:vibration": null, "direction": "backward", "traffic_calming": null, "description": null, "man_made": null, "ele": null, "ele:DHHN92": null, "barrier": null, "note": null, "bicycle": null, "stop": null, "red_turn:right:bicycle": null, "red_turn:right": null, "old_name": null, "u": 1763299253, "v": 1436327181, "key": 0 }, "geometry": { "type": "Point", "coordinates": [ 7.1086167, 50.7125704 ] } },
{ "type": "Feature", "properties": { "element": "node", "id": 4749416326, "highway": "traffic_signals", "traffic_signals": null, "traffic_signals:direction": null, "button_operated": null, "check_date:tactile_paving": null, "crossing": null, "source": null, "tactile_paving": null, "traffic_signals:sound": null, "traffic_signals:vibration": null, "direction": "backward", "traffic_calming": null, "description": null, "man_made": null, "ele": null, "ele:DHHN92": null, "barrier": null, "note": null, "bicycle": null, "stop": null, "red_turn:right:bicycle": null, "red_turn:right": null, "old_name": null, "u": 1436327181, "v": 1763299253, "key": 0 }, "geometry": { "type": "Point", "coordinates": [ 7.1086167, 50.7125704 ] } },
{ "type": "Feature", "properties": { "element": "node", "id": 4749416327, "highway": "traffic_signals", "traffic_signals": null, "traffic_signals:direction": null, "button_operated": null, "check_date:tactile_paving": null, "crossing": null, "source": null, "tactile_paving": null, "traffic_signals:sound": null, "traffic_signals:vibration": null, "direction": "forward", "traffic_calming": null, "description": null, "man_made": null, "ele": null, "ele:DHHN92": null, "barrier": null, "note": null, "bicycle": null, "stop": null, "red_turn:right:bicycle": null, "red_turn:right": null, "old_name": null, "u": 1436327181, "v": 1436327183, "key": 0 }, "geometry": { "type": "Point", "coordinates": [ 7.1085651, 50.712818 ] } },
{ "type": "Feature", "properties": { "element": "node", "id": 4749416327, "highway": "traffic_signals", "traffic_signals": null, "traffic_signals:direction": null, "button_operated": null, "check_date:tactile_paving": null, "crossing": null, "source": null, "tactile_paving": null, "traffic_signals:sound": null, "traffic_signals:vibration": null, "direction": "forward", "traffic_calming": null, "description": null, "man_made": null, "ele": null, "ele:DHHN92": null, "barrier": null, "note": null, "bicycle": null, "stop": null, "red_turn:right:bicycle": null, "red_turn:right": null, "old_name": null, "u": 1436327183, "v": 1436327181, "key": 0 }, "geometry": { "type": "Point", "coordinates": [ 7.1085651, 50.712818 ] } },
{ "type": "Feature", "properties": { "element": "node", "id": 4749416344, "highway": "traffic_signals", "traffic_signals": null, "traffic_signals:direction": null, "button_operated": null, "check_date:tactile_paving": null, "crossing": null, "source": null, "tactile_paving": null, "traffic_signals:sound": null, "traffic_signals:vibration": null, "direction": "forward", "traffic_calming": null, "description": null, "man_made": null, "ele": null, "ele:DHHN92": null, "barrier": null, "note": null, "bicycle": null, "stop": null, "red_turn:right:bicycle": null, "red_turn:right": null, "old_name": null, "u": 1879256301, "v": 31314744, "key": 0 }, "geometry": { "type": "Point", "coordinates": [ 7.1079205, 50.7168449 ] } },
{ "type": "Feature", "properties": { "element": "node", "id": 4749416344, "highway": "traffic_signals", "traffic_signals": null, "traffic_signals:direction": null, "button_operated": null, "check_date:tactile_paving": null, "crossing": null, "source": null, "tactile_paving": null, "traffic_signals:sound": null, "traffic_signals:vibration": null, "direction": "forward", "traffic_calming": null, "description": null, "man_made": null, "ele": null, "ele:DHHN92": null, "barrier": null, "note": null, "bicycle": null, "stop": null, "red_turn:right:bicycle": null, "red_turn:right": null, "old_name": null, "u": 31314744, "v": 1879256301, "key": 0 }, "geometry": { "type": "Point", "coordinates": [ 7.1079205, 50.7168449 ] } },
{ "type": "Feature", "properties": { "element": "node", "id": 4749416345, "highway": "traffic_signals", "traffic_signals": null, "traffic_signals:direction": null, "button_operated": null, "check_date:tactile_paving": null, "crossing": null, "source": null, "tactile_paving": null, "traffic_signals:sound": null, "traffic_signals:vibration": null, "direction": "backward", "traffic_calming": null, "description": null, "man_made": null, "ele": null, "ele:DHHN92": null, "barrier": null, "note": null, "bicycle": null, "stop": null, "red_turn:right:bicycle": null, "red_turn:right": null, "old_name": null, "u": 4749416341, "v": 31314744, "key": 0 }, "geometry": { "type": "Point", "coordinates": [ 7.1079836, 50.7165809 ] } },
{ "type": "Feature", "properties": { "element": "node", "id": 4749416345, "highway": "traffic_signals", "traffic_signals": null, "traffic_signals:direction": null, "button_operated": null, "check_date:tactile_paving": null, "crossing": null, "source": null, "tactile_paving": null, "traffic_signals:sound": null, "traffic_signals:vibration": null, "direction": "backward", "traffic_calming": null, "description": null, "man_made": null, "ele": null, "ele:DHHN92": null, "barrier": null, "note": null, "bicycle": null, "stop": null, "red_turn:right:bicycle": null, "red_turn:right": null, "old_name": null, "u": 31314744, "v": 4749416341, "key": 0 }, "geometry": { "type": "Point", "coordinates": [ 7.1079836, 50.7165809 ] } },
{ "type": "Feature", "properties": { "element": "node", "id": 4749416346, "highway": "traffic_signals", "traffic_signals": null, "traffic_signals:direction": null, "button_operated": null, "check_date:tactile_paving": null, "crossing": null, "source": null, "tactile_paving": null, "traffic_signals:sound": null, "traffic_signals:vibration": null, "direction": "forward", "traffic_calming": null, "description": null, "man_made": null, "ele": null, "ele:DHHN92": null, "barrier": null, "note": null, "bicycle": null, "stop": null, "red_turn:right:bicycle": null, "red_turn:right": null, "old_name": null, "u": 31314744, "v": 1757286030, "key": 0 }, "geometry": { "type": "Point", "coordinates": [ 7.107707, 50.7167053 ] } },
{ "type": "Feature", "properties": { "element": "node", "id": 4749416346, "highway": "traffic_signals", "traffic_signals": null, "traffic_signals:direction": null, "button_operated": null, "check_date:tactile_paving": null, "crossing": null, "source": null, "tactile_paving": null, "traffic_signals:sound": null, "traffic_signals:vibration": null, "direction": "forward", "traffic_calming": null, "description": null, "man_made": null, "ele": null, "ele:DHHN92": null, "barrier": null, "note": null, "bicycle": null, "stop": null, "red_turn:right:bicycle": null, "red_turn:right": null, "old_name": null, "u": 1757286030, "v": 31314744, "key": 0 }, "geometry": { "type": "Point", "coordinates": [ 7.107707, 50.7167053 ] } },
{ "type": "Feature", "properties": { "element": "node", "id": 4749416350, "highway": "traffic_signals", "traffic_signals": null, "traffic_signals:direction": null, "button_operated": null, "check_date:tactile_paving": null, "crossing": null, "source": null, "tactile_paving": null, "traffic_signals:sound": null, "traffic_signals:vibration": null, "direction": null, "traffic_calming": null, "description": null, "man_made": null, "ele": null, "ele:DHHN92": null, "barrier": null, "note": null, "bicycle": null, "stop": null, "red_turn:right:bicycle": null, "red_turn:right": null, "old_name": null, "u": 1366976142, "v": 1879256325, "key": 0 }, "geometry": { "type": "Point", "coordinates": [ 7.1068823, 50.720195 ] } },
{ "type": "Feature", "properties": { "element": "node", "id": 4749416356, "highway": "traffic_signals", "traffic_signals": null, "traffic_signals:direction": null, "button_operated": null, "check_date:tactile_paving": null, "crossing": null, "source": null, "tactile_paving": null, "traffic_signals:sound": null, "traffic_signals:vibration": null, "direction": null, "traffic_calming": null, "description": null, "man_made": null, "ele": null, "ele:DHHN92": null, "barrier": null, "note": null, "bicycle": null, "stop": null, "red_turn:right:bicycle": null, "red_turn:right": null, "old_name": null, "u": 1436293680, "v": 31768425, "key": 0 }, "geometry": { "type": "Point", "coordinates": [ 7.1091997, 50.720423 ] } },
{ "type": "Feature", "properties": { "element": "node", "id": 4749416357, "highway": "traffic_signals", "traffic_signals": null, "traffic_signals:direction": null, "button_operated": null, "check_date:tactile_paving": null, "crossing": null, "source": null, "tactile_paving": null, "traffic_signals:sound": null, "traffic_signals:vibration": null, "direction": null, "traffic_calming": null, "description": null, "man_made": null, "ele": null, "ele:DHHN92": null, "barrier": null, "note": null, "bicycle": null, "stop": null, "red_turn:right:bicycle": null, "red_turn:right": null, "old_name": null, "u": 31875465, "v": 32519654, "key": 0 }, "geometry": { "type": "Point", "coordinates": [ 7.1095779, 50.720434 ] } },
{ "type": "Feature", "properties": { "element": "node", "id": 4749416358, "highway": "traffic_signals", "traffic_signals": null, "traffic_signals:direction": null, "button_operated": null, "check_date:tactile_paving": null, "crossing": null, "source": null, "tactile_paving": null, "traffic_signals:sound": null, "traffic_signals:vibration": null, "direction": null, "traffic_calming": null, "description": null, "man_made": null, "ele": null, "ele:DHHN92": null, "barrier": null, "note": null, "bicycle": null, "stop": null, "red_turn:right:bicycle": null, "red_turn:right": null, "old_name": null, "u": 646442390, "v": 32519654, "key": 0 }, "geometry": { "type": "Point", "coordinates": [ 7.1092373, 50.720617 ] } },
{ "type": "Feature", "properties": { "element": "node", "id": 4749416362, "highway": "traffic_signals", "traffic_signals": null, "traffic_signals:direction": null, "button_operated": null, "check_date:tactile_paving": null, "crossing": null, "source": null, "tactile_paving": null, "traffic_signals:sound": null, "traffic_signals:vibration": null, "direction": null, "traffic_calming": null, "description": null, "man_made": null, "ele": null, "ele:DHHN92": null, "barrier": null, "note": null, "bicycle": null, "stop": null, "red_turn:right:bicycle": null, "red_turn:right": null, "old_name": null, "u": 1879256325, "v": 296969658, "key": 0 }, "geometry": { "type": "Point", "coordinates": [ 7.1070053, 50.7206168 ] } },
{ "type": "Feature", "properties": { "element": "node", "id": 4754431777, "highway": "traffic_signals", "traffic_signals": null, "traffic_signals:direction": null, "button_operated": null, "check_date:tactile_paving": null, "crossing": null, "source": null, "tactile_paving": null, "traffic_signals:sound": null, "traffic_signals:vibration": null, "direction": null, "traffic_calming": null, "description": null, "man_made": null, "ele": null, "ele:DHHN92": null, "barrier": null, "note": null, "bicycle": null, "stop": null, "red_turn:right:bicycle": null, "red_turn:right": null, "old_name": null, "u": 253070140, "v": 253070041, "key": 0 }, "geometry": { "type": "Point", "coordinates": [ 7.1158714, 50.7389409 ] } },
{ "type": "Feature", "properties": { "element": "node", "id": 5014389008, "highway": "traffic_signals", "traffic_signals": null, "traffic_signals:direction": null, "button_operated": null, "check_date:tactile_paving": null, "crossing": null, "source": null, "tactile_paving": null, "traffic_signals:sound": null, "traffic_signals:vibration": null, "direction": null, "traffic_calming": null, "description": null, "man_made": null, "ele": null, "ele:DHHN92": null, "barrier": null, "note": null, "bicycle": null, "stop": null, "red_turn:right:bicycle": null, "red_turn:right": null, "old_name": null, "u": 292286570, "v": 2587388893, "key": 0 }, "geometry": { "type": "Point", "coordinates": [ 7.1460579, 50.7217403 ] } },
{ "type": "Feature", "properties": { "element": "node", "id": 5014389008, "highway": "traffic_signals", "traffic_signals": null, "traffic_signals:direction": null, "button_operated": null, "check_date:tactile_paving": null, "crossing": null, "source": null, "tactile_paving": null, "traffic_signals:sound": null, "traffic_signals:vibration": null, "direction": null, "traffic_calming": null, "description": null, "man_made": null, "ele": null, "ele:DHHN92": null, "barrier": null, "note": null, "bicycle": null, "stop": null, "red_turn:right:bicycle": null, "red_turn:right": null, "old_name": null, "u": 2587388893, "v": 292286570, "key": 0 }, "geometry": { "type": "Point", "coordinates": [ 7.1460579, 50.7217403 ] } },
{ "type": "Feature", "properties": { "element": "node", "id": 5014389009, "highway": "traffic_signals", "traffic_signals": null, "traffic_signals:direction": null, "button_operated": null, "check_date:tactile_paving": null, "crossing": null, "source": null, "tactile_paving": null, "traffic_signals:sound": null, "traffic_signals:vibration": null, "direction": null, "traffic_calming": null, "description": null, "man_made": null, "ele": null, "ele:DHHN92": null, "barrier": null, "note": null, "bicycle": null, "stop": null, "red_turn:right:bicycle": null, "red_turn:right": null, "old_name": null, "u": 292286570, "v": 2587388893, "key": 0 }, "geometry": { "type": "Point", "coordinates": [ 7.1456797, 50.7218396 ] } },
{ "type": "Feature", "properties": { "element": "node", "id": 5014389009, "highway": "traffic_signals", "traffic_signals": null, "traffic_signals:direction": null, "button_operated": null, "check_date:tactile_paving": null, "crossing": null, "source": null, "tactile_paving": null, "traffic_signals:sound": null, "traffic_signals:vibration": null, "direction": null, "traffic_calming": null, "description": null, "man_made": null, "ele": null, "ele:DHHN92": null, "barrier": null, "note": null, "bicycle": null, "stop": null, "red_turn:right:bicycle": null, "red_turn:right": null, "old_name": null, "u": 2587388893, "v": 292286570, "key": 0 }, "geometry": { "type": "Point", "coordinates": [ 7.1456797, 50.7218396 ] } },
{ "type": "Feature", "properties": { "element": "node", "id": 5052297615, "highway": "traffic_signals", "traffic_signals": null, "traffic_signals:direction": null, "button_operated": null, "check_date:tactile_paving": null, "crossing": null, "source": null, "tactile_paving": null, "traffic_signals:sound": null, "traffic_signals:vibration": null, "direction": null, "traffic_calming": null, "description": null, "man_made": null, "ele": null, "ele:DHHN92": null, "barrier": null, "note": null, "bicycle": null, "stop": null, "red_turn:right:bicycle": null, "red_turn:right": null, "old_name": null, "u": 5052297616, "v": 5541430700, "key": 0 }, "geometry": { "type": "Point", "coordinates": [ 7.1498486, 50.7519468 ] } },
{ "type": "Feature", "properties": { "element": "node", "id": 5075068307, "highway": "traffic_signals", "traffic_signals": null, "traffic_signals:direction": "backward", "button_operated": null, "check_date:tactile_paving": null, "crossing": null, "source": null, "tactile_paving": null, "traffic_signals:sound": null, "traffic_signals:vibration": null, "direction": null, "traffic_calming": null, "description": null, "man_made": null, "ele": null, "ele:DHHN92": null, "barrier": null, "note": null, "bicycle": null, "stop": null, "red_turn:right:bicycle": null, "red_turn:right": null, "old_name": null, "u": 1763377304, "v": 1436293678, "key": 0 }, "geometry": { "type": "Point", "coordinates": [ 7.1096199, 50.7202084 ] } },
{ "type": "Feature", "properties": { "element": "node", "id": 5243553651, "highway": "traffic_signals", "traffic_signals": null, "traffic_signals:direction": null, "button_operated": null, "check_date:tactile_paving": null, "crossing": null, "source": null, "tactile_paving": null, "traffic_signals:sound": null, "traffic_signals:vibration": null, "direction": "backward", "traffic_calming": null, "description": null, "man_made": null, "ele": null, "ele:DHHN92": null, "barrier": null, "note": null, "bicycle": null, "stop": null, "red_turn:right:bicycle": null, "red_turn:right": null, "old_name": null, "u": 30811852, "v": 1820834756, "key": 0 }, "geometry": { "type": "Point", "coordinates": [ 7.0949363, 50.7334168 ] } },
{ "type": "Feature", "properties": { "element": "node", "id": 5243553651, "highway": "traffic_signals", "traffic_signals": null, "traffic_signals:direction": null, "button_operated": null, "check_date:tactile_paving": null, "crossing": null, "source": null, "tactile_paving": null, "traffic_signals:sound": null, "traffic_signals:vibration": null, "direction": "backward", "traffic_calming": null, "description": null, "man_made": null, "ele": null, "ele:DHHN92": null, "barrier": null, "note": null, "bicycle": null, "stop": null, "red_turn:right:bicycle": null, "red_turn:right": null, "old_name": null, "u": 1820834756, "v": 30811852, "key": 0 }, "geometry": { "type": "Point", "coordinates": [ 7.0949363, 50.7334168 ] } },
{ "type": "Feature", "properties": { "element": "node", "id": 5329669469, "highway": "traffic_signals", "traffic_signals": null, "traffic_signals:direction": null, "button_operated": null, "check_date:tactile_paving": null, "crossing": null, "source": null, "tactile_paving": null, "traffic_signals:sound": null, "traffic_signals:vibration": null, "direction": null, "traffic_calming": null, "description": null, "man_made": null, "ele": null, "ele:DHHN92": null, "barrier": null, "note": null, "bicycle": null, "stop": null, "red_turn:right:bicycle": null, "red_turn:right": null, "old_name": null, "u": 31728648, "v": 150982887, "key": 0 }, "geometry": { "type": "Point", "coordinates": [ 7.0945854, 50.7332372 ] } },
{ "type": "Feature", "properties": { "element": "node", "id": 5329669469, "highway": "traffic_signals", "traffic_signals": null, "traffic_signals:direction": null, "button_operated": null, "check_date:tactile_paving": null, "crossing": null, "source": null, "tactile_paving": null, "traffic_signals:sound": null, "traffic_signals:vibration": null, "direction": null, "traffic_calming": null, "description": null, "man_made": null, "ele": null, "ele:DHHN92": null, "barrier": null, "note": null, "bicycle": null, "stop": null, "red_turn:right:bicycle": null, "red_turn:right": null, "old_name": null, "u": 150982887, "v": 31728648, "key": 0 }, "geometry": { "type": "Point", "coordinates": [ 7.0945854, 50.7332372 ] } },
{ "type": "Feature", "properties": { "element": "node", "id": 5379087442, "highway": "traffic_signals", "traffic_signals": null, "traffic_signals:direction": null, "button_operated": null, "check_date:tactile_paving": null, "crossing": null, "source": null, "tactile_paving": null, "traffic_signals:sound": null, "traffic_signals:vibration": null, "direction": null, "traffic_calming": null, "description": null, "man_made": null, "ele": null, "ele:DHHN92": null, "barrier": null, "note": null, "bicycle": null, "stop": null, "red_turn:right:bicycle": null, "red_turn:right": null, "old_name": null, "u": 5379087442, "v": 26402302, "key": 0 }, "geometry": { "type": "Point", "coordinates": [ 7.0990529, 50.7403428 ] } },
{ "type": "Feature", "properties": { "element": "node", "id": 5379087442, "highway": "traffic_signals", "traffic_signals": null, "traffic_signals:direction": null, "button_operated": null, "check_date:tactile_paving": null, "crossing": null, "source": null, "tactile_paving": null, "traffic_signals:sound": null, "traffic_signals:vibration": null, "direction": null, "traffic_calming": null, "description": null, "man_made": null, "ele": null, "ele:DHHN92": null, "barrier": null, "note": null, "bicycle": null, "stop": null, "red_turn:right:bicycle": null, "red_turn:right": null, "old_name": null, "u": 26402302, "v": 5379087442, "key": 0 }, "geometry": { "type": "Point", "coordinates": [ 7.0990529, 50.7403428 ] } },
{ "type": "Feature", "properties": { "element": "node", "id": 5379087442, "highway": "traffic_signals", "traffic_signals": null, "traffic_signals:direction": null, "button_operated": null, "check_date:tactile_paving": null, "crossing": null, "source": null, "tactile_paving": null, "traffic_signals:sound": null, "traffic_signals:vibration": null, "direction": null, "traffic_calming": null, "description": null, "man_made": null, "ele": null, "ele:DHHN92": null, "barrier": null, "note": null, "bicycle": null, "stop": null, "red_turn:right:bicycle": null, "red_turn:right": null, "old_name": null, "u": 5379087442, "v": 1578555839, "key": 0 }, "geometry": { "type": "Point", "coordinates": [ 7.0990529, 50.7403428 ] } },
{ "type": "Feature", "properties": { "element": "node", "id": 5379087442, "highway": "traffic_signals", "traffic_signals": null, "traffic_signals:direction": null, "button_operated": null, "check_date:tactile_paving": null, "crossing": null, "source": null, "tactile_paving": null, "traffic_signals:sound": null, "traffic_signals:vibration": null, "direction": null, "traffic_calming": null, "description": null, "man_made": null, "ele": null, "ele:DHHN92": null, "barrier": null, "note": null, "bicycle": null, "stop": null, "red_turn:right:bicycle": null, "red_turn:right": null, "old_name": null, "u": 1578555839, "v": 5379087442, "key": 0 }, "geometry": { "type": "Point", "coordinates": [ 7.0990529, 50.7403428 ] } },
{ "type": "Feature", "properties": { "element": "node", "id": 5379087442, "highway": "traffic_signals", "traffic_signals": null, "traffic_signals:direction": null, "button_operated": null, "check_date:tactile_paving": null, "crossing": null, "source": null, "tactile_paving": null, "traffic_signals:sound": null, "traffic_signals:vibration": null, "direction": null, "traffic_calming": null, "description": null, "man_made": null, "ele": null, "ele:DHHN92": null, "barrier": null, "note": null, "bicycle": null, "stop": null, "red_turn:right:bicycle": null, "red_turn:right": null, "old_name": null, "u": 5379087442, "v": 1578555849, "key": 0 }, "geometry": { "type": "Point", "coordinates": [ 7.0990529, 50.7403428 ] } },
{ "type": "Feature", "properties": { "element": "node", "id": 5379087442, "highway": "traffic_signals", "traffic_signals": null, "traffic_signals:direction": null, "button_operated": null, "check_date:tactile_paving": null, "crossing": null, "source": null, "tactile_paving": null, "traffic_signals:sound": null, "traffic_signals:vibration": null, "direction": null, "traffic_calming": null, "description": null, "man_made": null, "ele": null, "ele:DHHN92": null, "barrier": null, "note": null, "bicycle": null, "stop": null, "red_turn:right:bicycle": null, "red_turn:right": null, "old_name": null, "u": 27411476, "v": 5379087442, "key": 0 }, "geometry": { "type": "Point", "coordinates": [ 7.0990529, 50.7403428 ] } },
{ "type": "Feature", "properties": { "element": "node", "id": 5423654361, "highway": "traffic_signals", "traffic_signals": null, "traffic_signals:direction": null, "button_operated": "yes", "check_date:tactile_paving": null, "crossing": "traffic_signals", "source": null, "tactile_paving": "no", "traffic_signals:sound": "yes", "traffic_signals:vibration": "no", "direction": null, "traffic_calming": null, "description": null, "man_made": null, "ele": null, "ele:DHHN92": null, "barrier": null, "note": null, "bicycle": null, "stop": null, "red_turn:right:bicycle": null, "red_turn:right": null, "old_name": null, "u": 30232679, "v": 26606656, "key": 0 }, "geometry": { "type": "Point", "coordinates": [ 7.0625217, 50.7470918 ] } },
{ "type": "Feature", "properties": { "element": "node", "id": 5423654361, "highway": "traffic_signals", "traffic_signals": null, "traffic_signals:direction": null, "button_operated": "yes", "check_date:tactile_paving": null, "crossing": "traffic_signals", "source": null, "tactile_paving": "no", "traffic_signals:sound": "yes", "traffic_signals:vibration": "no", "direction": null, "traffic_calming": null, "description": null, "man_made": null, "ele": null, "ele:DHHN92": null, "barrier": null, "note": null, "bicycle": null, "stop": null, "red_turn:right:bicycle": null, "red_turn:right": null, "old_name": null, "u": 26606656, "v": 30232679, "key": 0 }, "geometry": { "type": "Point", "coordinates": [ 7.0625217, 50.7470918 ] } },
{ "type": "Feature", "properties": { "element": "node", "id": 5542498280, "highway": "traffic_signals", "traffic_signals": null, "traffic_signals:direction": null, "button_operated": null, "check_date:tactile_paving": null, "crossing": "no", "source": null, "tactile_paving": null, "traffic_signals:sound": null, "traffic_signals:vibration": null, "direction": null, "traffic_calming": null, "description": null, "man_made": null, "ele": null, "ele:DHHN92": null, "barrier": null, "note": null, "bicycle": null, "stop": null, "red_turn:right:bicycle": null, "red_turn:right": null, "old_name": null, "u": 5541430696, "v": 5541430694, "key": 0 }, "geometry": { "type": "Point", "coordinates": [ 7.1491673, 50.7520415 ] } },
{ "type": "Feature", "properties": { "element": "node", "id": 5569709933, "highway": "traffic_signals", "traffic_signals": null, "traffic_signals:direction": null, "button_operated": "yes", "check_date:tactile_paving": null, "crossing": "traffic_signals", "source": null, "tactile_paving": "no", "traffic_signals:sound": "yes", "traffic_signals:vibration": "no", "direction": null, "traffic_calming": null, "description": null, "man_made": null, "ele": null, "ele:DHHN92": null, "barrier": null, "note": null, "bicycle": null, "stop": null, "red_turn:right:bicycle": null, "red_turn:right": null, "old_name": null, "u": 84596184, "v": 1301991193, "key": 0 }, "geometry": { "type": "Point", "coordinates": [ 7.0891182, 50.7367477 ] } },
{ "type": "Feature", "properties": { "element": "node", "id": 5577400040, "highway": "traffic_signals", "traffic_signals": null, "traffic_signals:direction": "backward", "button_operated": null, "check_date:tactile_paving": null, "crossing": null, "source": null, "tactile_paving": null, "traffic_signals:sound": null, "traffic_signals:vibration": null, "direction": null, "traffic_calming": null, "description": null, "man_made": null, "ele": null, "ele:DHHN92": null, "barrier": null, "note": null, "bicycle": null, "stop": null, "red_turn:right:bicycle": null, "red_turn:right": null, "old_name": null, "u": 31315464, "v": 31448067, "key": 0 }, "geometry": { "type": "Point", "coordinates": [ 7.1244404, 50.7090945 ] } },
{ "type": "Feature", "properties": { "element": "node", "id": 5577400040, "highway": "traffic_signals", "traffic_signals": null, "traffic_signals:direction": "backward", "button_operated": null, "check_date:tactile_paving": null, "crossing": null, "source": null, "tactile_paving": null, "traffic_signals:sound": null, "traffic_signals:vibration": null, "direction": null, "traffic_calming": null, "description": null, "man_made": null, "ele": null, "ele:DHHN92": null, "barrier": null, "note": null, "bicycle": null, "stop": null, "red_turn:right:bicycle": null, "red_turn:right": null, "old_name": null, "u": 31448067, "v": 31315464, "key": 0 }, "geometry": { "type": "Point", "coordinates": [ 7.1244404, 50.7090945 ] } },
{ "type": "Feature", "properties": { "element": "node", "id": 5577400041, "highway": "traffic_signals", "traffic_signals": null, "traffic_signals:direction": "forward", "button_operated": null, "check_date:tactile_paving": null, "crossing": null, "source": null, "tactile_paving": null, "traffic_signals:sound": null, "traffic_signals:vibration": null, "direction": null, "traffic_calming": null, "description": null, "man_made": null, "ele": null, "ele:DHHN92": null, "barrier": null, "note": null, "bicycle": null, "stop": null, "red_turn:right:bicycle": null, "red_turn:right": null, "old_name": null, "u": 31448067, "v": 1597808271, "key": 0 }, "geometry": { "type": "Point", "coordinates": [ 7.1240571, 50.7089508 ] } },
{ "type": "Feature", "properties": { "element": "node", "id": 5577400041, "highway": "traffic_signals", "traffic_signals": null, "traffic_signals:direction": "forward", "button_operated": null, "check_date:tactile_paving": null, "crossing": null, "source": null, "tactile_paving": null, "traffic_signals:sound": null, "traffic_signals:vibration": null, "direction": null, "traffic_calming": null, "description": null, "man_made": null, "ele": null, "ele:DHHN92": null, "barrier": null, "note": null, "bicycle": null, "stop": null, "red_turn:right:bicycle": null, "red_turn:right": null, "old_name": null, "u": 1597808271, "v": 31448067, "key": 0 }, "geometry": { "type": "Point", "coordinates": [ 7.1240571, 50.7089508 ] } },
{ "type": "Feature", "properties": { "element": "node", "id": 5577400053, "highway": "traffic_signals", "traffic_signals": null, "traffic_signals:direction": null, "button_operated": null, "check_date:tactile_paving": null, "crossing": null, "source": null, "tactile_paving": null, "traffic_signals:sound": null, "traffic_signals:vibration": null, "direction": null, "traffic_calming": null, "description": null, "man_made": null, "ele": null, "ele:DHHN92": null, "barrier": null, "note": null, "bicycle": null, "stop": null, "red_turn:right:bicycle": null, "red_turn:right": null, "old_name": null, "u": 34184970, "v": 103956544, "key": 0 }, "geometry": { "type": "Point", "coordinates": [ 7.1275461, 50.7106038 ] } },
{ "type": "Feature", "properties": { "element": "node", "id": 5577400073, "highway": "traffic_signals", "traffic_signals": null, "traffic_signals:direction": "forward", "button_operated": null, "check_date:tactile_paving": null, "crossing": null, "source": null, "tactile_paving": null, "traffic_signals:sound": null, "traffic_signals:vibration": null, "direction": null, "traffic_calming": null, "description": null, "man_made": null, "ele": null, "ele:DHHN92": null, "barrier": null, "note": null, "bicycle": null, "stop": null, "red_turn:right:bicycle": null, "red_turn:right": null, "old_name": null, "u": 268279548, "v": 31448067, "key": 0 }, "geometry": { "type": "Point", "coordinates": [ 7.1243146, 50.708728 ] } },
{ "type": "Feature", "properties": { "element": "node", "id": 5577400073, "highway": "traffic_signals", "traffic_signals": null, "traffic_signals:direction": "forward", "button_operated": null, "check_date:tactile_paving": null, "crossing": null, "source": null, "tactile_paving": null, "traffic_signals:sound": null, "traffic_signals:vibration": null, "direction": null, "traffic_calming": null, "description": null, "man_made": null, "ele": null, "ele:DHHN92": null, "barrier": null, "note": null, "bicycle": null, "stop": null, "red_turn:right:bicycle": null, "red_turn:right": null, "old_name": null, "u": 31448067, "v": 268279548, "key": 0 }, "geometry": { "type": "Point", "coordinates": [ 7.1243146, 50.708728 ] } },
{ "type": "Feature", "properties": { "element": "node", "id": 5577400074, "highway": "traffic_signals", "traffic_signals": null, "traffic_signals:direction": "forward", "button_operated": null, "check_date:tactile_paving": null, "crossing": null, "source": null, "tactile_paving": null, "traffic_signals:sound": null, "traffic_signals:vibration": null, "direction": null, "traffic_calming": null, "description": null, "man_made": null, "ele": null, "ele:DHHN92": null, "barrier": null, "note": null, "bicycle": null, "stop": null, "red_turn:right:bicycle": null, "red_turn:right": null, "old_name": null, "u": 31448067, "v": 332656435, "key": 0 }, "geometry": { "type": "Point", "coordinates": [ 7.1237111, 50.7083737 ] } },
{ "type": "Feature", "properties": { "element": "node", "id": 5577400074, "highway": "traffic_signals", "traffic_signals": null, "traffic_signals:direction": "forward", "button_operated": null, "check_date:tactile_paving": null, "crossing": null, "source": null, "tactile_paving": null, "traffic_signals:sound": null, "traffic_signals:vibration": null, "direction": null, "traffic_calming": null, "description": null, "man_made": null, "ele": null, "ele:DHHN92": null, "barrier": null, "note": null, "bicycle": null, "stop": null, "red_turn:right:bicycle": null, "red_turn:right": null, "old_name": null, "u": 332656435, "v": 31448067, "key": 0 }, "geometry": { "type": "Point", "coordinates": [ 7.1237111, 50.7083737 ] } },
{ "type": "Feature", "properties": { "element": "node", "id": 5577414314, "highway": "traffic_signals", "traffic_signals": null, "traffic_signals:direction": null, "button_operated": null, "check_date:tactile_paving": null, "crossing": null, "source": null, "tactile_paving": null, "traffic_signals:sound": null, "traffic_signals:vibration": null, "direction": null, "traffic_calming": null, "description": null, "man_made": null, "ele": null, "ele:DHHN92": null, "barrier": null, "note": null, "bicycle": null, "stop": null, "red_turn:right:bicycle": null, "red_turn:right": null, "old_name": null, "u": 1396183270, "v": 11883783, "key": 0 }, "geometry": { "type": "Point", "coordinates": [ 7.1315016, 50.7061918 ] } },
{ "type": "Feature", "properties": { "element": "node", "id": 5577414317, "highway": "traffic_signals", "traffic_signals": null, "traffic_signals:direction": null, "button_operated": null, "check_date:tactile_paving": null, "crossing": null, "source": null, "tactile_paving": null, "traffic_signals:sound": null, "traffic_signals:vibration": null, "direction": null, "traffic_calming": null, "description": null, "man_made": null, "ele": null, "ele:DHHN92": null, "barrier": null, "note": null, "bicycle": null, "stop": null, "red_turn:right:bicycle": null, "red_turn:right": null, "old_name": null, "u": 1600929854, "v": 34184970, "key": 0 }, "geometry": { "type": "Point", "coordinates": [ 7.1318851, 50.7063536 ] } },
{ "type": "Feature", "properties": { "element": "node", "id": 5799942463, "highway": "traffic_signals", "traffic_signals": null, "traffic_signals:direction": "backward", "button_operated": null, "check_date:tactile_paving": null, "crossing": null, "source": null, "tactile_paving": null, "traffic_signals:sound": null, "traffic_signals:vibration": null, "direction": null, "traffic_calming": null, "description": null, "man_made": null, "ele": null, "ele:DHHN92": null, "barrier": null, "note": null, "bicycle": null, "stop": null, "red_turn:right:bicycle": null, "red_turn:right": null, "old_name": null, "u": 203927258, "v": 5541430696, "key": 0 }, "geometry": { "type": "Point", "coordinates": [ 7.143534, 50.7521118 ] } },
{ "type": "Feature", "properties": { "element": "node", "id": 5799942463, "highway": "traffic_signals", "traffic_signals": null, "traffic_signals:direction": "backward", "button_operated": null, "check_date:tactile_paving": null, "crossing": null, "source": null, "tactile_paving": null, "traffic_signals:sound": null, "traffic_signals:vibration": null, "direction": null, "traffic_calming": null, "description": null, "man_made": null, "ele": null, "ele:DHHN92": null, "barrier": null, "note": null, "bicycle": null, "stop": null, "red_turn:right:bicycle": null, "red_turn:right": null, "old_name": null, "u": 5541430696, "v": 203927258, "key": 0 }, "geometry": { "type": "Point", "coordinates": [ 7.143534, 50.7521118 ] } },
{ "type": "Feature", "properties": { "element": "node", "id": 5799955157, "highway": "traffic_signals", "traffic_signals": null, "traffic_signals:direction": "backward", "button_operated": null, "check_date:tactile_paving": null, "crossing": null, "source": null, "tactile_paving": null, "traffic_signals:sound": null, "traffic_signals:vibration": null, "direction": null, "traffic_calming": null, "description": null, "man_made": null, "ele": null, "ele:DHHN92": null, "barrier": null, "note": null, "bicycle": null, "stop": null, "red_turn:right:bicycle": null, "red_turn:right": null, "old_name": null, "u": 203927258, "v": 5541430696, "key": 0 }, "geometry": { "type": "Point", "coordinates": [ 7.1399861, 50.7520183 ] } },
{ "type": "Feature", "properties": { "element": "node", "id": 5799955157, "highway": "traffic_signals", "traffic_signals": null, "traffic_signals:direction": "backward", "button_operated": null, "check_date:tactile_paving": null, "crossing": null, "source": null, "tactile_paving": null, "traffic_signals:sound": null, "traffic_signals:vibration": null, "direction": null, "traffic_calming": null, "description": null, "man_made": null, "ele": null, "ele:DHHN92": null, "barrier": null, "note": null, "bicycle": null, "stop": null, "red_turn:right:bicycle": null, "red_turn:right": null, "old_name": null, "u": 5541430696, "v": 203927258, "key": 0 }, "geometry": { "type": "Point", "coordinates": [ 7.1399861, 50.7520183 ] } },
{ "type": "Feature", "properties": { "element": "node", "id": 5846492699, "highway": "traffic_signals", "traffic_signals": null, "traffic_signals:direction": null, "button_operated": null, "check_date:tactile_paving": null, "crossing": null, "source": null, "tactile_paving": null, "traffic_signals:sound": null, "traffic_signals:vibration": null, "direction": null, "traffic_calming": null, "description": null, "man_made": null, "ele": null, "ele:DHHN92": null, "barrier": null, "note": null, "bicycle": null, "stop": null, "red_turn:right:bicycle": null, "red_turn:right": null, "old_name": null, "u": 5541430678, "v": 5541430673, "key": 0 }, "geometry": { "type": "Point", "coordinates": [ 7.1491298, 50.752218 ] } },
{ "type": "Feature", "properties": { "element": "node", "id": 5846492703, "highway": "traffic_signals", "traffic_signals": null, "traffic_signals:direction": null, "button_operated": null, "check_date:tactile_paving": null, "crossing": null, "source": null, "tactile_paving": null, "traffic_signals:sound": null, "traffic_signals:vibration": null, "direction": "backward", "traffic_calming": null, "description": null, "man_made": null, "ele": null, "ele:DHHN92": null, "barrier": null, "note": null, "bicycle": null, "stop": null, "red_turn:right:bicycle": null, "red_turn:right": null, "old_name": null, "u": 5052297616, "v": 5541430694, "key": 0 }, "geometry": { "type": "Point", "coordinates": [ 7.149699, 50.7518993 ] } },
{ "type": "Feature", "properties": { "element": "node", "id": 5846492703, "highway": "traffic_signals", "traffic_signals": null, "traffic_signals:direction": null, "button_operated": null, "check_date:tactile_paving": null, "crossing": null, "source": null, "tactile_paving": null, "traffic_signals:sound": null, "traffic_signals:vibration": null, "direction": "backward", "traffic_calming": null, "description": null, "man_made": null, "ele": null, "ele:DHHN92": null, "barrier": null, "note": null, "bicycle": null, "stop": null, "red_turn:right:bicycle": null, "red_turn:right": null, "old_name": null, "u": 5541430694, "v": 5052297616, "key": 0 }, "geometry": { "type": "Point", "coordinates": [ 7.149699, 50.7518993 ] } },
{ "type": "Feature", "properties": { "element": "node", "id": 5846492706, "highway": "traffic_signals", "traffic_signals": null, "traffic_signals:direction": null, "button_operated": null, "check_date:tactile_paving": null, "crossing": null, "source": null, "tactile_paving": null, "traffic_signals:sound": null, "traffic_signals:vibration": null, "direction": "forward", "traffic_calming": null, "description": null, "man_made": null, "ele": null, "ele:DHHN92": null, "barrier": null, "note": null, "bicycle": null, "stop": null, "red_turn:right:bicycle": null, "red_turn:right": null, "old_name": null, "u": 5541430678, "v": 26508649, "key": 0 }, "geometry": { "type": "Point", "coordinates": [ 7.1492042, 50.7522574 ] } },
{ "type": "Feature", "properties": { "element": "node", "id": 5846492706, "highway": "traffic_signals", "traffic_signals": null, "traffic_signals:direction": null, "button_operated": null, "check_date:tactile_paving": null, "crossing": null, "source": null, "tactile_paving": null, "traffic_signals:sound": null, "traffic_signals:vibration": null, "direction": "forward", "traffic_calming": null, "description": null, "man_made": null, "ele": null, "ele:DHHN92": null, "barrier": null, "note": null, "bicycle": null, "stop": null, "red_turn:right:bicycle": null, "red_turn:right": null, "old_name": null, "u": 26508649, "v": 5541430678, "key": 0 }, "geometry": { "type": "Point", "coordinates": [ 7.1492042, 50.7522574 ] } },
{ "type": "Feature", "properties": { "element": "node", "id": 5846618672, "highway": "traffic_signals", "traffic_signals": null, "traffic_signals:direction": null, "button_operated": null, "check_date:tactile_paving": null, "crossing": null, "source": null, "tactile_paving": null, "traffic_signals:sound": null, "traffic_signals:vibration": null, "direction": null, "traffic_calming": null, "description": null, "man_made": null, "ele": null, "ele:DHHN92": null, "barrier": null, "note": null, "bicycle": null, "stop": null, "red_turn:right:bicycle": null, "red_turn:right": null, "old_name": null, "u": 253070299, "v": 253070276, "key": 0 }, "geometry": { "type": "Point", "coordinates": [ 7.1158641, 50.7390618 ] } },
{ "type": "Feature", "properties": { "element": "node", "id": 5846618992, "highway": "traffic_signals", "traffic_signals": null, "traffic_signals:direction": null, "button_operated": null, "check_date:tactile_paving": null, "crossing": null, "source": null, "tactile_paving": null, "traffic_signals:sound": null, "traffic_signals:vibration": null, "direction": null, "traffic_calming": null, "description": null, "man_made": null, "ele": null, "ele:DHHN92": null, "barrier": null, "note": null, "bicycle": null, "stop": null, "red_turn:right:bicycle": null, "red_turn:right": null, "old_name": null, "u": 31180353, "v": 99365798, "key": 0 }, "geometry": { "type": "Point", "coordinates": [ 7.118692, 50.7389708 ] } },
{ "type": "Feature", "properties": { "element": "node", "id": 5846618994, "highway": "traffic_signals", "traffic_signals": null, "traffic_signals:direction": null, "button_operated": null, "check_date:tactile_paving": null, "crossing": null, "source": null, "tactile_paving": null, "traffic_signals:sound": null, "traffic_signals:vibration": null, "direction": null, "traffic_calming": null, "description": null, "man_made": null, "ele": null, "ele:DHHN92": null, "barrier": null, "note": null, "bicycle": null, "stop": null, "red_turn:right:bicycle": null, "red_turn:right": null, "old_name": null, "u": 26508679, "v": 5846619003, "key": 0 }, "geometry": { "type": "Point", "coordinates": [ 7.1173507, 50.7393065 ] } },
{ "type": "Feature", "properties": { "element": "node", "id": 5846619006, "highway": "traffic_signals", "traffic_signals": null, "traffic_signals:direction": null, "button_operated": null, "check_date:tactile_paving": null, "crossing": null, "source": null, "tactile_paving": null, "traffic_signals:sound": null, "traffic_signals:vibration": null, "direction": null, "traffic_calming": null, "description": null, "man_made": null, "ele": null, "ele:DHHN92": null, "barrier": null, "note": null, "bicycle": null, "stop": null, "red_turn:right:bicycle": null, "red_turn:right": null, "old_name": null, "u": 253070041, "v": 26508622, "key": 0 }, "geometry": { "type": "Point", "coordinates": [ 7.1170854, 50.7391249 ] } },
{ "type": "Feature", "properties": { "element": "node", "id": 5935340957, "highway": "traffic_signals", "traffic_signals": null, "traffic_signals:direction": null, "button_operated": null, "check_date:tactile_paving": null, "crossing": null, "source": null, "tactile_paving": null, "traffic_signals:sound": null, "traffic_signals:vibration": null, "direction": null, "traffic_calming": null, "description": null, "man_made": null, "ele": null, "ele:DHHN92": null, "barrier": null, "note": null, "bicycle": null, "stop": null, "red_turn:right:bicycle": null, "red_turn:right": null, "old_name": null, "u": 30408431, "v": 30413871, "key": 0 }, "geometry": { "type": "Point", "coordinates": [ 7.1002123, 50.73921 ] } },
{ "type": "Feature", "properties": { "element": "node", "id": 5935340957, "highway": "traffic_signals", "traffic_signals": null, "traffic_signals:direction": null, "button_operated": null, "check_date:tactile_paving": null, "crossing": null, "source": null, "tactile_paving": null, "traffic_signals:sound": null, "traffic_signals:vibration": null, "direction": null, "traffic_calming": null, "description": null, "man_made": null, "ele": null, "ele:DHHN92": null, "barrier": null, "note": null, "bicycle": null, "stop": null, "red_turn:right:bicycle": null, "red_turn:right": null, "old_name": null, "u": 30413871, "v": 30408431, "key": 0 }, "geometry": { "type": "Point", "coordinates": [ 7.1002123, 50.73921 ] } },
{ "type": "Feature", "properties": { "element": "node", "id": 6032268271, "highway": "traffic_signals", "traffic_signals": null, "traffic_signals:direction": null, "button_operated": "yes", "check_date:tactile_paving": null, "crossing": "traffic_signals", "source": null, "tactile_paving": "no", "traffic_signals:sound": "yes", "traffic_signals:vibration": "no", "direction": null, "traffic_calming": "island", "description": null, "man_made": null, "ele": null, "ele:DHHN92": null, "barrier": null, "note": null, "bicycle": null, "stop": null, "red_turn:right:bicycle": null, "red_turn:right": null, "old_name": null, "u": 75546508, "v": 75683220, "key": 0 }, "geometry": { "type": "Point", "coordinates": [ 7.0734064, 50.7595112 ] } },
{ "type": "Feature", "properties": { "element": "node", "id": 6032268271, "highway": "traffic_signals", "traffic_signals": null, "traffic_signals:direction": null, "button_operated": "yes", "check_date:tactile_paving": null, "crossing": "traffic_signals", "source": null, "tactile_paving": "no", "traffic_signals:sound": "yes", "traffic_signals:vibration": "no", "direction": null, "traffic_calming": "island", "description": null, "man_made": null, "ele": null, "ele:DHHN92": null, "barrier": null, "note": null, "bicycle": null, "stop": null, "red_turn:right:bicycle": null, "red_turn:right": null, "old_name": null, "u": 75683220, "v": 75546508, "key": 0 }, "geometry": { "type": "Point", "coordinates": [ 7.0734064, 50.7595112 ] } },
{ "type": "Feature", "properties": { "element": "node", "id": 6143709906, "highway": "traffic_signals", "traffic_signals": null, "traffic_signals:direction": null, "button_operated": "no", "check_date:tactile_paving": "2024-02-03", "crossing": "traffic_signals", "source": null, "tactile_paving": "no", "traffic_signals:sound": "yes", "traffic_signals:vibration": "no", "direction": null, "traffic_calming": null, "description": null, "man_made": null, "ele": null, "ele:DHHN92": null, "barrier": null, "note": null, "bicycle": null, "stop": null, "red_turn:right:bicycle": null, "red_turn:right": null, "old_name": null, "u": 30433408, "v": 1581243549, "key": 0 }, "geometry": { "type": "Point", "coordinates": [ 7.0958626, 50.7419481 ] } },
{ "type": "Feature", "properties": { "element": "node", "id": 7004600486, "highway": "traffic_signals", "traffic_signals": null, "traffic_signals:direction": "backward", "button_operated": null, "check_date:tactile_paving": null, "crossing": null, "source": null, "tactile_paving": null, "traffic_signals:sound": null, "traffic_signals:vibration": null, "direction": null, "traffic_calming": null, "description": null, "man_made": null, "ele": null, "ele:DHHN92": null, "barrier": null, "note": null, "bicycle": "yes", "stop": null, "red_turn:right:bicycle": null, "red_turn:right": null, "old_name": null, "u": 26606306, "v": 29810435, "key": 0 }, "geometry": { "type": "Point", "coordinates": [ 7.096176, 50.7370782 ] } },
{ "type": "Feature", "properties": { "element": "node", "id": 7102336524, "highway": "traffic_signals", "traffic_signals": null, "traffic_signals:direction": null, "button_operated": null, "check_date:tactile_paving": null, "crossing": null, "source": null, "tactile_paving": null, "traffic_signals:sound": null, "traffic_signals:vibration": null, "direction": null, "traffic_calming": null, "description": null, "man_made": null, "ele": null, "ele:DHHN92": null, "barrier": null, "note": null, "bicycle": null, "stop": null, "red_turn:right:bicycle": null, "red_turn:right": null, "old_name": null, "u": 26670310, "v": 30812815, "key": 0 }, "geometry": { "type": "Point", "coordinates": [ 7.1095508, 50.728387 ] } },
{ "type": "Feature", "properties": { "element": "node", "id": 7102336525, "highway": "traffic_signals", "traffic_signals": null, "traffic_signals:direction": "backward", "button_operated": null, "check_date:tactile_paving": null, "crossing": null, "source": null, "tactile_paving": null, "traffic_signals:sound": null, "traffic_signals:vibration": null, "direction": null, "traffic_calming": null, "description": null, "man_made": null, "ele": null, "ele:DHHN92": null, "barrier": null, "note": null, "bicycle": null, "stop": null, "red_turn:right:bicycle": null, "red_turn:right": null, "old_name": null, "u": 31369807, "v": 30812815, "key": 0 }, "geometry": { "type": "Point", "coordinates": [ 7.1095104, 50.7282055 ] } },
{ "type": "Feature", "properties": { "element": "node", "id": 7102336525, "highway": "traffic_signals", "traffic_signals": null, "traffic_signals:direction": "backward", "button_operated": null, "check_date:tactile_paving": null, "crossing": null, "source": null, "tactile_paving": null, "traffic_signals:sound": null, "traffic_signals:vibration": null, "direction": null, "traffic_calming": null, "description": null, "man_made": null, "ele": null, "ele:DHHN92": null, "barrier": null, "note": null, "bicycle": null, "stop": null, "red_turn:right:bicycle": null, "red_turn:right": null, "old_name": null, "u": 30812815, "v": 31369807, "key": 0 }, "geometry": { "type": "Point", "coordinates": [ 7.1095104, 50.7282055 ] } },
{ "type": "Feature", "properties": { "element": "node", "id": 7102336526, "highway": "traffic_signals", "traffic_signals": null, "traffic_signals:direction": "backward", "button_operated": null, "check_date:tactile_paving": null, "crossing": null, "source": null, "tactile_paving": null, "traffic_signals:sound": null, "traffic_signals:vibration": null, "direction": null, "traffic_calming": null, "description": null, "man_made": null, "ele": null, "ele:DHHN92": null, "barrier": null, "note": null, "bicycle": null, "stop": null, "red_turn:right:bicycle": null, "red_turn:right": null, "old_name": null, "u": 510666882, "v": 26862094, "key": 0 }, "geometry": { "type": "Point", "coordinates": [ 7.1098893, 50.7283426 ] } },
{ "type": "Feature", "properties": { "element": "node", "id": 7102336526, "highway": "traffic_signals", "traffic_signals": null, "traffic_signals:direction": "backward", "button_operated": null, "check_date:tactile_paving": null, "crossing": null, "source": null, "tactile_paving": null, "traffic_signals:sound": null, "traffic_signals:vibration": null, "direction": null, "traffic_calming": null, "description": null, "man_made": null, "ele": null, "ele:DHHN92": null, "barrier": null, "note": null, "bicycle": null, "stop": null, "red_turn:right:bicycle": null, "red_turn:right": null, "old_name": null, "u": 26862094, "v": 510666882, "key": 0 }, "geometry": { "type": "Point", "coordinates": [ 7.1098893, 50.7283426 ] } },
{ "type": "Feature", "properties": { "element": "node", "id": 7102336527, "highway": "traffic_signals", "traffic_signals": null, "traffic_signals:direction": null, "button_operated": null, "check_date:tactile_paving": null, "crossing": null, "source": null, "tactile_paving": null, "traffic_signals:sound": null, "traffic_signals:vibration": null, "direction": null, "traffic_calming": null, "description": null, "man_made": null, "ele": null, "ele:DHHN92": null, "barrier": null, "note": null, "bicycle": null, "stop": null, "red_turn:right:bicycle": null, "red_turn:right": null, "old_name": null, "u": 253108289, "v": 26862094, "key": 0 }, "geometry": { "type": "Point", "coordinates": [ 7.1098563, 50.7281488 ] } },
{ "type": "Feature", "properties": { "element": "node", "id": 7922436957, "highway": "traffic_signals", "traffic_signals": null, "traffic_signals:direction": "forward", "button_operated": null, "check_date:tactile_paving": null, "crossing": null, "source": null, "tactile_paving": null, "traffic_signals:sound": null, "traffic_signals:vibration": null, "direction": null, "traffic_calming": null, "description": null, "man_made": null, "ele": null, "ele:DHHN92": null, "barrier": null, "note": null, "bicycle": null, "stop": null, "red_turn:right:bicycle": null, "red_turn:right": null, "old_name": null, "u": 10008315810, "v": 27177393, "key": 0 }, "geometry": { "type": "Point", "coordinates": [ 7.0734255, 50.7283584 ] } },
{ "type": "Feature", "properties": { "element": "node", "id": 7922436957, "highway": "traffic_signals", "traffic_signals": null, "traffic_signals:direction": "forward", "button_operated": null, "check_date:tactile_paving": null, "crossing": null, "source": null, "tactile_paving": null, "traffic_signals:sound": null, "traffic_signals:vibration": null, "direction": null, "traffic_calming": null, "description": null, "man_made": null, "ele": null, "ele:DHHN92": null, "barrier": null, "note": null, "bicycle": null, "stop": null, "red_turn:right:bicycle": null, "red_turn:right": null, "old_name": null, "u": 27177393, "v": 10008315810, "key": 0 }, "geometry": { "type": "Point", "coordinates": [ 7.0734255, 50.7283584 ] } },
{ "type": "Feature", "properties": { "element": "node", "id": 7922436958, "highway": "traffic_signals", "traffic_signals": null, "traffic_signals:direction": null, "button_operated": null, "check_date:tactile_paving": null, "crossing": null, "source": null, "tactile_paving": null, "traffic_signals:sound": null, "traffic_signals:vibration": null, "direction": null, "traffic_calming": null, "description": null, "man_made": null, "ele": null, "ele:DHHN92": null, "barrier": null, "note": null, "bicycle": null, "stop": null, "red_turn:right:bicycle": null, "red_turn:right": null, "old_name": null, "u": 7195341555, "v": 27177390, "key": 0 }, "geometry": { "type": "Point", "coordinates": [ 7.0736853, 50.7283065 ] } },
{ "type": "Feature", "properties": { "element": "node", "id": 9036285864, "highway": "traffic_signals", "traffic_signals": "signal", "traffic_signals:direction": "forward", "button_operated": null, "check_date:tactile_paving": null, "crossing": null, "source": null, "tactile_paving": null, "traffic_signals:sound": null, "traffic_signals:vibration": null, "direction": null, "traffic_calming": null, "description": null, "man_made": null, "ele": null, "ele:DHHN92": null, "barrier": null, "note": null, "bicycle": null, "stop": null, "red_turn:right:bicycle": null, "red_turn:right": null, "old_name": null, "u": 26671945, "v": 1577149879, "key": 0 }, "geometry": { "type": "Point", "coordinates": [ 7.0985405, 50.722156 ] } },
{ "type": "Feature", "properties": { "element": "node", "id": 9036285864, "highway": "traffic_signals", "traffic_signals": "signal", "traffic_signals:direction": "forward", "button_operated": null, "check_date:tactile_paving": null, "crossing": null, "source": null, "tactile_paving": null, "traffic_signals:sound": null, "traffic_signals:vibration": null, "direction": null, "traffic_calming": null, "description": null, "man_made": null, "ele": null, "ele:DHHN92": null, "barrier": null, "note": null, "bicycle": null, "stop": null, "red_turn:right:bicycle": null, "red_turn:right": null, "old_name": null, "u": 1577149879, "v": 26671945, "key": 0 }, "geometry": { "type": "Point", "coordinates": [ 7.0985405, 50.722156 ] } },
{ "type": "Feature", "properties": { "element": "node", "id": 9036285865, "highway": "traffic_signals", "traffic_signals": "signal", "traffic_signals:direction": "forward", "button_operated": null, "check_date:tactile_paving": null, "crossing": null, "source": null, "tactile_paving": null, "traffic_signals:sound": null, "traffic_signals:vibration": null, "direction": null, "traffic_calming": null, "description": null, "man_made": null, "ele": null, "ele:DHHN92": null, "barrier": null, "note": null, "bicycle": null, "stop": null, "red_turn:right:bicycle": null, "red_turn:right": null, "old_name": null, "u": 26671945, "v": 78587380, "key": 0 }, "geometry": { "type": "Point", "coordinates": [ 7.0988303, 50.7222401 ] } },
{ "type": "Feature", "properties": { "element": "node", "id": 9036285865, "highway": "traffic_signals", "traffic_signals": "signal", "traffic_signals:direction": "forward", "button_operated": null, "check_date:tactile_paving": null, "crossing": null, "source": null, "tactile_paving": null, "traffic_signals:sound": null, "traffic_signals:vibration": null, "direction": null, "traffic_calming": null, "description": null, "man_made": null, "ele": null, "ele:DHHN92": null, "barrier": null, "note": null, "bicycle": null, "stop": null, "red_turn:right:bicycle": null, "red_turn:right": null, "old_name": null, "u": 78587380, "v": 26671945, "key": 0 }, "geometry": { "type": "Point", "coordinates": [ 7.0988303, 50.7222401 ] } },
{ "type": "Feature", "properties": { "element": "node", "id": 9036285866, "highway": "traffic_signals", "traffic_signals": "signal", "traffic_signals:direction": "backward", "button_operated": null, "check_date:tactile_paving": null, "crossing": null, "source": null, "tactile_paving": null, "traffic_signals:sound": null, "traffic_signals:vibration": null, "direction": null, "traffic_calming": null, "description": null, "man_made": null, "ele": null, "ele:DHHN92": null, "barrier": null, "note": null, "bicycle": null, "stop": null, "red_turn:right:bicycle": null, "red_turn:right": null, "old_name": null, "u": 26671945, "v": 78582826, "key": 0 }, "geometry": { "type": "Point", "coordinates": [ 7.0983847, 50.722313 ] } },
{ "type": "Feature", "properties": { "element": "node", "id": 9036285866, "highway": "traffic_signals", "traffic_signals": "signal", "traffic_signals:direction": "backward", "button_operated": null, "check_date:tactile_paving": null, "crossing": null, "source": null, "tactile_paving": null, "traffic_signals:sound": null, "traffic_signals:vibration": null, "direction": null, "traffic_calming": null, "description": null, "man_made": null, "ele": null, "ele:DHHN92": null, "barrier": null, "note": null, "bicycle": null, "stop": null, "red_turn:right:bicycle": null, "red_turn:right": null, "old_name": null, "u": 78582826, "v": 26671945, "key": 0 }, "geometry": { "type": "Point", "coordinates": [ 7.0983847, 50.722313 ] } },
{ "type": "Feature", "properties": { "element": "node", "id": 9036285867, "highway": "traffic_signals", "traffic_signals": "signal", "traffic_signals:direction": "forward", "button_operated": null, "check_date:tactile_paving": null, "crossing": null, "source": null, "tactile_paving": null, "traffic_signals:sound": null, "traffic_signals:vibration": null, "direction": null, "traffic_calming": null, "description": null, "man_made": null, "ele": null, "ele:DHHN92": null, "barrier": null, "note": null, "bicycle": null, "stop": null, "red_turn:right:bicycle": null, "red_turn:right": null, "old_name": null, "u": 78582819, "v": 26671945, "key": 0 }, "geometry": { "type": "Point", "coordinates": [ 7.0986538, 50.7224206 ] } },
{ "type": "Feature", "properties": { "element": "node", "id": 9036285867, "highway": "traffic_signals", "traffic_signals": "signal", "traffic_signals:direction": "forward", "button_operated": null, "check_date:tactile_paving": null, "crossing": null, "source": null, "tactile_paving": null, "traffic_signals:sound": null, "traffic_signals:vibration": null, "direction": null, "traffic_calming": null, "description": null, "man_made": null, "ele": null, "ele:DHHN92": null, "barrier": null, "note": null, "bicycle": null, "stop": null, "red_turn:right:bicycle": null, "red_turn:right": null, "old_name": null, "u": 26671945, "v": 78582819, "key": 0 }, "geometry": { "type": "Point", "coordinates": [ 7.0986538, 50.7224206 ] } },
{ "type": "Feature", "properties": { "element": "node", "id": 9808590469, "highway": "traffic_signals", "traffic_signals": null, "traffic_signals:direction": "forward", "button_operated": null, "check_date:tactile_paving": null, "crossing": null, "source": null, "tactile_paving": null, "traffic_signals:sound": null, "traffic_signals:vibration": null, "direction": null, "traffic_calming": null, "description": null, "man_made": null, "ele": null, "ele:DHHN92": null, "barrier": null, "note": null, "bicycle": null, "stop": null, "red_turn:right:bicycle": null, "red_turn:right": null, "old_name": null, "u": 12742196881, "v": 12742218304, "key": 0 }, "geometry": { "type": "Point", "coordinates": [ 7.1255162, 50.741987 ] } },
{ "type": "Feature", "properties": { "element": "node", "id": 9808590469, "highway": "traffic_signals", "traffic_signals": null, "traffic_signals:direction": "forward", "button_operated": null, "check_date:tactile_paving": null, "crossing": null, "source": null, "tactile_paving": null, "traffic_signals:sound": null, "traffic_signals:vibration": null, "direction": null, "traffic_calming": null, "description": null, "man_made": null, "ele": null, "ele:DHHN92": null, "barrier": null, "note": null, "bicycle": null, "stop": null, "red_turn:right:bicycle": null, "red_turn:right": null, "old_name": null, "u": 12742218304, "v": 12742196881, "key": 0 }, "geometry": { "type": "Point", "coordinates": [ 7.1255162, 50.741987 ] } },
{ "type": "Feature", "properties": { "element": "node", "id": 9869783943, "highway": "traffic_signals", "traffic_signals": "signal", "traffic_signals:direction": null, "button_operated": null, "check_date:tactile_paving": null, "crossing": null, "source": null, "tactile_paving": null, "traffic_signals:sound": null, "traffic_signals:vibration": null, "direction": null, "traffic_calming": null, "description": null, "man_made": null, "ele": null, "ele:DHHN92": null, "barrier": null, "note": null, "bicycle": null, "stop": null, "red_turn:right:bicycle": null, "red_turn:right": null, "old_name": null, "u": 330023165, "v": 31447318, "key": 0 }, "geometry": { "type": "Point", "coordinates": [ 7.1041674, 50.721134 ] } },
{ "type": "Feature", "properties": { "element": "node", "id": 9869783944, "highway": "traffic_signals", "traffic_signals": "signal", "traffic_signals:direction": null, "button_operated": null, "check_date:tactile_paving": null, "crossing": null, "source": null, "tactile_paving": null, "traffic_signals:sound": null, "traffic_signals:vibration": null, "direction": null, "traffic_calming": null, "description": null, "man_made": null, "ele": null, "ele:DHHN92": null, "barrier": null, "note": null, "bicycle": null, "stop": null, "red_turn:right:bicycle": null, "red_turn:right": null, "old_name": null, "u": 1475394985, "v": 1763396837, "key": 0 }, "geometry": { "type": "Point", "coordinates": [ 7.1043152, 50.7213488 ] } },
{ "type": "Feature", "properties": { "element": "node", "id": 9869783945, "highway": "traffic_signals", "traffic_signals": "signal", "traffic_signals:direction": null, "button_operated": null, "check_date:tactile_paving": null, "crossing": null, "source": null, "tactile_paving": null, "traffic_signals:sound": null, "traffic_signals:vibration": null, "direction": null, "traffic_calming": null, "description": null, "man_made": null, "ele": null, "ele:DHHN92": null, "barrier": null, "note": null, "bicycle": null, "stop": null, "red_turn:right:bicycle": null, "red_turn:right": null, "old_name": null, "u": 32519577, "v": 27412036, "key": 0 }, "geometry": { "type": "Point", "coordinates": [ 7.1047048, 50.7211515 ] } },
{ "type": "Feature", "properties": { "element": "node", "id": 9869783946, "highway": "traffic_signals", "traffic_signals": "signal", "traffic_signals:direction": "backward", "button_operated": null, "check_date:tactile_paving": null, "crossing": null, "source": null, "tactile_paving": null, "traffic_signals:sound": null, "traffic_signals:vibration": null, "direction": null, "traffic_calming": null, "description": null, "man_made": null, "ele": null, "ele:DHHN92": null, "barrier": null, "note": null, "bicycle": null, "stop": null, "red_turn:right:bicycle": null, "red_turn:right": null, "old_name": null, "u": 31447318, "v": 31768460, "key": 0 }, "geometry": { "type": "Point", "coordinates": [ 7.104408, 50.7209657 ] } },
{ "type": "Feature", "properties": { "element": "node", "id": 9869783946, "highway": "traffic_signals", "traffic_signals": "signal", "traffic_signals:direction": "backward", "button_operated": null, "check_date:tactile_paving": null, "crossing": null, "source": null, "tactile_paving": null, "traffic_signals:sound": null, "traffic_signals:vibration": null, "direction": null, "traffic_calming": null, "description": null, "man_made": null, "ele": null, "ele:DHHN92": null, "barrier": null, "note": null, "bicycle": null, "stop": null, "red_turn:right:bicycle": null, "red_turn:right": null, "old_name": null, "u": 31768460, "v": 31447318, "key": 0 }, "geometry": { "type": "Point", "coordinates": [ 7.104408, 50.7209657 ] } },
{ "type": "Feature", "properties": { "element": "node", "id": 9887021066, "highway": "traffic_signals", "traffic_signals": "signal", "traffic_signals:direction": "forward", "button_operated": null, "check_date:tactile_paving": null, "crossing": null, "source": null, "tactile_paving": null, "traffic_signals:sound": null, "traffic_signals:vibration": null, "direction": null, "traffic_calming": null, "description": null, "man_made": null, "ele": null, "ele:DHHN92": null, "barrier": null, "note": null, "bicycle": null, "stop": null, "red_turn:right:bicycle": null, "red_turn:right": null, "old_name": null, "u": 10716312630, "v": 1595255785, "key": 0 }, "geometry": { "type": "Point", "coordinates": [ 7.1059779, 50.7340491 ] } },
{ "type": "Feature", "properties": { "element": "node", "id": 9887021067, "highway": "traffic_signals", "traffic_signals": "signal", "traffic_signals:direction": "forward", "button_operated": null, "check_date:tactile_paving": null, "crossing": null, "source": null, "tactile_paving": null, "traffic_signals:sound": null, "traffic_signals:vibration": null, "direction": null, "traffic_calming": null, "description": null, "man_made": null, "ele": null, "ele:DHHN92": null, "barrier": null, "note": null, "bicycle": null, "stop": null, "red_turn:right:bicycle": null, "red_turn:right": null, "old_name": null, "u": 254164206, "v": 1821574903, "key": 0 }, "geometry": { "type": "Point", "coordinates": [ 7.1057923, 50.7340994 ] } },
{ "type": "Feature", "properties": { "element": "node", "id": 9930272930, "highway": "traffic_signals", "traffic_signals": "signal", "traffic_signals:direction": null, "button_operated": null, "check_date:tactile_paving": null, "crossing": null, "source": null, "tactile_paving": null, "traffic_signals:sound": null, "traffic_signals:vibration": null, "direction": null, "traffic_calming": null, "description": null, "man_made": null, "ele": null, "ele:DHHN92": null, "barrier": null, "note": null, "bicycle": null, "stop": null, "red_turn:right:bicycle": null, "red_turn:right": null, "old_name": null, "u": 26373016, "v": 246821418, "key": 0 }, "geometry": { "type": "Point", "coordinates": [ 7.0624955, 50.7220154 ] } },
{ "type": "Feature", "properties": { "element": "node", "id": 9930272932, "highway": "traffic_signals", "traffic_signals": "signal", "traffic_signals:direction": null, "button_operated": null, "check_date:tactile_paving": null, "crossing": null, "source": null, "tactile_paving": null, "traffic_signals:sound": null, "traffic_signals:vibration": null, "direction": null, "traffic_calming": null, "description": null, "man_made": null, "ele": null, "ele:DHHN92": null, "barrier": null, "note": null, "bicycle": null, "stop": null, "red_turn:right:bicycle": null, "red_turn:right": null, "old_name": null, "u": 26379133, "v": 510796100, "key": 0 }, "geometry": { "type": "Point", "coordinates": [ 7.0626331, 50.72171 ] } },
{ "type": "Feature", "properties": { "element": "node", "id": 9930272933, "highway": "traffic_signals", "traffic_signals": "signal", "traffic_signals:direction": null, "button_operated": null, "check_date:tactile_paving": null, "crossing": null, "source": null, "tactile_paving": null, "traffic_signals:sound": null, "traffic_signals:vibration": null, "direction": null, "traffic_calming": null, "description": null, "man_made": null, "ele": null, "ele:DHHN92": null, "barrier": null, "note": null, "bicycle": null, "stop": null, "red_turn:right:bicycle": null, "red_turn:right": null, "old_name": null, "u": 26372989, "v": 510796098, "key": 0 }, "geometry": { "type": "Point", "coordinates": [ 7.0622845, 50.7216553 ] } },
{ "type": "Feature", "properties": { "element": "node", "id": 9935863860, "highway": "traffic_signals", "traffic_signals": "signal", "traffic_signals:direction": null, "button_operated": null, "check_date:tactile_paving": null, "crossing": null, "source": null, "tactile_paving": null, "traffic_signals:sound": null, "traffic_signals:vibration": null, "direction": null, "traffic_calming": null, "description": null, "man_made": null, "ele": null, "ele:DHHN92": null, "barrier": null, "note": null, "bicycle": null, "stop": null, "red_turn:right:bicycle": null, "red_turn:right": null, "old_name": null, "u": 26372994, "v": 31497764, "key": 0 }, "geometry": { "type": "Point", "coordinates": [ 7.0653459, 50.7253333 ] } },
{ "type": "Feature", "properties": { "element": "node", "id": 9935863861, "highway": "traffic_signals", "traffic_signals": "signal", "traffic_signals:direction": null, "button_operated": null, "check_date:tactile_paving": null, "crossing": null, "source": null, "tactile_paving": null, "traffic_signals:sound": null, "traffic_signals:vibration": null, "direction": null, "traffic_calming": null, "description": null, "man_made": null, "ele": null, "ele:DHHN92": null, "barrier": null, "note": null, "bicycle": null, "stop": null, "red_turn:right:bicycle": null, "red_turn:right": null, "old_name": null, "u": 26373019, "v": 31497765, "key": 0 }, "geometry": { "type": "Point", "coordinates": [ 7.0655323, 50.725541 ] } },
{ "type": "Feature", "properties": { "element": "node", "id": 9935863862, "highway": "traffic_signals", "traffic_signals": "signal", "traffic_signals:direction": "forward", "button_operated": null, "check_date:tactile_paving": null, "crossing": null, "source": null, "tactile_paving": null, "traffic_signals:sound": null, "traffic_signals:vibration": null, "direction": null, "traffic_calming": null, "description": null, "man_made": null, "ele": null, "ele:DHHN92": null, "barrier": null, "note": null, "bicycle": null, "stop": null, "red_turn:right:bicycle": null, "red_turn:right": null, "old_name": null, "u": 31497769, "v": 31497764, "key": 0 }, "geometry": { "type": "Point", "coordinates": [ 7.0655575, 50.7253365 ] } },
{ "type": "Feature", "properties": { "element": "node", "id": 9935863862, "highway": "traffic_signals", "traffic_signals": "signal", "traffic_signals:direction": "forward", "button_operated": null, "check_date:tactile_paving": null, "crossing": null, "source": null, "tactile_paving": null, "traffic_signals:sound": null, "traffic_signals:vibration": null, "direction": null, "traffic_calming": null, "description": null, "man_made": null, "ele": null, "ele:DHHN92": null, "barrier": null, "note": null, "bicycle": null, "stop": null, "red_turn:right:bicycle": null, "red_turn:right": null, "old_name": null, "u": 31497764, "v": 31497769, "key": 0 }, "geometry": { "type": "Point", "coordinates": [ 7.0655575, 50.7253365 ] } },
{ "type": "Feature", "properties": { "element": "node", "id": 9991976318, "highway": "traffic_signals", "traffic_signals": null, "traffic_signals:direction": "backward", "button_operated": null, "check_date:tactile_paving": null, "crossing": null, "source": null, "tactile_paving": null, "traffic_signals:sound": null, "traffic_signals:vibration": null, "direction": null, "traffic_calming": null, "description": null, "man_made": null, "ele": null, "ele:DHHN92": null, "barrier": null, "note": null, "bicycle": null, "stop": null, "red_turn:right:bicycle": null, "red_turn:right": null, "old_name": null, "u": 355625990, "v": 96131311, "key": 0 }, "geometry": { "type": "Point", "coordinates": [ 7.1492093, 50.7422555 ] } },
{ "type": "Feature", "properties": { "element": "node", "id": 9991976318, "highway": "traffic_signals", "traffic_signals": null, "traffic_signals:direction": "backward", "button_operated": null, "check_date:tactile_paving": null, "crossing": null, "source": null, "tactile_paving": null, "traffic_signals:sound": null, "traffic_signals:vibration": null, "direction": null, "traffic_calming": null, "description": null, "man_made": null, "ele": null, "ele:DHHN92": null, "barrier": null, "note": null, "bicycle": null, "stop": null, "red_turn:right:bicycle": null, "red_turn:right": null, "old_name": null, "u": 96131311, "v": 355625990, "key": 0 }, "geometry": { "type": "Point", "coordinates": [ 7.1492093, 50.7422555 ] } },
{ "type": "Feature", "properties": { "element": "node", "id": 9991976319, "highway": "traffic_signals", "traffic_signals": null, "traffic_signals:direction": "backward", "button_operated": null, "check_date:tactile_paving": null, "crossing": null, "source": null, "tactile_paving": null, "traffic_signals:sound": null, "traffic_signals:vibration": null, "direction": null, "traffic_calming": null, "description": null, "man_made": null, "ele": null, "ele:DHHN92": null, "barrier": null, "note": null, "bicycle": null, "stop": null, "red_turn:right:bicycle": null, "red_turn:right": null, "old_name": null, "u": 96131723, "v": 96131311, "key": 0 }, "geometry": { "type": "Point", "coordinates": [ 7.1494682, 50.7423449 ] } },
{ "type": "Feature", "properties": { "element": "node", "id": 9991976319, "highway": "traffic_signals", "traffic_signals": null, "traffic_signals:direction": "backward", "button_operated": null, "check_date:tactile_paving": null, "crossing": null, "source": null, "tactile_paving": null, "traffic_signals:sound": null, "traffic_signals:vibration": null, "direction": null, "traffic_calming": null, "description": null, "man_made": null, "ele": null, "ele:DHHN92": null, "barrier": null, "note": null, "bicycle": null, "stop": null, "red_turn:right:bicycle": null, "red_turn:right": null, "old_name": null, "u": 96131311, "v": 96131723, "key": 0 }, "geometry": { "type": "Point", "coordinates": [ 7.1494682, 50.7423449 ] } },
{ "type": "Feature", "properties": { "element": "node", "id": 9991976320, "highway": "traffic_signals", "traffic_signals": null, "traffic_signals:direction": "forward", "button_operated": null, "check_date:tactile_paving": null, "crossing": null, "source": null, "tactile_paving": null, "traffic_signals:sound": null, "traffic_signals:vibration": null, "direction": null, "traffic_calming": null, "description": null, "man_made": null, "ele": null, "ele:DHHN92": null, "barrier": null, "note": null, "bicycle": null, "stop": null, "red_turn:right:bicycle": null, "red_turn:right": null, "old_name": null, "u": 96131311, "v": 2480863921, "key": 0 }, "geometry": { "type": "Point", "coordinates": [ 7.149602, 50.7420832 ] } },
{ "type": "Feature", "properties": { "element": "node", "id": 9991976320, "highway": "traffic_signals", "traffic_signals": null, "traffic_signals:direction": "forward", "button_operated": null, "check_date:tactile_paving": null, "crossing": null, "source": null, "tactile_paving": null, "traffic_signals:sound": null, "traffic_signals:vibration": null, "direction": null, "traffic_calming": null, "description": null, "man_made": null, "ele": null, "ele:DHHN92": null, "barrier": null, "note": null, "bicycle": null, "stop": null, "red_turn:right:bicycle": null, "red_turn:right": null, "old_name": null, "u": 2480863921, "v": 96131311, "key": 0 }, "geometry": { "type": "Point", "coordinates": [ 7.149602, 50.7420832 ] } },
{ "type": "Feature", "properties": { "element": "node", "id": 9991976322, "highway": "traffic_signals", "traffic_signals": null, "traffic_signals:direction": "forward", "button_operated": null, "check_date:tactile_paving": null, "crossing": null, "source": null, "tactile_paving": null, "traffic_signals:sound": null, "traffic_signals:vibration": null, "direction": null, "traffic_calming": null, "description": null, "man_made": null, "ele": null, "ele:DHHN92": null, "barrier": null, "note": null, "bicycle": null, "stop": null, "red_turn:right:bicycle": null, "red_turn:right": null, "old_name": null, "u": 96131311, "v": 96131308, "key": 0 }, "geometry": { "type": "Point", "coordinates": [ 7.1494149, 50.7419874 ] } },
{ "type": "Feature", "properties": { "element": "node", "id": 9991976322, "highway": "traffic_signals", "traffic_signals": null, "traffic_signals:direction": "forward", "button_operated": null, "check_date:tactile_paving": null, "crossing": null, "source": null, "tactile_paving": null, "traffic_signals:sound": null, "traffic_signals:vibration": null, "direction": null, "traffic_calming": null, "description": null, "man_made": null, "ele": null, "ele:DHHN92": null, "barrier": null, "note": null, "bicycle": null, "stop": null, "red_turn:right:bicycle": null, "red_turn:right": null, "old_name": null, "u": 96131308, "v": 96131311, "key": 0 }, "geometry": { "type": "Point", "coordinates": [ 7.1494149, 50.7419874 ] } },
{ "type": "Feature", "properties": { "element": "node", "id": 9994323059, "highway": "traffic_signals", "traffic_signals": "signal", "traffic_signals:direction": null, "button_operated": null, "check_date:tactile_paving": null, "crossing": null, "source": null, "tactile_paving": null, "traffic_signals:sound": null, "traffic_signals:vibration": null, "direction": null, "traffic_calming": null, "description": null, "man_made": null, "ele": null, "ele:DHHN92": null, "barrier": null, "note": null, "bicycle": null, "stop": null, "red_turn:right:bicycle": null, "red_turn:right": null, "old_name": null, "u": 1578407362, "v": 1597786788, "key": 0 }, "geometry": { "type": "Point", "coordinates": [ 7.0950465, 50.7465965 ] } },
{ "type": "Feature", "properties": { "element": "node", "id": 9995302933, "highway": "traffic_signals", "traffic_signals": null, "traffic_signals:direction": null, "button_operated": null, "check_date:tactile_paving": null, "crossing": "traffic_signals", "source": null, "tactile_paving": "no", "traffic_signals:sound": null, "traffic_signals:vibration": null, "direction": null, "traffic_calming": null, "description": null, "man_made": null, "ele": null, "ele:DHHN92": null, "barrier": null, "note": null, "bicycle": null, "stop": null, "red_turn:right:bicycle": null, "red_turn:right": null, "old_name": null, "u": 26515190, "v": 1704221068, "key": 0 }, "geometry": { "type": "Point", "coordinates": [ 7.0693586, 50.7404618 ] } },
{ "type": "Feature", "properties": { "element": "node", "id": 9995302933, "highway": "traffic_signals", "traffic_signals": null, "traffic_signals:direction": null, "button_operated": null, "check_date:tactile_paving": null, "crossing": "traffic_signals", "source": null, "tactile_paving": "no", "traffic_signals:sound": null, "traffic_signals:vibration": null, "direction": null, "traffic_calming": null, "description": null, "man_made": null, "ele": null, "ele:DHHN92": null, "barrier": null, "note": null, "bicycle": null, "stop": null, "red_turn:right:bicycle": null, "red_turn:right": null, "old_name": null, "u": 1704221068, "v": 26515190, "key": 0 }, "geometry": { "type": "Point", "coordinates": [ 7.0693586, 50.7404618 ] } },
{ "type": "Feature", "properties": { "element": "node", "id": 9998437067, "highway": "traffic_signals", "traffic_signals": "signal", "traffic_signals:direction": null, "button_operated": null, "check_date:tactile_paving": null, "crossing": null, "source": null, "tactile_paving": null, "traffic_signals:sound": null, "traffic_signals:vibration": null, "direction": null, "traffic_calming": null, "description": null, "man_made": null, "ele": null, "ele:DHHN92": null, "barrier": null, "note": null, "bicycle": null, "stop": null, "red_turn:right:bicycle": null, "red_turn:right": null, "old_name": null, "u": 321209904, "v": 253067840, "key": 0 }, "geometry": { "type": "Point", "coordinates": [ 7.1440255, 50.7285362 ] } },
{ "type": "Feature", "properties": { "element": "node", "id": 9998437067, "highway": "traffic_signals", "traffic_signals": "signal", "traffic_signals:direction": null, "button_operated": null, "check_date:tactile_paving": null, "crossing": null, "source": null, "tactile_paving": null, "traffic_signals:sound": null, "traffic_signals:vibration": null, "direction": null, "traffic_calming": null, "description": null, "man_made": null, "ele": null, "ele:DHHN92": null, "barrier": null, "note": null, "bicycle": null, "stop": null, "red_turn:right:bicycle": null, "red_turn:right": null, "old_name": null, "u": 253067840, "v": 321209904, "key": 0 }, "geometry": { "type": "Point", "coordinates": [ 7.1440255, 50.7285362 ] } },
{ "type": "Feature", "properties": { "element": "node", "id": 10002394059, "highway": "traffic_signals", "traffic_signals": "signal", "traffic_signals:direction": null, "button_operated": null, "check_date:tactile_paving": null, "crossing": null, "source": null, "tactile_paving": null, "traffic_signals:sound": null, "traffic_signals:vibration": null, "direction": null, "traffic_calming": null, "description": null, "man_made": null, "ele": null, "ele:DHHN92": null, "barrier": null, "note": null, "bicycle": null, "stop": null, "red_turn:right:bicycle": null, "red_turn:right": null, "old_name": null, "u": 26372997, "v": 27177389, "key": 0 }, "geometry": { "type": "Point", "coordinates": [ 7.0698216, 50.727126 ] } },
{ "type": "Feature", "properties": { "element": "node", "id": 10002394060, "highway": "traffic_signals", "traffic_signals": "signal", "traffic_signals:direction": null, "button_operated": null, "check_date:tactile_paving": null, "crossing": null, "source": null, "tactile_paving": null, "traffic_signals:sound": null, "traffic_signals:vibration": null, "direction": null, "traffic_calming": null, "description": null, "man_made": null, "ele": null, "ele:DHHN92": null, "barrier": null, "note": null, "bicycle": null, "stop": null, "red_turn:right:bicycle": null, "red_turn:right": null, "old_name": null, "u": 27177390, "v": 26373019, "key": 0 }, "geometry": { "type": "Point", "coordinates": [ 7.0698832, 50.7272148 ] } },
{ "type": "Feature", "properties": { "element": "node", "id": 10008283493, "highway": "traffic_signals", "traffic_signals": "signal", "traffic_signals:direction": "backward", "button_operated": null, "check_date:tactile_paving": null, "crossing": null, "source": null, "tactile_paving": null, "traffic_signals:sound": null, "traffic_signals:vibration": null, "direction": null, "traffic_calming": null, "description": null, "man_made": null, "ele": null, "ele:DHHN92": null, "barrier": null, "note": null, "bicycle": null, "stop": null, "red_turn:right:bicycle": null, "red_turn:right": null, "old_name": null, "u": 26662956, "v": 26667182, "key": 0 }, "geometry": { "type": "Point", "coordinates": [ 7.0911085, 50.7312092 ] } },
{ "type": "Feature", "properties": { "element": "node", "id": 10017642495, "highway": "traffic_signals", "traffic_signals": "signal", "traffic_signals:direction": "forward", "button_operated": null, "check_date:tactile_paving": null, "crossing": null, "source": null, "tactile_paving": null, "traffic_signals:sound": null, "traffic_signals:vibration": null, "direction": null, "traffic_calming": null, "description": null, "man_made": null, "ele": null, "ele:DHHN92": null, "barrier": null, "note": null, "bicycle": null, "stop": null, "red_turn:right:bicycle": null, "red_turn:right": null, "old_name": null, "u": 33078430, "v": 254045546, "key": 0 }, "geometry": { "type": "Point", "coordinates": [ 7.1397841, 50.7446301 ] } },
{ "type": "Feature", "properties": { "element": "node", "id": 10017642495, "highway": "traffic_signals", "traffic_signals": "signal", "traffic_signals:direction": "forward", "button_operated": null, "check_date:tactile_paving": null, "crossing": null, "source": null, "tactile_paving": null, "traffic_signals:sound": null, "traffic_signals:vibration": null, "direction": null, "traffic_calming": null, "description": null, "man_made": null, "ele": null, "ele:DHHN92": null, "barrier": null, "note": null, "bicycle": null, "stop": null, "red_turn:right:bicycle": null, "red_turn:right": null, "old_name": null, "u": 254045546, "v": 33078430, "key": 0 }, "geometry": { "type": "Point", "coordinates": [ 7.1397841, 50.7446301 ] } },
{ "type": "Feature", "properties": { "element": "node", "id": 10026083999, "highway": "traffic_signals", "traffic_signals": null, "traffic_signals:direction": "forward", "button_operated": null, "check_date:tactile_paving": null, "crossing": null, "source": null, "tactile_paving": null, "traffic_signals:sound": null, "traffic_signals:vibration": null, "direction": null, "traffic_calming": null, "description": null, "man_made": null, "ele": null, "ele:DHHN92": null, "barrier": null, "note": null, "bicycle": null, "stop": null, "red_turn:right:bicycle": "yes", "red_turn:right": null, "old_name": null, "u": 31369807, "v": 1544299627, "key": 0 }, "geometry": { "type": "Point", "coordinates": [ 7.10747, 50.7275783 ] } },
{ "type": "Feature", "properties": { "element": "node", "id": 10026084000, "highway": "traffic_signals", "traffic_signals": null, "traffic_signals:direction": "backward", "button_operated": null, "check_date:tactile_paving": null, "crossing": null, "source": null, "tactile_paving": null, "traffic_signals:sound": null, "traffic_signals:vibration": null, "direction": null, "traffic_calming": null, "description": null, "man_made": null, "ele": null, "ele:DHHN92": null, "barrier": null, "note": null, "bicycle": null, "stop": null, "red_turn:right:bicycle": null, "red_turn:right": null, "old_name": null, "u": 1544299627, "v": 31369809, "key": 0 }, "geometry": { "type": "Point", "coordinates": [ 7.1073965, 50.7274586 ] } },
{ "type": "Feature", "properties": { "element": "node", "id": 10026084000, "highway": "traffic_signals", "traffic_signals": null, "traffic_signals:direction": "backward", "button_operated": null, "check_date:tactile_paving": null, "crossing": null, "source": null, "tactile_paving": null, "traffic_signals:sound": null, "traffic_signals:vibration": null, "direction": null, "traffic_calming": null, "description": null, "man_made": null, "ele": null, "ele:DHHN92": null, "barrier": null, "note": null, "bicycle": null, "stop": null, "red_turn:right:bicycle": null, "red_turn:right": null, "old_name": null, "u": 31369809, "v": 1544299627, "key": 0 }, "geometry": { "type": "Point", "coordinates": [ 7.1073965, 50.7274586 ] } },
{ "type": "Feature", "properties": { "element": "node", "id": 10086054606, "highway": "traffic_signals", "traffic_signals": null, "traffic_signals:direction": "forward", "button_operated": null, "check_date:tactile_paving": null, "crossing": null, "source": null, "tactile_paving": null, "traffic_signals:sound": null, "traffic_signals:vibration": null, "direction": null, "traffic_calming": null, "description": null, "man_made": null, "ele": null, "ele:DHHN92": null, "barrier": null, "note": null, "bicycle": null, "stop": null, "red_turn:right:bicycle": null, "red_turn:right": null, "old_name": null, "u": 1577149734, "v": 81901692, "key": 0 }, "geometry": { "type": "Point", "coordinates": [ 7.0913229, 50.7155663 ] } },
{ "type": "Feature", "properties": { "element": "node", "id": 10086054606, "highway": "traffic_signals", "traffic_signals": null, "traffic_signals:direction": "forward", "button_operated": null, "check_date:tactile_paving": null, "crossing": null, "source": null, "tactile_paving": null, "traffic_signals:sound": null, "traffic_signals:vibration": null, "direction": null, "traffic_calming": null, "description": null, "man_made": null, "ele": null, "ele:DHHN92": null, "barrier": null, "note": null, "bicycle": null, "stop": null, "red_turn:right:bicycle": null, "red_turn:right": null, "old_name": null, "u": 81901692, "v": 1577149734, "key": 0 }, "geometry": { "type": "Point", "coordinates": [ 7.0913229, 50.7155663 ] } },
{ "type": "Feature", "properties": { "element": "node", "id": 10086054607, "highway": "traffic_signals", "traffic_signals": null, "traffic_signals:direction": "backward", "button_operated": null, "check_date:tactile_paving": null, "crossing": null, "source": null, "tactile_paving": null, "traffic_signals:sound": null, "traffic_signals:vibration": null, "direction": null, "traffic_calming": null, "description": null, "man_made": null, "ele": null, "ele:DHHN92": null, "barrier": null, "note": null, "bicycle": null, "stop": null, "red_turn:right:bicycle": null, "red_turn:right": null, "old_name": null, "u": 1577149734, "v": 81901692, "key": 0 }, "geometry": { "type": "Point", "coordinates": [ 7.0912277, 50.7155856 ] } },
{ "type": "Feature", "properties": { "element": "node", "id": 10086054607, "highway": "traffic_signals", "traffic_signals": null, "traffic_signals:direction": "backward", "button_operated": null, "check_date:tactile_paving": null, "crossing": null, "source": null, "tactile_paving": null, "traffic_signals:sound": null, "traffic_signals:vibration": null, "direction": null, "traffic_calming": null, "description": null, "man_made": null, "ele": null, "ele:DHHN92": null, "barrier": null, "note": null, "bicycle": null, "stop": null, "red_turn:right:bicycle": null, "red_turn:right": null, "old_name": null, "u": 81901692, "v": 1577149734, "key": 0 }, "geometry": { "type": "Point", "coordinates": [ 7.0912277, 50.7155856 ] } },
{ "type": "Feature", "properties": { "element": "node", "id": 10106868040, "highway": "traffic_signals", "traffic_signals": "pedestrian_crossing", "traffic_signals:direction": "forward", "button_operated": null, "check_date:tactile_paving": null, "crossing": null, "source": null, "tactile_paving": null, "traffic_signals:sound": null, "traffic_signals:vibration": null, "direction": null, "traffic_calming": null, "description": null, "man_made": null, "ele": null, "ele:DHHN92": null, "barrier": null, "note": null, "bicycle": null, "stop": null, "red_turn:right:bicycle": null, "red_turn:right": null, "old_name": null, "u": 83359483, "v": 1569496026, "key": 0 }, "geometry": { "type": "Point", "coordinates": [ 7.0864342, 50.719483 ] } },
{ "type": "Feature", "properties": { "element": "node", "id": 10106868040, "highway": "traffic_signals", "traffic_signals": "pedestrian_crossing", "traffic_signals:direction": "forward", "button_operated": null, "check_date:tactile_paving": null, "crossing": null, "source": null, "tactile_paving": null, "traffic_signals:sound": null, "traffic_signals:vibration": null, "direction": null, "traffic_calming": null, "description": null, "man_made": null, "ele": null, "ele:DHHN92": null, "barrier": null, "note": null, "bicycle": null, "stop": null, "red_turn:right:bicycle": null, "red_turn:right": null, "old_name": null, "u": 1569496026, "v": 83359483, "key": 0 }, "geometry": { "type": "Point", "coordinates": [ 7.0864342, 50.719483 ] } },
{ "type": "Feature", "properties": { "element": "node", "id": 10106868041, "highway": "traffic_signals", "traffic_signals": "pedestrian_crossing", "traffic_signals:direction": "backward", "button_operated": null, "check_date:tactile_paving": null, "crossing": null, "source": null, "tactile_paving": null, "traffic_signals:sound": null, "traffic_signals:vibration": null, "direction": null, "traffic_calming": null, "description": null, "man_made": null, "ele": null, "ele:DHHN92": null, "barrier": null, "note": null, "bicycle": null, "stop": null, "red_turn:right:bicycle": null, "red_turn:right": null, "old_name": null, "u": 83359483, "v": 1569496026, "key": 0 }, "geometry": { "type": "Point", "coordinates": [ 7.0865026, 50.7195321 ] } },
{ "type": "Feature", "properties": { "element": "node", "id": 10106868041, "highway": "traffic_signals", "traffic_signals": "pedestrian_crossing", "traffic_signals:direction": "backward", "button_operated": null, "check_date:tactile_paving": null, "crossing": null, "source": null, "tactile_paving": null, "traffic_signals:sound": null, "traffic_signals:vibration": null, "direction": null, "traffic_calming": null, "description": null, "man_made": null, "ele": null, "ele:DHHN92": null, "barrier": null, "note": null, "bicycle": null, "stop": null, "red_turn:right:bicycle": null, "red_turn:right": null, "old_name": null, "u": 1569496026, "v": 83359483, "key": 0 }, "geometry": { "type": "Point", "coordinates": [ 7.0865026, 50.7195321 ] } },
{ "type": "Feature", "properties": { "element": "node", "id": 10153735463, "highway": "traffic_signals", "traffic_signals": null, "traffic_signals:direction": "backward", "button_operated": null, "check_date:tactile_paving": null, "crossing": null, "source": null, "tactile_paving": null, "traffic_signals:sound": null, "traffic_signals:vibration": null, "direction": null, "traffic_calming": null, "description": null, "man_made": null, "ele": null, "ele:DHHN92": null, "barrier": null, "note": null, "bicycle": null, "stop": null, "red_turn:right:bicycle": null, "red_turn:right": null, "old_name": null, "u": 494508823, "v": 1766321802, "key": 0 }, "geometry": { "type": "Point", "coordinates": [ 7.1329658, 50.7331842 ] } },
{ "type": "Feature", "properties": { "element": "node", "id": 10153735463, "highway": "traffic_signals", "traffic_signals": null, "traffic_signals:direction": "backward", "button_operated": null, "check_date:tactile_paving": null, "crossing": null, "source": null, "tactile_paving": null, "traffic_signals:sound": null, "traffic_signals:vibration": null, "direction": null, "traffic_calming": null, "description": null, "man_made": null, "ele": null, "ele:DHHN92": null, "barrier": null, "note": null, "bicycle": null, "stop": null, "red_turn:right:bicycle": null, "red_turn:right": null, "old_name": null, "u": 1766321802, "v": 494508823, "key": 0 }, "geometry": { "type": "Point", "coordinates": [ 7.1329658, 50.7331842 ] } },
{ "type": "Feature", "properties": { "element": "node", "id": 10153735464, "highway": "traffic_signals", "traffic_signals": null, "traffic_signals:direction": "forward", "button_operated": null, "check_date:tactile_paving": null, "crossing": null, "source": null, "tactile_paving": null, "traffic_signals:sound": null, "traffic_signals:vibration": null, "direction": null, "traffic_calming": null, "description": null, "man_made": null, "ele": null, "ele:DHHN92": null, "barrier": null, "note": null, "bicycle": null, "stop": null, "red_turn:right:bicycle": null, "red_turn:right": null, "old_name": null, "u": 494508823, "v": 1766321802, "key": 0 }, "geometry": { "type": "Point", "coordinates": [ 7.1329148, 50.7332339 ] } },
{ "type": "Feature", "properties": { "element": "node", "id": 10153735464, "highway": "traffic_signals", "traffic_signals": null, "traffic_signals:direction": "forward", "button_operated": null, "check_date:tactile_paving": null, "crossing": null, "source": null, "tactile_paving": null, "traffic_signals:sound": null, "traffic_signals:vibration": null, "direction": null, "traffic_calming": null, "description": null, "man_made": null, "ele": null, "ele:DHHN92": null, "barrier": null, "note": null, "bicycle": null, "stop": null, "red_turn:right:bicycle": null, "red_turn:right": null, "old_name": null, "u": 1766321802, "v": 494508823, "key": 0 }, "geometry": { "type": "Point", "coordinates": [ 7.1329148, 50.7332339 ] } },
{ "type": "Feature", "properties": { "element": "node", "id": 10153736138, "highway": "traffic_signals", "traffic_signals": null, "traffic_signals:direction": null, "button_operated": null, "check_date:tactile_paving": null, "crossing": null, "source": null, "tactile_paving": null, "traffic_signals:sound": null, "traffic_signals:vibration": null, "direction": null, "traffic_calming": null, "description": null, "man_made": null, "ele": null, "ele:DHHN92": null, "barrier": null, "note": null, "bicycle": null, "stop": null, "red_turn:right:bicycle": null, "red_turn:right": null, "old_name": null, "u": 570697593, "v": 31369780, "key": 0 }, "geometry": { "type": "Point", "coordinates": [ 7.1142421, 50.7220171 ] } },
{ "type": "Feature", "properties": { "element": "node", "id": 10153736139, "highway": "traffic_signals", "traffic_signals": null, "traffic_signals:direction": null, "button_operated": null, "check_date:tactile_paving": null, "crossing": null, "source": null, "tactile_paving": null, "traffic_signals:sound": null, "traffic_signals:vibration": null, "direction": null, "traffic_calming": null, "description": null, "man_made": null, "ele": null, "ele:DHHN92": null, "barrier": null, "note": null, "bicycle": null, "stop": null, "red_turn:right:bicycle": null, "red_turn:right": null, "old_name": null, "u": 26671369, "v": 92401976, "key": 0 }, "geometry": { "type": "Point", "coordinates": [ 7.114393, 50.7220024 ] } },
{ "type": "Feature", "properties": { "element": "node", "id": 10299723195, "highway": "traffic_signals", "traffic_signals": null, "traffic_signals:direction": null, "button_operated": null, "check_date:tactile_paving": null, "crossing": null, "source": null, "tactile_paving": null, "traffic_signals:sound": null, "traffic_signals:vibration": null, "direction": null, "traffic_calming": null, "description": null, "man_made": null, "ele": null, "ele:DHHN92": null, "barrier": null, "note": null, "bicycle": null, "stop": null, "red_turn:right:bicycle": null, "red_turn:right": null, "old_name": null, "u": 26402267, "v": 26402269, "key": 0 }, "geometry": { "type": "Point", "coordinates": [ 7.0827471, 50.7323964 ] } },
{ "type": "Feature", "properties": { "element": "node", "id": 10299723196, "highway": "traffic_signals", "traffic_signals": null, "traffic_signals:direction": null, "button_operated": null, "check_date:tactile_paving": null, "crossing": null, "source": null, "tactile_paving": null, "traffic_signals:sound": null, "traffic_signals:vibration": null, "direction": null, "traffic_calming": null, "description": null, "man_made": null, "ele": null, "ele:DHHN92": null, "barrier": null, "note": null, "bicycle": null, "stop": null, "red_turn:right:bicycle": null, "red_turn:right": null, "old_name": null, "u": 26402249, "v": 26402248, "key": 0 }, "geometry": { "type": "Point", "coordinates": [ 7.0830998, 50.7325908 ] } },
{ "type": "Feature", "properties": { "element": "node", "id": 10299723197, "highway": "traffic_signals", "traffic_signals": null, "traffic_signals:direction": "backward", "button_operated": null, "check_date:tactile_paving": null, "crossing": null, "source": null, "tactile_paving": null, "traffic_signals:sound": null, "traffic_signals:vibration": null, "direction": null, "traffic_calming": null, "description": null, "man_made": null, "ele": null, "ele:DHHN92": null, "barrier": null, "note": null, "bicycle": null, "stop": null, "red_turn:right:bicycle": null, "red_turn:right": null, "old_name": null, "u": 26402248, "v": 30926196, "key": 0 }, "geometry": { "type": "Point", "coordinates": [ 7.0827734, 50.7326572 ] } },
{ "type": "Feature", "properties": { "element": "node", "id": 10299723197, "highway": "traffic_signals", "traffic_signals": null, "traffic_signals:direction": "backward", "button_operated": null, "check_date:tactile_paving": null, "crossing": null, "source": null, "tactile_paving": null, "traffic_signals:sound": null, "traffic_signals:vibration": null, "direction": null, "traffic_calming": null, "description": null, "man_made": null, "ele": null, "ele:DHHN92": null, "barrier": null, "note": null, "bicycle": null, "stop": null, "red_turn:right:bicycle": null, "red_turn:right": null, "old_name": null, "u": 30926196, "v": 26402248, "key": 0 }, "geometry": { "type": "Point", "coordinates": [ 7.0827734, 50.7326572 ] } },
{ "type": "Feature", "properties": { "element": "node", "id": 10310490527, "highway": "traffic_signals", "traffic_signals": null, "traffic_signals:direction": "backward", "button_operated": null, "check_date:tactile_paving": null, "crossing": null, "source": null, "tactile_paving": null, "traffic_signals:sound": null, "traffic_signals:vibration": null, "direction": null, "traffic_calming": null, "description": null, "man_made": null, "ele": null, "ele:DHHN92": null, "barrier": null, "note": null, "bicycle": null, "stop": null, "red_turn:right:bicycle": null, "red_turn:right": null, "old_name": null, "u": 32310173, "v": 9029387919, "key": 0 }, "geometry": { "type": "Point", "coordinates": [ 7.1305283, 50.7368463 ] } },
{ "type": "Feature", "properties": { "element": "node", "id": 10310490527, "highway": "traffic_signals", "traffic_signals": null, "traffic_signals:direction": "backward", "button_operated": null, "check_date:tactile_paving": null, "crossing": null, "source": null, "tactile_paving": null, "traffic_signals:sound": null, "traffic_signals:vibration": null, "direction": null, "traffic_calming": null, "description": null, "man_made": null, "ele": null, "ele:DHHN92": null, "barrier": null, "note": null, "bicycle": null, "stop": null, "red_turn:right:bicycle": null, "red_turn:right": null, "old_name": null, "u": 9029387919, "v": 32310173, "key": 0 }, "geometry": { "type": "Point", "coordinates": [ 7.1305283, 50.7368463 ] } },
{ "type": "Feature", "properties": { "element": "node", "id": 10310490528, "highway": "traffic_signals", "traffic_signals": null, "traffic_signals:direction": "backward", "button_operated": null, "check_date:tactile_paving": null, "crossing": null, "source": null, "tactile_paving": null, "traffic_signals:sound": null, "traffic_signals:vibration": null, "direction": null, "traffic_calming": null, "description": null, "man_made": null, "ele": null, "ele:DHHN92": null, "barrier": null, "note": null, "bicycle": null, "stop": null, "red_turn:right:bicycle": null, "red_turn:right": null, "old_name": null, "u": 253957684, "v": 32310173, "key": 0 }, "geometry": { "type": "Point", "coordinates": [ 7.1302515, 50.7368919 ] } },
{ "type": "Feature", "properties": { "element": "node", "id": 10310490528, "highway": "traffic_signals", "traffic_signals": null, "traffic_signals:direction": "backward", "button_operated": null, "check_date:tactile_paving": null, "crossing": null, "source": null, "tactile_paving": null, "traffic_signals:sound": null, "traffic_signals:vibration": null, "direction": null, "traffic_calming": null, "description": null, "man_made": null, "ele": null, "ele:DHHN92": null, "barrier": null, "note": null, "bicycle": null, "stop": null, "red_turn:right:bicycle": null, "red_turn:right": null, "old_name": null, "u": 32310173, "v": 253957684, "key": 0 }, "geometry": { "type": "Point", "coordinates": [ 7.1302515, 50.7368919 ] } },
{ "type": "Feature", "properties": { "element": "node", "id": 10310490529, "highway": "traffic_signals", "traffic_signals": null, "traffic_signals:direction": "backward", "button_operated": null, "check_date:tactile_paving": null, "crossing": null, "source": null, "tactile_paving": null, "traffic_signals:sound": null, "traffic_signals:vibration": null, "direction": null, "traffic_calming": null, "description": null, "man_made": null, "ele": null, "ele:DHHN92": null, "barrier": null, "note": null, "bicycle": null, "stop": null, "red_turn:right:bicycle": null, "red_turn:right": null, "old_name": null, "u": 32310173, "v": 494508823, "key": 0 }, "geometry": { "type": "Point", "coordinates": [ 7.1304258, 50.7366394 ] } },
{ "type": "Feature", "properties": { "element": "node", "id": 10310490529, "highway": "traffic_signals", "traffic_signals": null, "traffic_signals:direction": "backward", "button_operated": null, "check_date:tactile_paving": null, "crossing": null, "source": null, "tactile_paving": null, "traffic_signals:sound": null, "traffic_signals:vibration": null, "direction": null, "traffic_calming": null, "description": null, "man_made": null, "ele": null, "ele:DHHN92": null, "barrier": null, "note": null, "bicycle": null, "stop": null, "red_turn:right:bicycle": null, "red_turn:right": null, "old_name": null, "u": 494508823, "v": 32310173, "key": 0 }, "geometry": { "type": "Point", "coordinates": [ 7.1304258, 50.7366394 ] } },
{ "type": "Feature", "properties": { "element": "node", "id": 10588827382, "highway": "traffic_signals", "traffic_signals": null, "traffic_signals:direction": "forward", "button_operated": null, "check_date:tactile_paving": null, "crossing": "no", "source": null, "tactile_paving": null, "traffic_signals:sound": null, "traffic_signals:vibration": null, "direction": null, "traffic_calming": null, "description": null, "man_made": null, "ele": null, "ele:DHHN92": null, "barrier": null, "note": null, "bicycle": null, "stop": null, "red_turn:right:bicycle": null, "red_turn:right": null, "old_name": null, "u": 26862094, "v": 84401369, "key": 0 }, "geometry": { "type": "Point", "coordinates": [ 7.1087679, 50.7296726 ] } },
{ "type": "Feature", "properties": { "element": "node", "id": 10915881355, "highway": "traffic_signals", "traffic_signals": null, "traffic_signals:direction": "forward", "button_operated": null, "check_date:tactile_paving": null, "crossing": null, "source": null, "tactile_paving": null, "traffic_signals:sound": null, "traffic_signals:vibration": null, "direction": null, "traffic_calming": null, "description": null, "man_made": null, "ele": null, "ele:DHHN92": null, "barrier": null, "note": null, "bicycle": null, "stop": null, "red_turn:right:bicycle": null, "red_turn:right": null, "old_name": null, "u": 2703373, "v": 30273940, "key": 0 }, "geometry": { "type": "Point", "coordinates": [ 7.0961725, 50.7515355 ] } },
{ "type": "Feature", "properties": { "element": "node", "id": 10915881355, "highway": "traffic_signals", "traffic_signals": null, "traffic_signals:direction": "forward", "button_operated": null, "check_date:tactile_paving": null, "crossing": null, "source": null, "tactile_paving": null, "traffic_signals:sound": null, "traffic_signals:vibration": null, "direction": null, "traffic_calming": null, "description": null, "man_made": null, "ele": null, "ele:DHHN92": null, "barrier": null, "note": null, "bicycle": null, "stop": null, "red_turn:right:bicycle": null, "red_turn:right": null, "old_name": null, "u": 30273940, "v": 2703373, "key": 0 }, "geometry": { "type": "Point", "coordinates": [ 7.0961725, 50.7515355 ] } },
{ "type": "Feature", "properties": { "element": "node", "id": 10915881356, "highway": "traffic_signals", "traffic_signals": null, "traffic_signals:direction": "backward", "button_operated": null, "check_date:tactile_paving": null, "crossing": null, "source": null, "tactile_paving": null, "traffic_signals:sound": null, "traffic_signals:vibration": null, "direction": null, "traffic_calming": null, "description": null, "man_made": null, "ele": null, "ele:DHHN92": null, "barrier": null, "note": null, "bicycle": null, "stop": null, "red_turn:right:bicycle": null, "red_turn:right": null, "old_name": null, "u": 2703373, "v": 30273940, "key": 0 }, "geometry": { "type": "Point", "coordinates": [ 7.0961253, 50.7515944 ] } },
{ "type": "Feature", "properties": { "element": "node", "id": 10915881356, "highway": "traffic_signals", "traffic_signals": null, "traffic_signals:direction": "backward", "button_operated": null, "check_date:tactile_paving": null, "crossing": null, "source": null, "tactile_paving": null, "traffic_signals:sound": null, "traffic_signals:vibration": null, "direction": null, "traffic_calming": null, "description": null, "man_made": null, "ele": null, "ele:DHHN92": null, "barrier": null, "note": null, "bicycle": null, "stop": null, "red_turn:right:bicycle": null, "red_turn:right": null, "old_name": null, "u": 30273940, "v": 2703373, "key": 0 }, "geometry": { "type": "Point", "coordinates": [ 7.0961253, 50.7515944 ] } },
{ "type": "Feature", "properties": { "element": "node", "id": 10948643796, "highway": "traffic_signals", "traffic_signals": null, "traffic_signals:direction": "forward", "button_operated": null, "check_date:tactile_paving": null, "crossing": null, "source": null, "tactile_paving": null, "traffic_signals:sound": null, "traffic_signals:vibration": null, "direction": null, "traffic_calming": null, "description": null, "man_made": null, "ele": null, "ele:DHHN92": null, "barrier": null, "note": null, "bicycle": null, "stop": null, "red_turn:right:bicycle": null, "red_turn:right": null, "old_name": null, "u": 33078435, "v": 471888600, "key": 0 }, "geometry": { "type": "Point", "coordinates": [ 7.1420595, 50.745527 ] } },
{ "type": "Feature", "properties": { "element": "node", "id": 10948643796, "highway": "traffic_signals", "traffic_signals": null, "traffic_signals:direction": "forward", "button_operated": null, "check_date:tactile_paving": null, "crossing": null, "source": null, "tactile_paving": null, "traffic_signals:sound": null, "traffic_signals:vibration": null, "direction": null, "traffic_calming": null, "description": null, "man_made": null, "ele": null, "ele:DHHN92": null, "barrier": null, "note": null, "bicycle": null, "stop": null, "red_turn:right:bicycle": null, "red_turn:right": null, "old_name": null, "u": 471888600, "v": 33078435, "key": 0 }, "geometry": { "type": "Point", "coordinates": [ 7.1420595, 50.745527 ] } },
{ "type": "Feature", "properties": { "element": "node", "id": 10948643797, "highway": "traffic_signals", "traffic_signals": null, "traffic_signals:direction": "backward", "button_operated": null, "check_date:tactile_paving": null, "crossing": null, "source": null, "tactile_paving": null, "traffic_signals:sound": null, "traffic_signals:vibration": null, "direction": null, "traffic_calming": null, "description": null, "man_made": null, "ele": null, "ele:DHHN92": null, "barrier": null, "note": null, "bicycle": null, "stop": null, "red_turn:right:bicycle": null, "red_turn:right": null, "old_name": null, "u": 33078435, "v": 471888600, "key": 0 }, "geometry": { "type": "Point", "coordinates": [ 7.1422591, 50.7455703 ] } },
{ "type": "Feature", "properties": { "element": "node", "id": 10948643797, "highway": "traffic_signals", "traffic_signals": null, "traffic_signals:direction": "backward", "button_operated": null, "check_date:tactile_paving": null, "crossing": null, "source": null, "tactile_paving": null, "traffic_signals:sound": null, "traffic_signals:vibration": null, "direction": null, "traffic_calming": null, "description": null, "man_made": null, "ele": null, "ele:DHHN92": null, "barrier": null, "note": null, "bicycle": null, "stop": null, "red_turn:right:bicycle": null, "red_turn:right": null, "old_name": null, "u": 471888600, "v": 33078435, "key": 0 }, "geometry": { "type": "Point", "coordinates": [ 7.1422591, 50.7455703 ] } },
{ "type": "Feature", "properties": { "element": "node", "id": 11044840690, "highway": "traffic_signals", "traffic_signals": "signal", "traffic_signals:direction": "backward", "button_operated": null, "check_date:tactile_paving": null, "crossing": null, "source": null, "tactile_paving": null, "traffic_signals:sound": null, "traffic_signals:vibration": null, "direction": null, "traffic_calming": null, "description": null, "man_made": null, "ele": null, "ele:DHHN92": null, "barrier": null, "note": null, "bicycle": null, "stop": null, "red_turn:right:bicycle": "yes", "red_turn:right": null, "old_name": null, "u": 332656443, "v": 31315455, "key": 0 }, "geometry": { "type": "Point", "coordinates": [ 7.1188905, 50.7054084 ] } },
{ "type": "Feature", "properties": { "element": "node", "id": 11044840690, "highway": "traffic_signals", "traffic_signals": "signal", "traffic_signals:direction": "backward", "button_operated": null, "check_date:tactile_paving": null, "crossing": null, "source": null, "tactile_paving": null, "traffic_signals:sound": null, "traffic_signals:vibration": null, "direction": null, "traffic_calming": null, "description": null, "man_made": null, "ele": null, "ele:DHHN92": null, "barrier": null, "note": null, "bicycle": null, "stop": null, "red_turn:right:bicycle": "yes", "red_turn:right": null, "old_name": null, "u": 31315455, "v": 332656443, "key": 0 }, "geometry": { "type": "Point", "coordinates": [ 7.1188905, 50.7054084 ] } },
{ "type": "Feature", "properties": { "element": "node", "id": 11044840691, "highway": "traffic_signals", "traffic_signals": "signal", "traffic_signals:direction": "forward", "button_operated": null, "check_date:tactile_paving": null, "crossing": null, "source": null, "tactile_paving": null, "traffic_signals:sound": null, "traffic_signals:vibration": null, "direction": null, "traffic_calming": null, "description": null, "man_made": null, "ele": null, "ele:DHHN92": null, "barrier": null, "note": null, "bicycle": null, "stop": null, "red_turn:right:bicycle": null, "red_turn:right": "yes", "old_name": null, "u": 31315455, "v": 1416529025, "key": 0 }, "geometry": { "type": "Point", "coordinates": [ 7.118449, 50.7052919 ] } },
{ "type": "Feature", "properties": { "element": "node", "id": 11044840691, "highway": "traffic_signals", "traffic_signals": "signal", "traffic_signals:direction": "forward", "button_operated": null, "check_date:tactile_paving": null, "crossing": null, "source": null, "tactile_paving": null, "traffic_signals:sound": null, "traffic_signals:vibration": null, "direction": null, "traffic_calming": null, "description": null, "man_made": null, "ele": null, "ele:DHHN92": null, "barrier": null, "note": null, "bicycle": null, "stop": null, "red_turn:right:bicycle": null, "red_turn:right": "yes", "old_name": null, "u": 1416529025, "v": 31315455, "key": 0 }, "geometry": { "type": "Point", "coordinates": [ 7.118449, 50.7052919 ] } },
{ "type": "Feature", "properties": { "element": "node", "id": 11044840693, "highway": "traffic_signals", "traffic_signals": "signal", "traffic_signals:direction": null, "button_operated": null, "check_date:tactile_paving": null, "crossing": null, "source": null, "tactile_paving": null, "traffic_signals:sound": null, "traffic_signals:vibration": null, "direction": null, "traffic_calming": null, "description": null, "man_made": null, "ele": null, "ele:DHHN92": null, "barrier": null, "note": null, "bicycle": null, "stop": null, "red_turn:right:bicycle": null, "red_turn:right": null, "old_name": null, "u": 1421773974, "v": 31315455, "key": 0 }, "geometry": { "type": "Point", "coordinates": [ 7.1185348, 50.7054539 ] } },
{ "type": "Feature", "properties": { "element": "node", "id": 11189666248, "highway": "traffic_signals", "traffic_signals": null, "traffic_signals:direction": "backward", "button_operated": null, "check_date:tactile_paving": null, "crossing": null, "source": null, "tactile_paving": null, "traffic_signals:sound": null, "traffic_signals:vibration": null, "direction": null, "traffic_calming": null, "description": null, "man_made": null, "ele": null, "ele:DHHN92": null, "barrier": null, "note": null, "bicycle": null, "stop": null, "red_turn:right:bicycle": null, "red_turn:right": null, "old_name": null, "u": 26402256, "v": 26607851, "key": 0 }, "geometry": { "type": "Point", "coordinates": [ 7.0863037, 50.7373311 ] } },
{ "type": "Feature", "properties": { "element": "node", "id": 11189666250, "highway": "traffic_signals", "traffic_signals": null, "traffic_signals:direction": "forward", "button_operated": null, "check_date:tactile_paving": null, "crossing": null, "source": null, "tactile_paving": null, "traffic_signals:sound": null, "traffic_signals:vibration": null, "direction": null, "traffic_calming": null, "description": null, "man_made": null, "ele": null, "ele:DHHN92": null, "barrier": null, "note": null, "bicycle": null, "stop": null, "red_turn:right:bicycle": null, "red_turn:right": null, "old_name": null, "u": 256488055, "v": 26402256, "key": 0 }, "geometry": { "type": "Point", "coordinates": [ 7.0866079, 50.7374234 ] } },
{ "type": "Feature", "properties": { "element": "node", "id": 11189666250, "highway": "traffic_signals", "traffic_signals": null, "traffic_signals:direction": "forward", "button_operated": null, "check_date:tactile_paving": null, "crossing": null, "source": null, "tactile_paving": null, "traffic_signals:sound": null, "traffic_signals:vibration": null, "direction": null, "traffic_calming": null, "description": null, "man_made": null, "ele": null, "ele:DHHN92": null, "barrier": null, "note": null, "bicycle": null, "stop": null, "red_turn:right:bicycle": null, "red_turn:right": null, "old_name": null, "u": 26402256, "v": 256488055, "key": 0 }, "geometry": { "type": "Point", "coordinates": [ 7.0866079, 50.7374234 ] } },
{ "type": "Feature", "properties": { "element": "node", "id": 11189666252, "highway": "traffic_signals", "traffic_signals": null, "traffic_signals:direction": "backward", "button_operated": null, "check_date:tactile_paving": null, "crossing": null, "source": null, "tactile_paving": null, "traffic_signals:sound": null, "traffic_signals:vibration": null, "direction": null, "traffic_calming": null, "description": null, "man_made": null, "ele": null, "ele:DHHN92": null, "barrier": null, "note": null, "bicycle": null, "stop": null, "red_turn:right:bicycle": null, "red_turn:right": null, "old_name": "Victoriabrücke", "u": 2132522412, "v": 26402256, "key": 0 }, "geometry": { "type": "Point", "coordinates": [ 7.0864866, 50.7372067 ] } },
{ "type": "Feature", "properties": { "element": "node", "id": 11189666252, "highway": "traffic_signals", "traffic_signals": null, "traffic_signals:direction": "backward", "button_operated": null, "check_date:tactile_paving": null, "crossing": null, "source": null, "tactile_paving": null, "traffic_signals:sound": null, "traffic_signals:vibration": null, "direction": null, "traffic_calming": null, "description": null, "man_made": null, "ele": null, "ele:DHHN92": null, "barrier": null, "note": null, "bicycle": null, "stop": null, "red_turn:right:bicycle": null, "red_turn:right": null, "old_name": "Victoriabrücke", "u": 26402256, "v": 2132522412, "key": 0 }, "geometry": { "type": "Point", "coordinates": [ 7.0864866, 50.7372067 ] } },
{ "type": "Feature", "properties": { "element": "node", "id": 11189666253, "highway": "traffic_signals", "traffic_signals": null, "traffic_signals:direction": "forward", "button_operated": null, "check_date:tactile_paving": null, "crossing": null, "source": null, "tactile_paving": null, "traffic_signals:sound": null, "traffic_signals:vibration": null, "direction": null, "traffic_calming": null, "description": null, "man_made": null, "ele": null, "ele:DHHN92": null, "barrier": null, "note": "Position temporär; steht im Zusammenhang mit der Baustellen-Einbahnstraßen-Regelung auf der Bornheimer Straße, die hier ebenfalls als permanent getäggt ist.", "bicycle": null, "stop": null, "red_turn:right:bicycle": null, "red_turn:right": null, "old_name": null, "u": 29810441, "v": 332022866, "key": 0 }, "geometry": { "type": "Point", "coordinates": [ 7.0870439, 50.7371882 ] } },
{ "type": "Feature", "properties": { "element": "node", "id": 11591435426, "highway": "traffic_signals", "traffic_signals": "signal", "traffic_signals:direction": null, "button_operated": null, "check_date:tactile_paving": null, "crossing": null, "source": null, "tactile_paving": null, "traffic_signals:sound": null, "traffic_signals:vibration": null, "direction": null, "traffic_calming": null, "description": null, "man_made": null, "ele": null, "ele:DHHN92": null, "barrier": null, "note": null, "bicycle": null, "stop": null, "red_turn:right:bicycle": null, "red_turn:right": null, "old_name": null, "u": 1595255774, "v": 253076002, "key": 0 }, "geometry": { "type": "Point", "coordinates": [ 7.10661, 50.7330189 ] } },
{ "type": "Feature", "properties": { "element": "node", "id": 11591435427, "highway": "traffic_signals", "traffic_signals": "signal", "traffic_signals:direction": null, "button_operated": null, "check_date:tactile_paving": null, "crossing": null, "source": null, "tactile_paving": null, "traffic_signals:sound": null, "traffic_signals:vibration": null, "direction": null, "traffic_calming": null, "description": null, "man_made": null, "ele": null, "ele:DHHN92": null, "barrier": null, "note": null, "bicycle": null, "stop": null, "red_turn:right:bicycle": null, "red_turn:right": null, "old_name": null, "u": 254164206, "v": 1821574903, "key": 0 }, "geometry": { "type": "Point", "coordinates": [ 7.1063808, 50.7331814 ] } },
{ "type": "Feature", "properties": { "element": "node", "id": 11754681899, "highway": "traffic_signals", "traffic_signals": null, "traffic_signals:direction": "forward", "button_operated": null, "check_date:tactile_paving": null, "crossing": null, "source": null, "tactile_paving": null, "traffic_signals:sound": null, "traffic_signals:vibration": null, "direction": null, "traffic_calming": null, "description": null, "man_made": null, "ele": null, "ele:DHHN92": null, "barrier": null, "note": null, "bicycle": null, "stop": null, "red_turn:right:bicycle": null, "red_turn:right": null, "old_name": null, "u": 50350249, "v": 26853094, "key": 0 }, "geometry": { "type": "Point", "coordinates": [ 7.1200292, 50.7514765 ] } },
{ "type": "Feature", "properties": { "element": "node", "id": 11754681899, "highway": "traffic_signals", "traffic_signals": null, "traffic_signals:direction": "forward", "button_operated": null, "check_date:tactile_paving": null, "crossing": null, "source": null, "tactile_paving": null, "traffic_signals:sound": null, "traffic_signals:vibration": null, "direction": null, "traffic_calming": null, "description": null, "man_made": null, "ele": null, "ele:DHHN92": null, "barrier": null, "note": null, "bicycle": null, "stop": null, "red_turn:right:bicycle": null, "red_turn:right": null, "old_name": null, "u": 26853094, "v": 50350249, "key": 0 }, "geometry": { "type": "Point", "coordinates": [ 7.1200292, 50.7514765 ] } },
{ "type": "Feature", "properties": { "element": "node", "id": 11754681900, "highway": "traffic_signals", "traffic_signals": null, "traffic_signals:direction": "forward", "button_operated": null, "check_date:tactile_paving": null, "crossing": null, "source": null, "tactile_paving": null, "traffic_signals:sound": null, "traffic_signals:vibration": null, "direction": null, "traffic_calming": null, "description": null, "man_made": null, "ele": null, "ele:DHHN92": null, "barrier": null, "note": null, "bicycle": null, "stop": null, "red_turn:right:bicycle": null, "red_turn:right": null, "old_name": null, "u": 26853090, "v": 26853094, "key": 0 }, "geometry": { "type": "Point", "coordinates": [ 7.1196988, 50.7515979 ] } },
{ "type": "Feature", "properties": { "element": "node", "id": 11754681900, "highway": "traffic_signals", "traffic_signals": null, "traffic_signals:direction": "forward", "button_operated": null, "check_date:tactile_paving": null, "crossing": null, "source": null, "tactile_paving": null, "traffic_signals:sound": null, "traffic_signals:vibration": null, "direction": null, "traffic_calming": null, "description": null, "man_made": null, "ele": null, "ele:DHHN92": null, "barrier": null, "note": null, "bicycle": null, "stop": null, "red_turn:right:bicycle": null, "red_turn:right": null, "old_name": null, "u": 26853094, "v": 26853090, "key": 0 }, "geometry": { "type": "Point", "coordinates": [ 7.1196988, 50.7515979 ] } },
{ "type": "Feature", "properties": { "element": "node", "id": 11754681901, "highway": "traffic_signals", "traffic_signals": null, "traffic_signals:direction": "backward", "button_operated": null, "check_date:tactile_paving": null, "crossing": null, "source": null, "tactile_paving": null, "traffic_signals:sound": null, "traffic_signals:vibration": null, "direction": null, "traffic_calming": null, "description": null, "man_made": null, "ele": null, "ele:DHHN92": null, "barrier": null, "note": null, "bicycle": null, "stop": null, "red_turn:right:bicycle": null, "red_turn:right": null, "old_name": null, "u": 26853094, "v": 11505069221, "key": 0 }, "geometry": { "type": "Point", "coordinates": [ 7.1194571, 50.7514072 ] } },
{ "type": "Feature", "properties": { "element": "node", "id": 11754681901, "highway": "traffic_signals", "traffic_signals": null, "traffic_signals:direction": "backward", "button_operated": null, "check_date:tactile_paving": null, "crossing": null, "source": null, "tactile_paving": null, "traffic_signals:sound": null, "traffic_signals:vibration": null, "direction": null, "traffic_calming": null, "description": null, "man_made": null, "ele": null, "ele:DHHN92": null, "barrier": null, "note": null, "bicycle": null, "stop": null, "red_turn:right:bicycle": null, "red_turn:right": null, "old_name": null, "u": 11505069221, "v": 26853094, "key": 0 }, "geometry": { "type": "Point", "coordinates": [ 7.1194571, 50.7514072 ] } },
{ "type": "Feature", "properties": { "element": "node", "id": 11754681902, "highway": "traffic_signals", "traffic_signals": null, "traffic_signals:direction": "forward", "button_operated": null, "check_date:tactile_paving": null, "crossing": null, "source": null, "tactile_paving": null, "traffic_signals:sound": null, "traffic_signals:vibration": null, "direction": null, "traffic_calming": null, "description": null, "man_made": null, "ele": null, "ele:DHHN92": null, "barrier": null, "note": null, "bicycle": null, "stop": null, "red_turn:right:bicycle": null, "red_turn:right": null, "old_name": null, "u": 26853094, "v": 26853095, "key": 0 }, "geometry": { "type": "Point", "coordinates": [ 7.119754, 50.7512491 ] } },
{ "type": "Feature", "properties": { "element": "node", "id": 11754681902, "highway": "traffic_signals", "traffic_signals": null, "traffic_signals:direction": "forward", "button_operated": null, "check_date:tactile_paving": null, "crossing": null, "source": null, "tactile_paving": null, "traffic_signals:sound": null, "traffic_signals:vibration": null, "direction": null, "traffic_calming": null, "description": null, "man_made": null, "ele": null, "ele:DHHN92": null, "barrier": null, "note": null, "bicycle": null, "stop": null, "red_turn:right:bicycle": null, "red_turn:right": null, "old_name": null, "u": 26853095, "v": 26853094, "key": 0 }, "geometry": { "type": "Point", "coordinates": [ 7.119754, 50.7512491 ] } },
{ "type": "Feature", "properties": { "element": "node", "id": 11906689831, "highway": "traffic_signals", "traffic_signals": "signal", "traffic_signals:direction": null, "button_operated": null, "check_date:tactile_paving": null, "crossing": null, "source": null, "tactile_paving": null, "traffic_signals:sound": null, "traffic_signals:vibration": null, "direction": null, "traffic_calming": null, "description": null, "man_made": null, "ele": null, "ele:DHHN92": null, "barrier": null, "note": null, "bicycle": null, "stop": null, "red_turn:right:bicycle": null, "red_turn:right": null, "old_name": null, "u": 5383904684, "v": 6139301006, "key": 0 }, "geometry": { "type": "Point", "coordinates": [ 7.0964754, 50.7418241 ] } },
{ "type": "Feature", "properties": { "element": "node", "id": 12258121241, "highway": "traffic_signals", "traffic_signals": "signal", "traffic_signals:direction": "backward", "button_operated": null, "check_date:tactile_paving": null, "crossing": null, "source": null, "tactile_paving": null, "traffic_signals:sound": null, "traffic_signals:vibration": null, "direction": null, "traffic_calming": null, "description": null, "man_made": null, "ele": null, "ele:DHHN92": null, "barrier": null, "note": null, "bicycle": null, "stop": null, "red_turn:right:bicycle": null, "red_turn:right": null, "old_name": null, "u": 31266562, "v": 32562100, "key": 0 }, "geometry": { "type": "Point", "coordinates": [ 7.1255948, 50.7340783 ] } },
{ "type": "Feature", "properties": { "element": "node", "id": 12258121241, "highway": "traffic_signals", "traffic_signals": "signal", "traffic_signals:direction": "backward", "button_operated": null, "check_date:tactile_paving": null, "crossing": null, "source": null, "tactile_paving": null, "traffic_signals:sound": null, "traffic_signals:vibration": null, "direction": null, "traffic_calming": null, "description": null, "man_made": null, "ele": null, "ele:DHHN92": null, "barrier": null, "note": null, "bicycle": null, "stop": null, "red_turn:right:bicycle": null, "red_turn:right": null, "old_name": null, "u": 32562100, "v": 31266562, "key": 0 }, "geometry": { "type": "Point", "coordinates": [ 7.1255948, 50.7340783 ] } },
{ "type": "Feature", "properties": { "element": "node", "id": 12258121242, "highway": "traffic_signals", "traffic_signals": "signal", "traffic_signals:direction": null, "button_operated": null, "check_date:tactile_paving": null, "crossing": null, "source": null, "tactile_paving": null, "traffic_signals:sound": null, "traffic_signals:vibration": null, "direction": null, "traffic_calming": null, "description": null, "man_made": null, "ele": null, "ele:DHHN92": null, "barrier": null, "note": null, "bicycle": null, "stop": null, "red_turn:right:bicycle": null, "red_turn:right": null, "old_name": null, "u": 31266601, "v": 31266562, "key": 0 }, "geometry": { "type": "Point", "coordinates": [ 7.1252097, 50.7340743 ] } },
{ "type": "Feature", "properties": { "element": "node", "id": 12258121246, "highway": "traffic_signals", "traffic_signals": "signal", "traffic_signals:direction": "forward", "button_operated": null, "check_date:tactile_paving": null, "crossing": null, "source": null, "tactile_paving": null, "traffic_signals:sound": null, "traffic_signals:vibration": null, "direction": null, "traffic_calming": null, "description": null, "man_made": null, "ele": null, "ele:DHHN92": null, "barrier": null, "note": null, "bicycle": null, "stop": null, "red_turn:right:bicycle": null, "red_turn:right": null, "old_name": null, "u": 31266557, "v": 31267220, "key": 0 }, "geometry": { "type": "Point", "coordinates": [ 7.1251302, 50.7343849 ] } },
{ "type": "Feature", "properties": { "element": "node", "id": 12258121246, "highway": "traffic_signals", "traffic_signals": "signal", "traffic_signals:direction": "forward", "button_operated": null, "check_date:tactile_paving": null, "crossing": null, "source": null, "tactile_paving": null, "traffic_signals:sound": null, "traffic_signals:vibration": null, "direction": null, "traffic_calming": null, "description": null, "man_made": null, "ele": null, "ele:DHHN92": null, "barrier": null, "note": null, "bicycle": null, "stop": null, "red_turn:right:bicycle": null, "red_turn:right": null, "old_name": null, "u": 31267220, "v": 31266557, "key": 0 }, "geometry": { "type": "Point", "coordinates": [ 7.1251302, 50.7343849 ] } },
{ "type": "Feature", "properties": { "element": "node", "id": 12258121247, "highway": "traffic_signals", "traffic_signals": "signal", "traffic_signals:direction": null, "button_operated": null, "check_date:tactile_paving": null, "crossing": null, "source": null, "tactile_paving": null, "traffic_signals:sound": null, "traffic_signals:vibration": null, "direction": null, "traffic_calming": null, "description": null, "man_made": null, "ele": null, "ele:DHHN92": null, "barrier": null, "note": null, "bicycle": null, "stop": null, "red_turn:right:bicycle": null, "red_turn:right": null, "old_name": null, "u": 330263331, "v": 31266557, "key": 0 }, "geometry": { "type": "Point", "coordinates": [ 7.1254938, 50.7343787 ] } },
{ "type": "Feature", "properties": { "element": "node", "id": 12258147900, "highway": "traffic_signals", "traffic_signals": "signal", "traffic_signals:direction": null, "button_operated": null, "check_date:tactile_paving": null, "crossing": null, "source": null, "tactile_paving": null, "traffic_signals:sound": null, "traffic_signals:vibration": null, "direction": null, "traffic_calming": null, "description": null, "man_made": null, "ele": null, "ele:DHHN92": null, "barrier": null, "note": null, "bicycle": null, "stop": null, "red_turn:right:bicycle": null, "red_turn:right": null, "old_name": null, "u": 379729302, "v": 26672832, "key": 0 }, "geometry": { "type": "Point", "coordinates": [ 7.1228238, 50.7325781 ] } },
{ "type": "Feature", "properties": { "element": "node", "id": 12258187503, "highway": "traffic_signals", "traffic_signals": "signal", "traffic_signals:direction": "forward", "button_operated": null, "check_date:tactile_paving": null, "crossing": null, "source": null, "tactile_paving": null, "traffic_signals:sound": null, "traffic_signals:vibration": null, "direction": null, "traffic_calming": null, "description": null, "man_made": null, "ele": null, "ele:DHHN92": null, "barrier": null, "note": null, "bicycle": null, "stop": null, "red_turn:right:bicycle": null, "red_turn:right": null, "old_name": null, "u": 31942250, "v": 31266558, "key": 0 }, "geometry": { "type": "Point", "coordinates": [ 7.1228194, 50.7328883 ] } },
{ "type": "Feature", "properties": { "element": "node", "id": 12258187503, "highway": "traffic_signals", "traffic_signals": "signal", "traffic_signals:direction": "forward", "button_operated": null, "check_date:tactile_paving": null, "crossing": null, "source": null, "tactile_paving": null, "traffic_signals:sound": null, "traffic_signals:vibration": null, "direction": null, "traffic_calming": null, "description": null, "man_made": null, "ele": null, "ele:DHHN92": null, "barrier": null, "note": null, "bicycle": null, "stop": null, "red_turn:right:bicycle": null, "red_turn:right": null, "old_name": null, "u": 31266558, "v": 31942250, "key": 0 }, "geometry": { "type": "Point", "coordinates": [ 7.1228194, 50.7328883 ] } },
{ "type": "Feature", "properties": { "element": "node", "id": 12258187504, "highway": "traffic_signals", "traffic_signals": "signal", "traffic_signals:direction": null, "button_operated": null, "check_date:tactile_paving": null, "crossing": null, "source": null, "tactile_paving": null, "traffic_signals:sound": null, "traffic_signals:vibration": null, "direction": null, "traffic_calming": null, "description": null, "man_made": null, "ele": null, "ele:DHHN92": null, "barrier": null, "note": null, "bicycle": null, "stop": null, "red_turn:right:bicycle": null, "red_turn:right": null, "old_name": null, "u": 31266817, "v": 31266558, "key": 0 }, "geometry": { "type": "Point", "coordinates": [ 7.1231952, 50.7328963 ] } },
{ "type": "Feature", "properties": { "element": "node", "id": 12258187508, "highway": "traffic_signals", "traffic_signals": "signal", "traffic_signals:direction": "backward", "button_operated": null, "check_date:tactile_paving": null, "crossing": null, "source": null, "tactile_paving": null, "traffic_signals:sound": null, "traffic_signals:vibration": null, "direction": null, "traffic_calming": null, "description": null, "man_made": null, "ele": null, "ele:DHHN92": null, "barrier": null, "note": null, "bicycle": null, "stop": null, "red_turn:right:bicycle": null, "red_turn:right": null, "old_name": null, "u": 31266574, "v": 26672832, "key": 0 }, "geometry": { "type": "Point", "coordinates": [ 7.1231395, 50.7325583 ] } },
{ "type": "Feature", "properties": { "element": "node", "id": 12258187508, "highway": "traffic_signals", "traffic_signals": "signal", "traffic_signals:direction": "backward", "button_operated": null, "check_date:tactile_paving": null, "crossing": null, "source": null, "tactile_paving": null, "traffic_signals:sound": null, "traffic_signals:vibration": null, "direction": null, "traffic_calming": null, "description": null, "man_made": null, "ele": null, "ele:DHHN92": null, "barrier": null, "note": null, "bicycle": null, "stop": null, "red_turn:right:bicycle": null, "red_turn:right": null, "old_name": null, "u": 26672832, "v": 31266574, "key": 0 }, "geometry": { "type": "Point", "coordinates": [ 7.1231395, 50.7325583 ] } },
{ "type": "Feature", "properties": { "element": "node", "id": 12258201116, "highway": "traffic_signals", "traffic_signals": "signal", "traffic_signals:direction": "forward", "button_operated": null, "check_date:tactile_paving": null, "crossing": null, "source": null, "tactile_paving": null, "traffic_signals:sound": null, "traffic_signals:vibration": null, "direction": null, "traffic_calming": null, "description": null, "man_made": null, "ele": null, "ele:DHHN92": null, "barrier": null, "note": null, "bicycle": null, "stop": null, "red_turn:right:bicycle": null, "red_turn:right": null, "old_name": null, "u": 31941691, "v": 26672831, "key": 0 }, "geometry": { "type": "Point", "coordinates": [ 7.1202749, 50.7315135 ] } },
{ "type": "Feature", "properties": { "element": "node", "id": 12258201116, "highway": "traffic_signals", "traffic_signals": "signal", "traffic_signals:direction": "forward", "button_operated": null, "check_date:tactile_paving": null, "crossing": null, "source": null, "tactile_paving": null, "traffic_signals:sound": null, "traffic_signals:vibration": null, "direction": null, "traffic_calming": null, "description": null, "man_made": null, "ele": null, "ele:DHHN92": null, "barrier": null, "note": null, "bicycle": null, "stop": null, "red_turn:right:bicycle": null, "red_turn:right": null, "old_name": null, "u": 26672831, "v": 31941691, "key": 0 }, "geometry": { "type": "Point", "coordinates": [ 7.1202749, 50.7315135 ] } },
{ "type": "Feature", "properties": { "element": "node", "id": 12258201117, "highway": "traffic_signals", "traffic_signals": "signal", "traffic_signals:direction": null, "button_operated": null, "check_date:tactile_paving": null, "crossing": null, "source": null, "tactile_paving": null, "traffic_signals:sound": null, "traffic_signals:vibration": null, "direction": null, "traffic_calming": null, "description": null, "man_made": null, "ele": null, "ele:DHHN92": null, "barrier": null, "note": null, "bicycle": null, "stop": null, "red_turn:right:bicycle": null, "red_turn:right": null, "old_name": null, "u": 379729303, "v": 31266556, "key": 0 }, "geometry": { "type": "Point", "coordinates": [ 7.1202327, 50.7317785 ] } },
{ "type": "Feature", "properties": { "element": "node", "id": 12258201118, "highway": "traffic_signals", "traffic_signals": "signal", "traffic_signals:direction": "forward", "button_operated": null, "check_date:tactile_paving": null, "crossing": null, "source": null, "tactile_paving": null, "traffic_signals:sound": null, "traffic_signals:vibration": null, "direction": null, "traffic_calming": null, "description": null, "man_made": null, "ele": null, "ele:DHHN92": null, "barrier": null, "note": null, "bicycle": null, "stop": null, "red_turn:right:bicycle": null, "red_turn:right": null, "old_name": null, "u": 194155874, "v": 31266556, "key": 0 }, "geometry": { "type": "Point", "coordinates": [ 7.1199882, 50.7318325 ] } },
{ "type": "Feature", "properties": { "element": "node", "id": 12258201118, "highway": "traffic_signals", "traffic_signals": "signal", "traffic_signals:direction": "forward", "button_operated": null, "check_date:tactile_paving": null, "crossing": null, "source": null, "tactile_paving": null, "traffic_signals:sound": null, "traffic_signals:vibration": null, "direction": null, "traffic_calming": null, "description": null, "man_made": null, "ele": null, "ele:DHHN92": null, "barrier": null, "note": null, "bicycle": null, "stop": null, "red_turn:right:bicycle": null, "red_turn:right": null, "old_name": null, "u": 31266556, "v": 194155874, "key": 0 }, "geometry": { "type": "Point", "coordinates": [ 7.1199882, 50.7318325 ] } },
{ "type": "Feature", "properties": { "element": "node", "id": 12258201119, "highway": "traffic_signals", "traffic_signals": "signal", "traffic_signals:direction": null, "button_operated": null, "check_date:tactile_paving": null, "crossing": null, "source": null, "tactile_paving": null, "traffic_signals:sound": null, "traffic_signals:vibration": null, "direction": null, "traffic_calming": null, "description": null, "man_made": null, "ele": null, "ele:DHHN92": null, "barrier": null, "note": null, "bicycle": null, "stop": null, "red_turn:right:bicycle": null, "red_turn:right": null, "old_name": null, "u": 194155879, "v": 26672831, "key": 0 }, "geometry": { "type": "Point", "coordinates": [ 7.1199911, 50.7315462 ] } },
{ "type": "Feature", "properties": { "element": "node", "id": 12292958491, "highway": "traffic_signals", "traffic_signals": null, "traffic_signals:direction": "forward", "button_operated": null, "check_date:tactile_paving": null, "crossing": null, "source": null, "tactile_paving": null, "traffic_signals:sound": null, "traffic_signals:vibration": null, "direction": null, "traffic_calming": null, "description": null, "man_made": null, "ele": null, "ele:DHHN92": null, "barrier": null, "note": null, "bicycle": null, "stop": null, "red_turn:right:bicycle": null, "red_turn:right": null, "old_name": null, "u": 456864587, "v": 321209904, "key": 0 }, "geometry": { "type": "Point", "coordinates": [ 7.1436089, 50.7285533 ] } },
{ "type": "Feature", "properties": { "element": "node", "id": 12292958491, "highway": "traffic_signals", "traffic_signals": null, "traffic_signals:direction": "forward", "button_operated": null, "check_date:tactile_paving": null, "crossing": null, "source": null, "tactile_paving": null, "traffic_signals:sound": null, "traffic_signals:vibration": null, "direction": null, "traffic_calming": null, "description": null, "man_made": null, "ele": null, "ele:DHHN92": null, "barrier": null, "note": null, "bicycle": null, "stop": null, "red_turn:right:bicycle": null, "red_turn:right": null, "old_name": null, "u": 321209904, "v": 456864587, "key": 0 }, "geometry": { "type": "Point", "coordinates": [ 7.1436089, 50.7285533 ] } },
{ "type": "Feature", "properties": { "element": "node", "id": 12292958492, "highway": "traffic_signals", "traffic_signals": null, "traffic_signals:direction": "backward", "button_operated": null, "check_date:tactile_paving": null, "crossing": null, "source": null, "tactile_paving": null, "traffic_signals:sound": null, "traffic_signals:vibration": null, "direction": null, "traffic_calming": null, "description": null, "man_made": null, "ele": null, "ele:DHHN92": null, "barrier": null, "note": null, "bicycle": null, "stop": null, "red_turn:right:bicycle": null, "red_turn:right": null, "old_name": null, "u": 9998437060, "v": 321209904, "key": 0 }, "geometry": { "type": "Point", "coordinates": [ 7.144232, 50.728422 ] } },
{ "type": "Feature", "properties": { "element": "node", "id": 12292958492, "highway": "traffic_signals", "traffic_signals": null, "traffic_signals:direction": "backward", "button_operated": null, "check_date:tactile_paving": null, "crossing": null, "source": null, "tactile_paving": null, "traffic_signals:sound": null, "traffic_signals:vibration": null, "direction": null, "traffic_calming": null, "description": null, "man_made": null, "ele": null, "ele:DHHN92": null, "barrier": null, "note": null, "bicycle": null, "stop": null, "red_turn:right:bicycle": null, "red_turn:right": null, "old_name": null, "u": 321209904, "v": 9998437060, "key": 0 }, "geometry": { "type": "Point", "coordinates": [ 7.144232, 50.728422 ] } },
{ "type": "Feature", "properties": { "element": "node", "id": 12328068661, "highway": "traffic_signals", "traffic_signals": "signal", "traffic_signals:direction": "forward", "button_operated": null, "check_date:tactile_paving": null, "crossing": null, "source": null, "tactile_paving": null, "traffic_signals:sound": null, "traffic_signals:vibration": null, "direction": null, "traffic_calming": null, "description": null, "man_made": null, "ele": null, "ele:DHHN92": null, "barrier": null, "note": null, "bicycle": null, "stop": null, "red_turn:right:bicycle": null, "red_turn:right": null, "old_name": null, "u": 29830628, "v": 26402249, "key": 0 }, "geometry": { "type": "Point", "coordinates": [ 7.0846675, 50.7329149 ] } },
{ "type": "Feature", "properties": { "element": "node", "id": 12328068661, "highway": "traffic_signals", "traffic_signals": "signal", "traffic_signals:direction": "forward", "button_operated": null, "check_date:tactile_paving": null, "crossing": null, "source": null, "tactile_paving": null, "traffic_signals:sound": null, "traffic_signals:vibration": null, "direction": null, "traffic_calming": null, "description": null, "man_made": null, "ele": null, "ele:DHHN92": null, "barrier": null, "note": null, "bicycle": null, "stop": null, "red_turn:right:bicycle": null, "red_turn:right": null, "old_name": null, "u": 26402249, "v": 29830628, "key": 0 }, "geometry": { "type": "Point", "coordinates": [ 7.0846675, 50.7329149 ] } },
{ "type": "Feature", "properties": { "element": "node", "id": 12328068662, "highway": "traffic_signals", "traffic_signals": null, "traffic_signals:direction": "backward", "button_operated": null, "check_date:tactile_paving": null, "crossing": null, "source": null, "tactile_paving": null, "traffic_signals:sound": null, "traffic_signals:vibration": null, "direction": null, "traffic_calming": null, "description": null, "man_made": null, "ele": null, "ele:DHHN92": null, "barrier": null, "note": null, "bicycle": null, "stop": null, "red_turn:right:bicycle": null, "red_turn:right": null, "old_name": null, "u": 36178926, "v": 26402249, "key": 0 }, "geometry": { "type": "Point", "coordinates": [ 7.0842886, 50.7331348 ] } },
{ "type": "Feature", "properties": { "element": "node", "id": 12328068662, "highway": "traffic_signals", "traffic_signals": null, "traffic_signals:direction": "backward", "button_operated": null, "check_date:tactile_paving": null, "crossing": null, "source": null, "tactile_paving": null, "traffic_signals:sound": null, "traffic_signals:vibration": null, "direction": null, "traffic_calming": null, "description": null, "man_made": null, "ele": null, "ele:DHHN92": null, "barrier": null, "note": null, "bicycle": null, "stop": null, "red_turn:right:bicycle": null, "red_turn:right": null, "old_name": null, "u": 26402249, "v": 36178926, "key": 0 }, "geometry": { "type": "Point", "coordinates": [ 7.0842886, 50.7331348 ] } },
{ "type": "Feature", "properties": { "element": "node", "id": 12357448809, "highway": "traffic_signals", "traffic_signals": null, "traffic_signals:direction": "forward", "button_operated": null, "check_date:tactile_paving": null, "crossing": null, "source": null, "tactile_paving": null, "traffic_signals:sound": null, "traffic_signals:vibration": null, "direction": null, "traffic_calming": null, "description": null, "man_made": null, "ele": null, "ele:DHHN92": null, "barrier": null, "note": null, "bicycle": null, "stop": null, "red_turn:right:bicycle": null, "red_turn:right": null, "old_name": null, "u": 31943541, "v": 31943477, "key": 0 }, "geometry": { "type": "Point", "coordinates": [ 7.1251682, 50.7381254 ] } },
{ "type": "Feature", "properties": { "element": "node", "id": 12357448809, "highway": "traffic_signals", "traffic_signals": null, "traffic_signals:direction": "forward", "button_operated": null, "check_date:tactile_paving": null, "crossing": null, "source": null, "tactile_paving": null, "traffic_signals:sound": null, "traffic_signals:vibration": null, "direction": null, "traffic_calming": null, "description": null, "man_made": null, "ele": null, "ele:DHHN92": null, "barrier": null, "note": null, "bicycle": null, "stop": null, "red_turn:right:bicycle": null, "red_turn:right": null, "old_name": null, "u": 31943477, "v": 31943541, "key": 0 }, "geometry": { "type": "Point", "coordinates": [ 7.1251682, 50.7381254 ] } },
{ "type": "Feature", "properties": { "element": "node", "id": 12357448811, "highway": "traffic_signals", "traffic_signals": null, "traffic_signals:direction": "backward", "button_operated": null, "check_date:tactile_paving": null, "crossing": null, "source": null, "tactile_paving": null, "traffic_signals:sound": null, "traffic_signals:vibration": null, "direction": null, "traffic_calming": null, "description": null, "man_made": null, "ele": null, "ele:DHHN92": null, "barrier": null, "note": null, "bicycle": null, "stop": null, "red_turn:right:bicycle": null, "red_turn:right": null, "old_name": null, "u": 31943541, "v": 31943222, "key": 0 }, "geometry": { "type": "Point", "coordinates": [ 7.1251419, 50.7379076 ] } },
{ "type": "Feature", "properties": { "element": "node", "id": 12357448811, "highway": "traffic_signals", "traffic_signals": null, "traffic_signals:direction": "backward", "button_operated": null, "check_date:tactile_paving": null, "crossing": null, "source": null, "tactile_paving": null, "traffic_signals:sound": null, "traffic_signals:vibration": null, "direction": null, "traffic_calming": null, "description": null, "man_made": null, "ele": null, "ele:DHHN92": null, "barrier": null, "note": null, "bicycle": null, "stop": null, "red_turn:right:bicycle": null, "red_turn:right": null, "old_name": null, "u": 31943222, "v": 31943541, "key": 0 }, "geometry": { "type": "Point", "coordinates": [ 7.1251419, 50.7379076 ] } },
{ "type": "Feature", "properties": { "element": "node", "id": 12357448813, "highway": "traffic_signals", "traffic_signals": null, "traffic_signals:direction": "forward", "button_operated": null, "check_date:tactile_paving": null, "crossing": null, "source": null, "tactile_paving": null, "traffic_signals:sound": null, "traffic_signals:vibration": null, "direction": null, "traffic_calming": null, "description": null, "man_made": null, "ele": null, "ele:DHHN92": null, "barrier": null, "note": null, "bicycle": null, "stop": null, "red_turn:right:bicycle": null, "red_turn:right": null, "old_name": null, "u": 246824973, "v": 31943541, "key": 0 }, "geometry": { "type": "Point", "coordinates": [ 7.1257104, 50.7380235 ] } },
{ "type": "Feature", "properties": { "element": "node", "id": 12357448813, "highway": "traffic_signals", "traffic_signals": null, "traffic_signals:direction": "forward", "button_operated": null, "check_date:tactile_paving": null, "crossing": null, "source": null, "tactile_paving": null, "traffic_signals:sound": null, "traffic_signals:vibration": null, "direction": null, "traffic_calming": null, "description": null, "man_made": null, "ele": null, "ele:DHHN92": null, "barrier": null, "note": null, "bicycle": null, "stop": null, "red_turn:right:bicycle": null, "red_turn:right": null, "old_name": null, "u": 31943541, "v": 246824973, "key": 0 }, "geometry": { "type": "Point", "coordinates": [ 7.1257104, 50.7380235 ] } },
{ "type": "Feature", "properties": { "element": "node", "id": 12357448815, "highway": "traffic_signals", "traffic_signals": null, "traffic_signals:direction": "backward", "button_operated": null, "check_date:tactile_paving": null, "crossing": null, "source": null, "tactile_paving": null, "traffic_signals:sound": null, "traffic_signals:vibration": null, "direction": null, "traffic_calming": null, "description": null, "man_made": null, "ele": null, "ele:DHHN92": null, "barrier": null, "note": null, "bicycle": null, "stop": null, "red_turn:right:bicycle": null, "red_turn:right": null, "old_name": null, "u": 249439738, "v": 31943541, "key": 0 }, "geometry": { "type": "Point", "coordinates": [ 7.1256268, 50.737816 ] } },
{ "type": "Feature", "properties": { "element": "node", "id": 12357448815, "highway": "traffic_signals", "traffic_signals": null, "traffic_signals:direction": "backward", "button_operated": null, "check_date:tactile_paving": null, "crossing": null, "source": null, "tactile_paving": null, "traffic_signals:sound": null, "traffic_signals:vibration": null, "direction": null, "traffic_calming": null, "description": null, "man_made": null, "ele": null, "ele:DHHN92": null, "barrier": null, "note": null, "bicycle": null, "stop": null, "red_turn:right:bicycle": null, "red_turn:right": null, "old_name": null, "u": 31943541, "v": 249439738, "key": 0 }, "geometry": { "type": "Point", "coordinates": [ 7.1256268, 50.737816 ] } },
{ "type": "Feature", "properties": { "element": "node", "id": 12357496257, "highway": "traffic_signals", "traffic_signals": "pedestrian_crossing", "traffic_signals:direction": "forward", "button_operated": null, "check_date:tactile_paving": null, "crossing": null, "source": null, "tactile_paving": null, "traffic_signals:sound": null, "traffic_signals:vibration": null, "direction": null, "traffic_calming": null, "description": null, "man_made": null, "ele": null, "ele:DHHN92": null, "barrier": null, "note": null, "bicycle": null, "stop": null, "red_turn:right:bicycle": null, "red_turn:right": null, "old_name": null, "u": 316078410, "v": 1768416447, "key": 0 }, "geometry": { "type": "Point", "coordinates": [ 7.147961, 50.7270627 ] } },
{ "type": "Feature", "properties": { "element": "node", "id": 12357496257, "highway": "traffic_signals", "traffic_signals": "pedestrian_crossing", "traffic_signals:direction": "forward", "button_operated": null, "check_date:tactile_paving": null, "crossing": null, "source": null, "tactile_paving": null, "traffic_signals:sound": null, "traffic_signals:vibration": null, "direction": null, "traffic_calming": null, "description": null, "man_made": null, "ele": null, "ele:DHHN92": null, "barrier": null, "note": null, "bicycle": null, "stop": null, "red_turn:right:bicycle": null, "red_turn:right": null, "old_name": null, "u": 1768416447, "v": 316078410, "key": 0 }, "geometry": { "type": "Point", "coordinates": [ 7.147961, 50.7270627 ] } },
{ "type": "Feature", "properties": { "element": "node", "id": 12366363370, "highway": "traffic_signals", "traffic_signals": null, "traffic_signals:direction": "backward", "button_operated": null, "check_date:tactile_paving": null, "crossing": null, "source": null, "tactile_paving": null, "traffic_signals:sound": null, "traffic_signals:vibration": null, "direction": null, "traffic_calming": null, "description": null, "man_made": null, "ele": null, "ele:DHHN92": null, "barrier": null, "note": null, "bicycle": null, "stop": null, "red_turn:right:bicycle": null, "red_turn:right": null, "old_name": null, "u": 26672836, "v": 31324593, "key": 0 }, "geometry": { "type": "Point", "coordinates": [ 7.133337, 50.7254448 ] } },
{ "type": "Feature", "properties": { "element": "node", "id": 12366363370, "highway": "traffic_signals", "traffic_signals": null, "traffic_signals:direction": "backward", "button_operated": null, "check_date:tactile_paving": null, "crossing": null, "source": null, "tactile_paving": null, "traffic_signals:sound": null, "traffic_signals:vibration": null, "direction": null, "traffic_calming": null, "description": null, "man_made": null, "ele": null, "ele:DHHN92": null, "barrier": null, "note": null, "bicycle": null, "stop": null, "red_turn:right:bicycle": null, "red_turn:right": null, "old_name": null, "u": 31324593, "v": 26672836, "key": 0 }, "geometry": { "type": "Point", "coordinates": [ 7.133337, 50.7254448 ] } },
{ "type": "Feature", "properties": { "element": "node", "id": 12366363371, "highway": "traffic_signals", "traffic_signals": null, "traffic_signals:direction": "backward", "button_operated": null, "check_date:tactile_paving": null, "crossing": null, "source": null, "tactile_paving": null, "traffic_signals:sound": null, "traffic_signals:vibration": null, "direction": null, "traffic_calming": null, "description": null, "man_made": null, "ele": null, "ele:DHHN92": null, "barrier": null, "note": null, "bicycle": null, "stop": null, "red_turn:right:bicycle": null, "red_turn:right": null, "old_name": null, "u": 31946629, "v": 31324593, "key": 0 }, "geometry": { "type": "Point", "coordinates": [ 7.1333068, 50.7256356 ] } },
{ "type": "Feature", "properties": { "element": "node", "id": 12366363371, "highway": "traffic_signals", "traffic_signals": null, "traffic_signals:direction": "backward", "button_operated": null, "check_date:tactile_paving": null, "crossing": null, "source": null, "tactile_paving": null, "traffic_signals:sound": null, "traffic_signals:vibration": null, "direction": null, "traffic_calming": null, "description": null, "man_made": null, "ele": null, "ele:DHHN92": null, "barrier": null, "note": null, "bicycle": null, "stop": null, "red_turn:right:bicycle": null, "red_turn:right": null, "old_name": null, "u": 31324593, "v": 31946629, "key": 0 }, "geometry": { "type": "Point", "coordinates": [ 7.1333068, 50.7256356 ] } },
{ "type": "Feature", "properties": { "element": "node", "id": 12366363372, "highway": "traffic_signals", "traffic_signals": null, "traffic_signals:direction": "forward", "button_operated": null, "check_date:tactile_paving": null, "crossing": null, "source": null, "tactile_paving": null, "traffic_signals:sound": null, "traffic_signals:vibration": null, "direction": null, "traffic_calming": null, "description": null, "man_made": null, "ele": null, "ele:DHHN92": null, "barrier": null, "note": null, "bicycle": null, "stop": null, "red_turn:right:bicycle": null, "red_turn:right": null, "old_name": null, "u": 31324593, "v": 31267179, "key": 0 }, "geometry": { "type": "Point", "coordinates": [ 7.1329553, 50.7255857 ] } },
{ "type": "Feature", "properties": { "element": "node", "id": 12366363372, "highway": "traffic_signals", "traffic_signals": null, "traffic_signals:direction": "forward", "button_operated": null, "check_date:tactile_paving": null, "crossing": null, "source": null, "tactile_paving": null, "traffic_signals:sound": null, "traffic_signals:vibration": null, "direction": null, "traffic_calming": null, "description": null, "man_made": null, "ele": null, "ele:DHHN92": null, "barrier": null, "note": null, "bicycle": null, "stop": null, "red_turn:right:bicycle": null, "red_turn:right": null, "old_name": null, "u": 31267179, "v": 31324593, "key": 0 }, "geometry": { "type": "Point", "coordinates": [ 7.1329553, 50.7255857 ] } },
{ "type": "Feature", "properties": { "element": "node", "id": 12366363373, "highway": "traffic_signals", "traffic_signals": null, "traffic_signals:direction": "forward", "button_operated": null, "check_date:tactile_paving": null, "crossing": null, "source": null, "tactile_paving": null, "traffic_signals:sound": null, "traffic_signals:vibration": null, "direction": null, "traffic_calming": null, "description": null, "man_made": null, "ele": null, "ele:DHHN92": null, "barrier": null, "note": null, "bicycle": null, "stop": null, "red_turn:right:bicycle": null, "red_turn:right": null, "old_name": null, "u": 31934144, "v": 31324593, "key": 0 }, "geometry": { "type": "Point", "coordinates": [ 7.1330007, 50.7253877 ] } },
{ "type": "Feature", "properties": { "element": "node", "id": 12366363373, "highway": "traffic_signals", "traffic_signals": null, "traffic_signals:direction": "forward", "button_operated": null, "check_date:tactile_paving": null, "crossing": null, "source": null, "tactile_paving": null, "traffic_signals:sound": null, "traffic_signals:vibration": null, "direction": null, "traffic_calming": null, "description": null, "man_made": null, "ele": null, "ele:DHHN92": null, "barrier": null, "note": null, "bicycle": null, "stop": null, "red_turn:right:bicycle": null, "red_turn:right": null, "old_name": null, "u": 31324593, "v": 31934144, "key": 0 }, "geometry": { "type": "Point", "coordinates": [ 7.1330007, 50.7253877 ] } },
{ "type": "Feature", "properties": { "element": "node", "id": 12366495258, "highway": "traffic_signals", "traffic_signals": null, "traffic_signals:direction": "backward", "button_operated": null, "check_date:tactile_paving": null, "crossing": null, "source": null, "tactile_paving": null, "traffic_signals:sound": null, "traffic_signals:vibration": null, "direction": null, "traffic_calming": null, "description": null, "man_made": null, "ele": null, "ele:DHHN92": null, "barrier": null, "note": null, "bicycle": null, "stop": null, "red_turn:right:bicycle": null, "red_turn:right": null, "old_name": null, "u": 31267179, "v": 31946808, "key": 0 }, "geometry": { "type": "Point", "coordinates": [ 7.1304215, 50.7269087 ] } },
{ "type": "Feature", "properties": { "element": "node", "id": 12366495258, "highway": "traffic_signals", "traffic_signals": null, "traffic_signals:direction": "backward", "button_operated": null, "check_date:tactile_paving": null, "crossing": null, "source": null, "tactile_paving": null, "traffic_signals:sound": null, "traffic_signals:vibration": null, "direction": null, "traffic_calming": null, "description": null, "man_made": null, "ele": null, "ele:DHHN92": null, "barrier": null, "note": null, "bicycle": null, "stop": null, "red_turn:right:bicycle": null, "red_turn:right": null, "old_name": null, "u": 31946808, "v": 31267179, "key": 0 }, "geometry": { "type": "Point", "coordinates": [ 7.1304215, 50.7269087 ] } },
{ "type": "Feature", "properties": { "element": "node", "id": 12366495259, "highway": "traffic_signals", "traffic_signals": null, "traffic_signals:direction": "forward", "button_operated": null, "check_date:tactile_paving": null, "crossing": null, "source": null, "tactile_paving": null, "traffic_signals:sound": null, "traffic_signals:vibration": null, "direction": null, "traffic_calming": null, "description": null, "man_made": null, "ele": null, "ele:DHHN92": null, "barrier": null, "note": null, "bicycle": null, "stop": null, "red_turn:right:bicycle": null, "red_turn:right": null, "old_name": null, "u": 318156021, "v": 31267179, "key": 0 }, "geometry": { "type": "Point", "coordinates": [ 7.1300253, 50.7269201 ] } },
{ "type": "Feature", "properties": { "element": "node", "id": 12366495259, "highway": "traffic_signals", "traffic_signals": null, "traffic_signals:direction": "forward", "button_operated": null, "check_date:tactile_paving": null, "crossing": null, "source": null, "tactile_paving": null, "traffic_signals:sound": null, "traffic_signals:vibration": null, "direction": null, "traffic_calming": null, "description": null, "man_made": null, "ele": null, "ele:DHHN92": null, "barrier": null, "note": null, "bicycle": null, "stop": null, "red_turn:right:bicycle": null, "red_turn:right": null, "old_name": null, "u": 31267179, "v": 318156021, "key": 0 }, "geometry": { "type": "Point", "coordinates": [ 7.1300253, 50.7269201 ] } },
{ "type": "Feature", "properties": { "element": "node", "id": 12366495261, "highway": "traffic_signals", "traffic_signals": null, "traffic_signals:direction": "forward", "button_operated": null, "check_date:tactile_paving": null, "crossing": null, "source": null, "tactile_paving": null, "traffic_signals:sound": null, "traffic_signals:vibration": null, "direction": null, "traffic_calming": null, "description": null, "man_made": null, "ele": null, "ele:DHHN92": null, "barrier": null, "note": null, "bicycle": null, "stop": null, "red_turn:right:bicycle": null, "red_turn:right": null, "old_name": null, "u": 31267179, "v": 31933927, "key": 0 }, "geometry": { "type": "Point", "coordinates": [ 7.1300513, 50.7266597 ] } },
{ "type": "Feature", "properties": { "element": "node", "id": 12366495261, "highway": "traffic_signals", "traffic_signals": null, "traffic_signals:direction": "forward", "button_operated": null, "check_date:tactile_paving": null, "crossing": null, "source": null, "tactile_paving": null, "traffic_signals:sound": null, "traffic_signals:vibration": null, "direction": null, "traffic_calming": null, "description": null, "man_made": null, "ele": null, "ele:DHHN92": null, "barrier": null, "note": null, "bicycle": null, "stop": null, "red_turn:right:bicycle": null, "red_turn:right": null, "old_name": null, "u": 31933927, "v": 31267179, "key": 0 }, "geometry": { "type": "Point", "coordinates": [ 7.1300513, 50.7266597 ] } },
{ "type": "Feature", "properties": { "element": "node", "id": 12366495263, "highway": "traffic_signals", "traffic_signals": null, "traffic_signals:direction": "backward", "button_operated": null, "check_date:tactile_paving": null, "crossing": null, "source": null, "tactile_paving": null, "traffic_signals:sound": null, "traffic_signals:vibration": null, "direction": null, "traffic_calming": null, "description": null, "man_made": null, "ele": null, "ele:DHHN92": null, "barrier": null, "note": null, "bicycle": null, "stop": null, "red_turn:right:bicycle": null, "red_turn:right": null, "old_name": null, "u": 31324593, "v": 31267179, "key": 0 }, "geometry": { "type": "Point", "coordinates": [ 7.1304543, 50.7266844 ] } },
{ "type": "Feature", "properties": { "element": "node", "id": 12366495263, "highway": "traffic_signals", "traffic_signals": null, "traffic_signals:direction": "backward", "button_operated": null, "check_date:tactile_paving": null, "crossing": null, "source": null, "tactile_paving": null, "traffic_signals:sound": null, "traffic_signals:vibration": null, "direction": null, "traffic_calming": null, "description": null, "man_made": null, "ele": null, "ele:DHHN92": null, "barrier": null, "note": null, "bicycle": null, "stop": null, "red_turn:right:bicycle": null, "red_turn:right": null, "old_name": null, "u": 31267179, "v": 31324593, "key": 0 }, "geometry": { "type": "Point", "coordinates": [ 7.1304543, 50.7266844 ] } },
{ "type": "Feature", "properties": { "element": "node", "id": 12366511331, "highway": "traffic_signals", "traffic_signals": null, "traffic_signals:direction": "forward", "button_operated": null, "check_date:tactile_paving": null, "crossing": null, "source": null, "tactile_paving": null, "traffic_signals:sound": null, "traffic_signals:vibration": null, "direction": null, "traffic_calming": null, "description": null, "man_made": null, "ele": null, "ele:DHHN92": null, "barrier": null, "note": null, "bicycle": null, "stop": null, "red_turn:right:bicycle": null, "red_turn:right": null, "old_name": null, "u": 31942278, "v": 31942250, "key": 0 }, "geometry": { "type": "Point", "coordinates": [ 7.1212945, 50.7346009 ] } },
{ "type": "Feature", "properties": { "element": "node", "id": 12366511331, "highway": "traffic_signals", "traffic_signals": null, "traffic_signals:direction": "forward", "button_operated": null, "check_date:tactile_paving": null, "crossing": null, "source": null, "tactile_paving": null, "traffic_signals:sound": null, "traffic_signals:vibration": null, "direction": null, "traffic_calming": null, "description": null, "man_made": null, "ele": null, "ele:DHHN92": null, "barrier": null, "note": null, "bicycle": null, "stop": null, "red_turn:right:bicycle": null, "red_turn:right": null, "old_name": null, "u": 31942250, "v": 31942278, "key": 0 }, "geometry": { "type": "Point", "coordinates": [ 7.1212945, 50.7346009 ] } },
{ "type": "Feature", "properties": { "element": "node", "id": 12366511332, "highway": "traffic_signals", "traffic_signals": null, "traffic_signals:direction": "backward", "button_operated": null, "check_date:tactile_paving": null, "crossing": null, "source": null, "tactile_paving": null, "traffic_signals:sound": null, "traffic_signals:vibration": null, "direction": null, "traffic_calming": null, "description": null, "man_made": null, "ele": null, "ele:DHHN92": null, "barrier": null, "note": null, "bicycle": null, "stop": null, "red_turn:right:bicycle": null, "red_turn:right": null, "old_name": null, "u": 31942278, "v": 31941970, "key": 0 }, "geometry": { "type": "Point", "coordinates": [ 7.1210165, 50.7346613 ] } },
{ "type": "Feature", "properties": { "element": "node", "id": 12366511332, "highway": "traffic_signals", "traffic_signals": null, "traffic_signals:direction": "backward", "button_operated": null, "check_date:tactile_paving": null, "crossing": null, "source": null, "tactile_paving": null, "traffic_signals:sound": null, "traffic_signals:vibration": null, "direction": null, "traffic_calming": null, "description": null, "man_made": null, "ele": null, "ele:DHHN92": null, "barrier": null, "note": null, "bicycle": null, "stop": null, "red_turn:right:bicycle": null, "red_turn:right": null, "old_name": null, "u": 31941970, "v": 31942278, "key": 0 }, "geometry": { "type": "Point", "coordinates": [ 7.1210165, 50.7346613 ] } },
{ "type": "Feature", "properties": { "element": "node", "id": 12366511333, "highway": "traffic_signals", "traffic_signals": null, "traffic_signals:direction": "forward", "button_operated": null, "check_date:tactile_paving": null, "crossing": null, "source": null, "tactile_paving": null, "traffic_signals:sound": null, "traffic_signals:vibration": null, "direction": null, "traffic_calming": null, "description": null, "man_made": null, "ele": null, "ele:DHHN92": null, "barrier": null, "note": null, "bicycle": null, "stop": null, "red_turn:right:bicycle": null, "red_turn:right": null, "old_name": null, "u": 31942278, "v": 31266818, "key": 0 }, "geometry": { "type": "Point", "coordinates": [ 7.1214454, 50.7347977 ] } },
{ "type": "Feature", "properties": { "element": "node", "id": 12366511333, "highway": "traffic_signals", "traffic_signals": null, "traffic_signals:direction": "forward", "button_operated": null, "check_date:tactile_paving": null, "crossing": null, "source": null, "tactile_paving": null, "traffic_signals:sound": null, "traffic_signals:vibration": null, "direction": null, "traffic_calming": null, "description": null, "man_made": null, "ele": null, "ele:DHHN92": null, "barrier": null, "note": null, "bicycle": null, "stop": null, "red_turn:right:bicycle": null, "red_turn:right": null, "old_name": null, "u": 31266818, "v": 31942278, "key": 0 }, "geometry": { "type": "Point", "coordinates": [ 7.1214454, 50.7347977 ] } },
{ "type": "Feature", "properties": { "element": "node", "id": 12366511334, "highway": "traffic_signals", "traffic_signals": null, "traffic_signals:direction": "backward", "button_operated": null, "check_date:tactile_paving": null, "crossing": null, "source": null, "tactile_paving": null, "traffic_signals:sound": null, "traffic_signals:vibration": null, "direction": null, "traffic_calming": null, "description": null, "man_made": null, "ele": null, "ele:DHHN92": null, "barrier": null, "note": null, "bicycle": null, "stop": null, "red_turn:right:bicycle": null, "red_turn:right": null, "old_name": null, "u": 31942278, "v": 31942706, "key": 0 }, "geometry": { "type": "Point", "coordinates": [ 7.1211895, 50.734887 ] } },
{ "type": "Feature", "properties": { "element": "node", "id": 12366511334, "highway": "traffic_signals", "traffic_signals": null, "traffic_signals:direction": "backward", "button_operated": null, "check_date:tactile_paving": null, "crossing": null, "source": null, "tactile_paving": null, "traffic_signals:sound": null, "traffic_signals:vibration": null, "direction": null, "traffic_calming": null, "description": null, "man_made": null, "ele": null, "ele:DHHN92": null, "barrier": null, "note": null, "bicycle": null, "stop": null, "red_turn:right:bicycle": null, "red_turn:right": null, "old_name": null, "u": 31942706, "v": 31942278, "key": 0 }, "geometry": { "type": "Point", "coordinates": [ 7.1211895, 50.734887 ] } }
]
}
